[
{
  "model": "sessions.session",
  "pk": "1q919dqftrhhjx1chmq5534yb33us4he",
  "fields": {
    "session_data": ".eJxVi8EKQiEQRf_FdTx0RF-2DPoOmdEZlMogfavo33tCi1rec-55qYjbKHHr_Iw1q5My6vDLCNOV2xRz9mUabqMmHPXRlssd6-38_fyFBXvZK4fgkyHwOYhxjFocGFnTTolCyEdGpkACAmlFCw6Ct4QC2eqsCdT7AzjsNgo:1v0wGY:CGvh8oTt1KibMDhLkk9DT-RymBFLbW9HbzMT0Zx8lhI",
    "expire_date": "2025-10-07T06:12:42.461Z"
  }
},
{
  "model": "sessions.session",
  "pk": "1u0m7vny278me7af475ua2oam5fi0qrf",
  "fields": {
    "session_data": ".eJxVi8EKQiEQRf_FdTx0RF-2DPoOmdEZlMogfavo33tCi1rec-55qYjbKHHr_Iw1q5My6vDLCNOV2xRz9mUabqMmHPXRlssd6-38_fyFBXvZK4fgkyHwOYhxjFocGFnTTolCyEdGpkACAmlFCw6Ct4QC2eqsCdT7AzjsNgo:1vhhyt:m9qFbO9QEAJ7kPqK-rQJH7TMRte_8oFdKYAD90oX5ks",
    "expire_date": "2026-02-02T05:39:15.207Z"
  }
},
{
  "model": "sessions.session",
  "pk": "2592a7fgc6dt6j9sn3ie39qn65zn6l9t",
  "fields": {
    "session_data": ".eJxVi8EKQiEQRf_FdTx0RF-2DPoOmdEZlMogfavo33tCi1rec-55qYjbKHHr_Iw1q5My6vDLCNOV2xRz9mUabqMmHPXRlssd6-38_fyFBXvZK4fgkyHwOYhxjFocGFnTTolCyEdGpkACAmlFCw6Ct4QC2eqsCdT7AzjsNgo:1uyk9j:VxkgWUNF2L6l_SsnUk9Rwmbi_fom5CGVYm1giU60nEs",
    "expire_date": "2025-10-01T04:52:35.042Z"
  }
},
{
  "model": "sessions.session",
  "pk": "2ldug2d6ytuiuzhs8vzvyz7b35g2m4ml",
  "fields": {
    "session_data": ".eJxVi8EKQiEQRf_FdTx0RF-2DPoOmdEZlMogfavo33tCi1rec-55qYjbKHHr_Iw1q5My6vDLCNOV2xRz9mUabqMmHPXRlssd6-38_fyFBXvZK4fgkyHwOYhxjFocGFnTTolCyEdGpkACAmlFCw6Ct4QC2eqsCdT7AzjsNgo:1uyu0u:CK2wnLZNXPsx-LoAi2flaEXV06mgg6JOTzSXQ8_k4aM",
    "expire_date": "2025-10-01T15:24:08.686Z"
  }
},
{
  "model": "sessions.session",
  "pk": "2s79uuzrejpgo4flooioa0d6wi204zc4",
  "fields": {
    "session_data": ".eJxVi8EKQiEQRf_FdTx0RF-2DPoOmdEZlMogfavo33tCi1rec-55qYjbKHHr_Iw1q5My6vDLCNOV2xRz9mUabqMmHPXRlssd6-38_fyFBXvZK4fgkyHwOYhxjFocGFnTTolCyEdGpkACAmlFCw6Ct4QC2eqsCdT7AzjsNgo:1v1fZ6:W5OYyaHiNhyO1TsAnftr5OUJ20VCkPlvhVleuEp3D0k",
    "expire_date": "2025-10-09T06:34:52.239Z"
  }
},
{
  "model": "sessions.session",
  "pk": "3qxupvdrjk3a519rip4cscsio0287d4g",
  "fields": {
    "session_data": ".eJxVi8EKQiEQRf_FdTx0RF-2DPoOmdEZlMogfavo33tCi1rec-55qYjbKHHr_Iw1q5My6vDLCNOV2xRz9mUabqMmHPXRlssd6-38_fyFBXvZK4fgkyHwOYhxjFocGFnTTolCyEdGpkACAmlFCw6Ct4QC2eqsCdT7AzjsNgo:1vhLDR:8Sy3IxzCUdEC86zzaw7pl1vwG_EQsz7SN6B1X3_Z-bs",
    "expire_date": "2026-02-01T05:20:45.860Z"
  }
},
{
  "model": "sessions.session",
  "pk": "8ed5ba1m5g3cvmkava294tts2lmrgpaf",
  "fields": {
    "session_data": ".eJxVi8EKQiEQRf_FdTx0RF-2DPoOmdEZlMogfavo33tCi1rec-55qYjbKHHr_Iw1q5My6vDLCNOV2xRz9mUabqMmHPXRlssd6-38_fyFBXvZK4fgkyHwOYhxjFocGFnTTolCyEdGpkACAmlFCw6Ct4QC2eqsCdT7AzjsNgo:1vbCvq:dB2nXn816iCUP20aM0kuFNxZJGd3pyc9Deqhn9Bdadw",
    "expire_date": "2026-01-15T07:17:14.477Z"
  }
},
{
  "model": "sessions.session",
  "pk": "8hzrurxeyc8fi2nowvldyaztzpg53j9k",
  "fields": {
    "session_data": ".eJxVi8EKQiEQRf_FdTx0RF-2DPoOmdEZlMogfavo33tCi1rec-55qYjbKHHr_Iw1q5My6vDLCNOV2xRz9mUabqMmHPXRlssd6-38_fyFBXvZK4fgkyHwOYhxjFocGFnTTolCyEdGpkACAmlFCw6Ct4QC2eqsCdT7AzjsNgo:1vfY6Z:4Xt_JJJI1OnMebIYHYmf9qow0i5kYJJxW_6HYLE43iU",
    "expire_date": "2026-01-27T06:42:15.878Z"
  }
},
{
  "model": "sessions.session",
  "pk": "8qtrzy236pzi15fpw5srxoudyhu6mkr5",
  "fields": {
    "session_data": ".eJxVi8EKQiEQRf_FdTx0RF-2DPoOmdEZlMogfavo33tCi1rec-55qYjbKHHr_Iw1q5My6vDLCNOV2xRz9mUabqMmHPXRlssd6-38_fyFBXvZK4fgkyHwOYhxjFocGFnTTolCyEdGpkACAmlFCw6Ct4QC2eqsCdT7AzjsNgo:1vRr93:ZZfyyKEakMX5bRRcOEXHWVuIosOTCOkhkXPfVoX1NWk",
    "expire_date": "2025-12-20T12:12:13.837Z"
  }
},
{
  "model": "sessions.session",
  "pk": "8vjyhk9j7jfu2papknm3fd6kvdcz36gt",
  "fields": {
    "session_data": ".eJxVi8EKQiEQRf_FdTx0RF-2DPoOmdEZlMogfavo33tCi1rec-55qYjbKHHr_Iw1q5My6vDLCNOV2xRz9mUabqMmHPXRlssd6-38_fyFBXvZK4fgkyHwOYhxjFocGFnTTolCyEdGpkACAmlFCw6Ct4QC2eqsCdT7AzjsNgo:1uy1vk:zKF8YZYLhqL4uGueRIHlRlDKlvoOSRaY4ERGaF6dmIM",
    "expire_date": "2025-09-29T05:39:12.393Z"
  }
},
{
  "model": "sessions.session",
  "pk": "9ltytgtw6hm8o5kwvdqsn5oa78yutb71",
  "fields": {
    "session_data": ".eJxVi8EKQiEQRf_FdTx0RF-2DPoOmdEZlMogfavo33tCi1rec-55qYjbKHHr_Iw1q5My6vDLCNOV2xRz9mUabqMmHPXRlssd6-38_fyFBXvZK4fgkyHwOYhxjFocGFnTTolCyEdGpkACAmlFCw6Ct4QC2eqsCdT7AzjsNgo:1v1LCx:ZqhaVGcoffTA0nPDZM9SjUgjtqi7dNeFzsrPnY3m7Gg",
    "expire_date": "2025-10-08T08:50:39.368Z"
  }
},
{
  "model": "sessions.session",
  "pk": "d09ggl72unnl47qqsm9xm74clb5g4wcb",
  "fields": {
    "session_data": ".eJxVi8EKQiEQRf_FdTx0RF-2DPoOmdEZlMogfavo33tCi1rec-55qYjbKHHr_Iw1q5My6vDLCNOV2xRz9mUabqMmHPXRlssd6-38_fyFBXvZK4fgkyHwOYhxjFocGFnTTolCyEdGpkACAmlFCw6Ct4QC2eqsCdT7AzjsNgo:1vBWcB:BDN2N8wkVWu-FwrPyGgRoZREFqkA4agjR2s-IXz5ZMI",
    "expire_date": "2025-11-05T11:02:47.608Z"
  }
},
{
  "model": "sessions.session",
  "pk": "d5dhueblcxupqjem8nfci9j3smzobkwi",
  "fields": {
    "session_data": ".eJxVi8EKQiEQRf_FdTx0RF-2DPoOmdEZlMogfavo33tCi1rec-55qYjbKHHr_Iw1q5My6vDLCNOV2xRz9mUabqMmHPXRlssd6-38_fyFBXvZK4fgkyHwOYhxjFocGFnTTolCyEdGpkACAmlFCw6Ct4QC2eqsCdT7AzjsNgo:1vgzZi:3XOSTSkELYqtZleHAB-kbsAHi1bDaBSqImUoDtWQZRQ",
    "expire_date": "2026-01-31T06:14:18.603Z"
  }
},
{
  "model": "sessions.session",
  "pk": "f4naok02uf87xcq03j1n1c2tpy7db29i",
  "fields": {
    "session_data": ".eJxVi8EKQiEQRf_FdTx0RF-2DPoOmdEZlMogfavo33tCi1rec-55qYjbKHHr_Iw1q5My6vDLCNOV2xRz9mUabqMmHPXRlssd6-38_fyFBXvZK4fgkyHwOYhxjFocGFnTTolCyEdGpkACAmlFCw6Ct4QC2eqsCdT7AzjsNgo:1uxIDX:MKTAdLRGlla7tvwspKB9QBsv5twX2J98i7D7IlQW96o",
    "expire_date": "2025-09-27T04:50:31.658Z"
  }
},
{
  "model": "sessions.session",
  "pk": "fkdsxb99nsy0uzow8kcxqui12wswwz1r",
  "fields": {
    "session_data": ".eJxVi8EKQiEQRf_FdTx0RF-2DPoOmdEZlMogfavo33tCi1rec-55qYjbKHHr_Iw1q5My6vDLCNOV2xRz9mUabqMmHPXRlssd6-38_fyFBXvZK4fgkyHwOYhxjFocGFnTTolCyEdGpkACAmlFCw6Ct4QC2eqsCdT7AzjsNgo:1vsJ8i:BAem81swVpC2hG0PJkhlF8xmmSfkKOamBSTCiwzy7iA",
    "expire_date": "2026-03-03T11:21:12.325Z"
  }
},
{
  "model": "sessions.session",
  "pk": "jooc4h2xkljw6r36xgxkasmhzomraimy",
  "fields": {
    "session_data": ".eJxVi8EKQiEQRf_FdTx0RF-2DPoOmdEZlMogfavo33tCi1rec-55qYjbKHHr_Iw1q5My6vDLCNOV2xRz9mUabqMmHPXRlssd6-38_fyFBXvZK4fgkyHwOYhxjFocGFnTTolCyEdGpkACAmlFCw6Ct4QC2eqsCdT7AzjsNgo:1vBREi:x8SJVJuQJ0gv4wpRnSBDAgvIISKFI9bgFbtkrb_oL08",
    "expire_date": "2025-11-05T05:18:12.304Z"
  }
},
{
  "model": "sessions.session",
  "pk": "jyklfx1hrfl2s21ytpv3jdel5ujy3tg0",
  "fields": {
    "session_data": ".eJxVi8EKQiEQRf_FdTx0RF-2DPoOmdEZlMogfavo33tCi1rec-55qYjbKHHr_Iw1q5My6vDLCNOV2xRz9mUabqMmHPXRlssd6-38_fyFBXvZK4fgkyHwOYhxjFocGFnTTolCyEdGpkACAmlFCw6Ct4QC2eqsCdT7AzjsNgo:1vBrhi:T_WZPOeo7QHsXJpgdSZDGBE4YTF99kiqqtoYBAisbaA",
    "expire_date": "2025-11-06T09:33:54.462Z"
  }
},
{
  "model": "sessions.session",
  "pk": "k3z8vzcye0f9jf8l7c56h9gpxaj16k08",
  "fields": {
    "session_data": ".eJxVi8EKQiEQRf_FdTx0RF-2DPoOmdEZlMogfavo33tCi1rec-55qYjbKHHr_Iw1q5My6vDLCNOV2xRz9mUabqMmHPXRlssd6-38_fyFBXvZK4fgkyHwOYhxjFocGFnTTolCyEdGpkACAmlFCw6Ct4QC2eqsCdT7AzjsNgo:1w8JVV:6dF5jAxoExd3Myo1Ht_XM6lAu-hdu27Eej1vrXZ5Vn8",
    "expire_date": "2026-04-16T14:58:53.004Z"
  }
},
{
  "model": "sessions.session",
  "pk": "kc9bqns032jz4sl9uv4miaf3gj1dyjka",
  "fields": {
    "session_data": ".eJxVi8EKQiEQRf_FdTx0RF-2DPoOmdEZlMogfavo33tCi1rec-55qYjbKHHr_Iw1q5My6vDLCNOV2xRz9mUabqMmHPXRlssd6-38_fyFBXvZK4fgkyHwOYhxjFocGFnTTolCyEdGpkACAmlFCw6Ct4QC2eqsCdT7AzjsNgo:1vcM2v:hfReHqo75-69vh6na7jdXpceqwWXlMRA6lkJvGOd1JE",
    "expire_date": "2026-01-18T11:13:17.173Z"
  }
},
{
  "model": "sessions.session",
  "pk": "kcxt0uovhcacfuu0kjuda6nfzpb7f87e",
  "fields": {
    "session_data": ".eJxVi8EKQiEQRf_FdTx0RF-2DPoOmdEZlMogfavo33tCi1rec-55qYjbKHHr_Iw1q5My6vDLCNOV2xRz9mUabqMmHPXRlssd6-38_fyFBXvZK4fgkyHwOYhxjFocGFnTTolCyEdGpkACAmlFCw6Ct4QC2eqsCdT7AzjsNgo:1vLb6K:IEF9AT7wsS6K7BLVC7J_q_9U2OYuL5iMV90Jqp3Ktfg",
    "expire_date": "2025-12-03T05:51:32.537Z"
  }
},
{
  "model": "sessions.session",
  "pk": "kg6y032wre59fpkhmvcp1muf6bfs4fp4",
  "fields": {
    "session_data": ".eJxVi8EKQiEQRf_FdTx0RF-2DPoOmdEZlMogfavo33tCi1rec-55qYjbKHHr_Iw1q5My6vDLCNOV2xRz9mUabqMmHPXRlssd6-38_fyFBXvZK4fgkyHwOYhxjFocGFnTTolCyEdGpkACAmlFCw6Ct4QC2eqsCdT7AzjsNgo:1vhiMU:r_f39kjezbYY3QDR-_7YYx7TPseFxhXS1qKJoI8gd9A",
    "expire_date": "2026-02-02T06:03:38.885Z"
  }
},
{
  "model": "sessions.session",
  "pk": "kuri99lyztlqw5puehcm1felgim1l81b",
  "fields": {
    "session_data": ".eJxVi8EKQiEQRf_FdTx0RF-2DPoOmdEZlMogfavo33tCi1rec-55qYjbKHHr_Iw1q5My6vDLCNOV2xRz9mUabqMmHPXRlssd6-38_fyFBXvZK4fgkyHwOYhxjFocGFnTTolCyEdGpkACAmlFCw6Ct4QC2eqsCdT7AzjsNgo:1vXvsK:0Q8Kmmzk7mx4gpiBPVLQzVol2YA7J8Ulf_wUcsF67pk",
    "expire_date": "2026-01-06T06:28:04.495Z"
  }
},
{
  "model": "sessions.session",
  "pk": "q47ivia3gurr0pi4ca7a5cko3i7l8zip",
  "fields": {
    "session_data": ".eJxVi8EKQiEQRf_FdTx0RF-2DPoOmdEZlMogfavo33tCi1rec-55qYjbKHHr_Iw1q5My6vDLCNOV2xRz9mUabqMmHPXRlssd6-38_fyFBXvZK4fgkyHwOYhxjFocGFnTTolCyEdGpkACAmlFCw6Ct4QC2eqsCdT7AzjsNgo:1uxLdk:82ffatflrN7kuGrR0wpQAbNQ9RdIh0pBYGOyInuxGQA",
    "expire_date": "2025-09-27T08:29:48.959Z"
  }
},
{
  "model": "sessions.session",
  "pk": "qm4ktgdlxcfua447e3j2r2h7m4wtjx8s",
  "fields": {
    "session_data": ".eJxVi8EKQiEQRf_FdTx0RF-2DPoOmdEZlMogfavo33tCi1rec-55qYjbKHHr_Iw1q5My6vDLCNOV2xRz9mUabqMmHPXRlssd6-38_fyFBXvZK4fgkyHwOYhxjFocGFnTTolCyEdGpkACAmlFCw6Ct4QC2eqsCdT7AzjsNgo:1vhiFh:WmbS2dR8dLKomdaV9E0iPe77le8_0042bTrTDgTkdxs",
    "expire_date": "2026-02-02T05:56:37.836Z"
  }
},
{
  "model": "sessions.session",
  "pk": "t0v092nysxlmzqtfbr3oax3jg7wn2j3f",
  "fields": {
    "session_data": ".eJxVi8EKQiEQRf_FdTx0RF-2DPoOmdEZlMogfavo33tCi1rec-55qYjbKHHr_Iw1q5My6vDLCNOV2xRz9mUabqMmHPXRlssd6-38_fyFBXvZK4fgkyHwOYhxjFocGFnTTolCyEdGpkACAmlFCw6Ct4QC2eqsCdT7AzjsNgo:1v7bM0:OTmHgrUCjqx88v4OKmadEUXvD5nrvfTgK26LF14pPUM",
    "expire_date": "2025-10-25T15:17:52.434Z"
  }
},
{
  "model": "sessions.session",
  "pk": "uwofmmisrfidbhspq2dv99audhf11rng",
  "fields": {
    "session_data": ".eJxVi8EKQiEQRf_FdTx0RF-2DPoOmdEZlMogfavo33tCi1rec-55qYjbKHHr_Iw1q5My6vDLCNOV2xRz9mUabqMmHPXRlssd6-38_fyFBXvZK4fgkyHwOYhxjFocGFnTTolCyEdGpkACAmlFCw6Ct4QC2eqsCdT7AzjsNgo:1vV33I:NHiKnMV0SprQvb45BBOjhPBaUe2m-Jv7bKrsWpRgRZM",
    "expire_date": "2025-12-29T07:31:28.491Z"
  }
},
{
  "model": "sessions.session",
  "pk": "vbc5ua8c61ak5dyfk14k8mb5huyvmvlc",
  "fields": {
    "session_data": ".eJxVi8EKQiEQRf_FdTx0RF-2DPoOmdEZlMogfavo33tCi1rec-55qYjbKHHr_Iw1q5My6vDLCNOV2xRz9mUabqMmHPXRlssd6-38_fyFBXvZK4fgkyHwOYhxjFocGFnTTolCyEdGpkACAmlFCw6Ct4QC2eqsCdT7AzjsNgo:1uwgCI:FPmoW492zFyy943fCIS1oE8EHj64MkA-UozPxlnBJxY",
    "expire_date": "2025-09-25T12:14:42.053Z"
  }
},
{
  "model": "sessions.session",
  "pk": "w2xiov9tte95nazz0et89ltvin6xwx39",
  "fields": {
    "session_data": ".eJxVi8EKQiEQRf_FdTx0RF-2DPoOmdEZlMogfavo33tCi1rec-55qYjbKHHr_Iw1q5My6vDLCNOV2xRz9mUabqMmHPXRlssd6-38_fyFBXvZK4fgkyHwOYhxjFocGFnTTolCyEdGpkACAmlFCw6Ct4QC2eqsCdT7AzjsNgo:1vth5A:iqFXDnUSIJcXW1epU7QxleNmuhq7m3fUUNG31ZHSN58",
    "expire_date": "2026-03-07T07:07:16.139Z"
  }
},
{
  "model": "sessions.session",
  "pk": "w8330m0y6fxi8fki1c49j4cm38xpqh29",
  "fields": {
    "session_data": ".eJxVi8EKQiEQRf_FdTx0RF-2DPoOmdEZlMogfavo33tCi1rec-55qYjbKHHr_Iw1q5My6vDLCNOV2xRz9mUabqMmHPXRlssd6-38_fyFBXvZK4fgkyHwOYhxjFocGFnTTolCyEdGpkACAmlFCw6Ct4QC2eqsCdT7AzjsNgo:1v1SNg:RD2Q4RDxW6E4hsacFl78eEpltXL3spJad5DqbPHOZYA",
    "expire_date": "2025-10-08T16:30:12.684Z"
  }
},
{
  "model": "sessions.session",
  "pk": "wc8e48athhml1p13b3tz672qrnhfqisy",
  "fields": {
    "session_data": ".eJxVi8EKQiEQRf_FdTx0RF-2DPoOmdEZlMogfavo33tCi1rec-55qYjbKHHr_Iw1q5My6vDLCNOV2xRz9mUabqMmHPXRlssd6-38_fyFBXvZK4fgkyHwOYhxjFocGFnTTolCyEdGpkACAmlFCw6Ct4QC2eqsCdT7AzjsNgo:1vv6e6:tY9KZvolgIwbY2TggYmfKB6JnaaYIF5ZG2-6MuqE-1g",
    "expire_date": "2026-03-11T04:37:10.163Z"
  }
},
{
  "model": "sessions.session",
  "pk": "xj4h48egz28mr78y38nf4qqmby0jsmjo",
  "fields": {
    "session_data": ".eJxVi8EKQiEQRf_FdTx0RF-2DPoOmdEZlMogfavo33tCi1rec-55qYjbKHHr_Iw1q5My6vDLCNOV2xRz9mUabqMmHPXRlssd6-38_fyFBXvZK4fgkyHwOYhxjFocGFnTTolCyEdGpkACAmlFCw6Ct4QC2eqsCdT7AzjsNgo:1vAM8p:026yFjxE5e8B__y4qzhZDu8MUzk3w4qqKFFwqnZpt4E",
    "expire_date": "2025-11-02T05:39:39.129Z"
  }
},
{
  "model": "sessions.session",
  "pk": "y82znbxjoe2hm97aiymlczukop4t42zr",
  "fields": {
    "session_data": ".eJxVi8EKQiEQRf_FdTx0RF-2DPoOmdEZlMogfavo33tCi1rec-55qYjbKHHr_Iw1q5My6vDLCNOV2xRz9mUabqMmHPXRlssd6-38_fyFBXvZK4fgkyHwOYhxjFocGFnTTolCyEdGpkACAmlFCw6Ct4QC2eqsCdT7AzjsNgo:1vthrq:XQjGXMc8iX_mECXeZqAq1mS3KohMvrN4q95pmEmGA2M",
    "expire_date": "2026-03-07T07:57:34.675Z"
  }
},
{
  "model": "sessions.session",
  "pk": "z9a3g0hrlf4cbkpzkeqva4ftphjunf4f",
  "fields": {
    "session_data": ".eJxVi8EKQiEQRf_FdTx0RF-2DPoOmdEZlMogfavo33tCi1rec-55qYjbKHHr_Iw1q5My6vDLCNOV2xRz9mUabqMmHPXRlssd6-38_fyFBXvZK4fgkyHwOYhxjFocGFnTTolCyEdGpkACAmlFCw6Ct4QC2eqsCdT7AzjsNgo:1uwgvu:g98IgruY9QPIiuYOF4Q7_bskutchyCjKGGHD8suKVys",
    "expire_date": "2025-09-25T13:01:50.468Z"
  }
},
{
  "model": "sessions.session",
  "pk": "zfrbryr88hyjwk6lu8ys8rqe1mkxl65u",
  "fields": {
    "session_data": ".eJxVi8EKQiEQRf_FdTx0RF-2DPoOmdEZlMogfavo33tCi1rec-55qYjbKHHr_Iw1q5My6vDLCNOV2xRz9mUabqMmHPXRlssd6-38_fyFBXvZK4fgkyHwOYhxjFocGFnTTolCyEdGpkACAmlFCw6Ct4QC2eqsCdT7AzjsNgo:1vAjxX:uwM36ORly5jwdyXP5BWzs56gPnuAl4BrxHN281scKxw",
    "expire_date": "2025-11-03T07:05:35.183Z"
  }
},
{
  "model": "token_blacklist.blacklistedtoken",
  "pk": 1,
  "fields": {
    "token": 2,
    "blacklisted_at": "2025-09-15T07:44:04.741Z"
  }
},
{
  "model": "token_blacklist.blacklistedtoken",
  "pk": 2,
  "fields": {
    "token": 3,
    "blacklisted_at": "2025-09-15T08:35:42.371Z"
  }
},
{
  "model": "token_blacklist.blacklistedtoken",
  "pk": 3,
  "fields": {
    "token": 4,
    "blacklisted_at": "2025-09-15T09:41:40.189Z"
  }
},
{
  "model": "token_blacklist.blacklistedtoken",
  "pk": 4,
  "fields": {
    "token": 5,
    "blacklisted_at": "2025-09-15T10:17:17.141Z"
  }
},
{
  "model": "token_blacklist.blacklistedtoken",
  "pk": 5,
  "fields": {
    "token": 7,
    "blacklisted_at": "2025-09-17T06:58:21.971Z"
  }
},
{
  "model": "token_blacklist.blacklistedtoken",
  "pk": 6,
  "fields": {
    "token": 6,
    "blacklisted_at": "2025-09-19T06:35:12.750Z"
  }
},
{
  "model": "token_blacklist.blacklistedtoken",
  "pk": 7,
  "fields": {
    "token": 12,
    "blacklisted_at": "2025-09-24T05:39:37.970Z"
  }
},
{
  "model": "token_blacklist.blacklistedtoken",
  "pk": 8,
  "fields": {
    "token": 13,
    "blacklisted_at": "2025-09-24T06:00:09.842Z"
  }
},
{
  "model": "token_blacklist.blacklistedtoken",
  "pk": 9,
  "fields": {
    "token": 16,
    "blacklisted_at": "2025-09-24T11:35:50.932Z"
  }
},
{
  "model": "token_blacklist.blacklistedtoken",
  "pk": 10,
  "fields": {
    "token": 15,
    "blacklisted_at": "2025-09-24T11:40:16.834Z"
  }
},
{
  "model": "token_blacklist.blacklistedtoken",
  "pk": 11,
  "fields": {
    "token": 14,
    "blacklisted_at": "2025-09-24T11:51:31.627Z"
  }
},
{
  "model": "token_blacklist.blacklistedtoken",
  "pk": 12,
  "fields": {
    "token": 17,
    "blacklisted_at": "2025-09-24T12:00:17.620Z"
  }
},
{
  "model": "token_blacklist.blacklistedtoken",
  "pk": 13,
  "fields": {
    "token": 18,
    "blacklisted_at": "2025-09-24T12:33:54.192Z"
  }
},
{
  "model": "token_blacklist.blacklistedtoken",
  "pk": 14,
  "fields": {
    "token": 19,
    "blacklisted_at": "2025-09-28T05:51:49.334Z"
  }
},
{
  "model": "token_blacklist.blacklistedtoken",
  "pk": 15,
  "fields": {
    "token": 23,
    "blacklisted_at": "2025-09-28T07:31:41.095Z"
  }
},
{
  "model": "token_blacklist.blacklistedtoken",
  "pk": 16,
  "fields": {
    "token": 25,
    "blacklisted_at": "2025-09-28T07:59:25.765Z"
  }
},
{
  "model": "token_blacklist.blacklistedtoken",
  "pk": 17,
  "fields": {
    "token": 22,
    "blacklisted_at": "2025-09-29T16:08:43.690Z"
  }
},
{
  "model": "token_blacklist.blacklistedtoken",
  "pk": 18,
  "fields": {
    "token": 26,
    "blacklisted_at": "2025-10-01T12:44:10.191Z"
  }
},
{
  "model": "token_blacklist.blacklistedtoken",
  "pk": 19,
  "fields": {
    "token": 29,
    "blacklisted_at": "2025-10-16T10:14:53.588Z"
  }
},
{
  "model": "token_blacklist.blacklistedtoken",
  "pk": 20,
  "fields": {
    "token": 31,
    "blacklisted_at": "2025-10-18T06:16:55.284Z"
  }
},
{
  "model": "token_blacklist.blacklistedtoken",
  "pk": 21,
  "fields": {
    "token": 32,
    "blacklisted_at": "2025-10-19T05:37:34.500Z"
  }
},
{
  "model": "token_blacklist.blacklistedtoken",
  "pk": 22,
  "fields": {
    "token": 33,
    "blacklisted_at": "2025-10-19T05:56:05.073Z"
  }
},
{
  "model": "token_blacklist.blacklistedtoken",
  "pk": 23,
  "fields": {
    "token": 34,
    "blacklisted_at": "2025-10-19T06:28:41.029Z"
  }
},
{
  "model": "token_blacklist.blacklistedtoken",
  "pk": 24,
  "fields": {
    "token": 39,
    "blacklisted_at": "2025-10-19T07:00:44.433Z"
  }
},
{
  "model": "token_blacklist.blacklistedtoken",
  "pk": 25,
  "fields": {
    "token": 43,
    "blacklisted_at": "2025-10-19T08:26:18.362Z"
  }
},
{
  "model": "token_blacklist.blacklistedtoken",
  "pk": 26,
  "fields": {
    "token": 44,
    "blacklisted_at": "2025-10-19T09:20:23.351Z"
  }
},
{
  "model": "token_blacklist.blacklistedtoken",
  "pk": 27,
  "fields": {
    "token": 45,
    "blacklisted_at": "2025-10-19T10:15:58.828Z"
  }
},
{
  "model": "token_blacklist.blacklistedtoken",
  "pk": 28,
  "fields": {
    "token": 46,
    "blacklisted_at": "2025-10-19T11:30:35.547Z"
  }
},
{
  "model": "token_blacklist.blacklistedtoken",
  "pk": 29,
  "fields": {
    "token": 47,
    "blacklisted_at": "2025-10-19T11:47:40.847Z"
  }
},
{
  "model": "token_blacklist.blacklistedtoken",
  "pk": 30,
  "fields": {
    "token": 48,
    "blacklisted_at": "2025-10-20T07:03:11.728Z"
  }
},
{
  "model": "token_blacklist.blacklistedtoken",
  "pk": 31,
  "fields": {
    "token": 50,
    "blacklisted_at": "2025-10-20T08:44:05.726Z"
  }
},
{
  "model": "token_blacklist.blacklistedtoken",
  "pk": 32,
  "fields": {
    "token": 51,
    "blacklisted_at": "2025-10-20T09:14:59.226Z"
  }
},
{
  "model": "token_blacklist.blacklistedtoken",
  "pk": 33,
  "fields": {
    "token": 56,
    "blacklisted_at": "2025-10-22T05:14:45.613Z"
  }
},
{
  "model": "token_blacklist.blacklistedtoken",
  "pk": 34,
  "fields": {
    "token": 58,
    "blacklisted_at": "2025-10-22T05:36:47.135Z"
  }
},
{
  "model": "token_blacklist.blacklistedtoken",
  "pk": 35,
  "fields": {
    "token": 59,
    "blacklisted_at": "2025-10-22T05:54:48.071Z"
  }
},
{
  "model": "token_blacklist.blacklistedtoken",
  "pk": 36,
  "fields": {
    "token": 60,
    "blacklisted_at": "2025-10-22T06:26:01.211Z"
  }
},
{
  "model": "token_blacklist.blacklistedtoken",
  "pk": 37,
  "fields": {
    "token": 65,
    "blacklisted_at": "2025-10-22T06:48:32.016Z"
  }
},
{
  "model": "token_blacklist.blacklistedtoken",
  "pk": 38,
  "fields": {
    "token": 66,
    "blacklisted_at": "2025-10-22T07:51:57.588Z"
  }
},
{
  "model": "token_blacklist.blacklistedtoken",
  "pk": 39,
  "fields": {
    "token": 67,
    "blacklisted_at": "2025-10-22T11:50:29.923Z"
  }
},
{
  "model": "token_blacklist.blacklistedtoken",
  "pk": 40,
  "fields": {
    "token": 69,
    "blacklisted_at": "2025-10-23T08:49:12.285Z"
  }
},
{
  "model": "token_blacklist.blacklistedtoken",
  "pk": 41,
  "fields": {
    "token": 71,
    "blacklisted_at": "2025-10-23T09:34:15.198Z"
  }
},
{
  "model": "token_blacklist.blacklistedtoken",
  "pk": 42,
  "fields": {
    "token": 73,
    "blacklisted_at": "2025-10-23T19:40:05.844Z"
  }
},
{
  "model": "token_blacklist.blacklistedtoken",
  "pk": 43,
  "fields": {
    "token": 75,
    "blacklisted_at": "2025-10-28T06:45:37.878Z"
  }
},
{
  "model": "token_blacklist.blacklistedtoken",
  "pk": 44,
  "fields": {
    "token": 76,
    "blacklisted_at": "2025-11-02T15:35:07.252Z"
  }
},
{
  "model": "token_blacklist.blacklistedtoken",
  "pk": 45,
  "fields": {
    "token": 78,
    "blacklisted_at": "2025-11-18T09:21:09.030Z"
  }
},
{
  "model": "token_blacklist.blacklistedtoken",
  "pk": 46,
  "fields": {
    "token": 81,
    "blacklisted_at": "2025-11-18T11:07:56.848Z"
  }
},
{
  "model": "token_blacklist.blacklistedtoken",
  "pk": 47,
  "fields": {
    "token": 80,
    "blacklisted_at": "2025-11-19T04:58:34.180Z"
  }
},
{
  "model": "token_blacklist.blacklistedtoken",
  "pk": 48,
  "fields": {
    "token": 82,
    "blacklisted_at": "2025-11-19T05:33:05.640Z"
  }
},
{
  "model": "token_blacklist.blacklistedtoken",
  "pk": 49,
  "fields": {
    "token": 84,
    "blacklisted_at": "2025-11-19T08:48:15.272Z"
  }
},
{
  "model": "token_blacklist.blacklistedtoken",
  "pk": 50,
  "fields": {
    "token": 85,
    "blacklisted_at": "2025-11-20T10:37:58.219Z"
  }
},
{
  "model": "token_blacklist.blacklistedtoken",
  "pk": 51,
  "fields": {
    "token": 86,
    "blacklisted_at": "2025-11-20T11:34:00.496Z"
  }
},
{
  "model": "token_blacklist.blacklistedtoken",
  "pk": 52,
  "fields": {
    "token": 87,
    "blacklisted_at": "2025-11-24T10:04:40.820Z"
  }
},
{
  "model": "token_blacklist.blacklistedtoken",
  "pk": 53,
  "fields": {
    "token": 90,
    "blacklisted_at": "2025-11-29T09:43:58.167Z"
  }
},
{
  "model": "token_blacklist.blacklistedtoken",
  "pk": 54,
  "fields": {
    "token": 91,
    "blacklisted_at": "2025-11-29T10:22:59.033Z"
  }
},
{
  "model": "token_blacklist.blacklistedtoken",
  "pk": 55,
  "fields": {
    "token": 92,
    "blacklisted_at": "2025-11-29T11:21:31.893Z"
  }
},
{
  "model": "token_blacklist.blacklistedtoken",
  "pk": 56,
  "fields": {
    "token": 95,
    "blacklisted_at": "2025-12-21T18:03:11.002Z"
  }
},
{
  "model": "token_blacklist.blacklistedtoken",
  "pk": 57,
  "fields": {
    "token": 96,
    "blacklisted_at": "2026-02-17T11:33:46.270Z"
  }
},
{
  "model": "token_blacklist.blacklistedtoken",
  "pk": 58,
  "fields": {
    "token": 97,
    "blacklisted_at": "2026-02-17T11:51:33.378Z"
  }
},
{
  "model": "token_blacklist.blacklistedtoken",
  "pk": 59,
  "fields": {
    "token": 98,
    "blacklisted_at": "2026-02-17T12:40:46.376Z"
  }
},
{
  "model": "token_blacklist.blacklistedtoken",
  "pk": 60,
  "fields": {
    "token": 99,
    "blacklisted_at": "2026-02-17T13:23:12.986Z"
  }
},
{
  "model": "token_blacklist.blacklistedtoken",
  "pk": 61,
  "fields": {
    "token": 103,
    "blacklisted_at": "2026-02-21T07:42:33.713Z"
  }
},
{
  "model": "token_blacklist.blacklistedtoken",
  "pk": 62,
  "fields": {
    "token": 105,
    "blacklisted_at": "2026-02-21T07:57:51.899Z"
  }
},
{
  "model": "token_blacklist.blacklistedtoken",
  "pk": 63,
  "fields": {
    "token": 106,
    "blacklisted_at": "2026-02-21T08:14:02.125Z"
  }
},
{
  "model": "token_blacklist.blacklistedtoken",
  "pk": 64,
  "fields": {
    "token": 107,
    "blacklisted_at": "2026-02-21T08:29:09.521Z"
  }
},
{
  "model": "token_blacklist.blacklistedtoken",
  "pk": 65,
  "fields": {
    "token": 112,
    "blacklisted_at": "2026-02-21T08:54:16.586Z"
  }
},
{
  "model": "token_blacklist.blacklistedtoken",
  "pk": 66,
  "fields": {
    "token": 113,
    "blacklisted_at": "2026-02-21T09:53:49.505Z"
  }
},
{
  "model": "token_blacklist.blacklistedtoken",
  "pk": 67,
  "fields": {
    "token": 104,
    "blacklisted_at": "2026-02-21T09:54:52.022Z"
  }
},
{
  "model": "token_blacklist.blacklistedtoken",
  "pk": 68,
  "fields": {
    "token": 115,
    "blacklisted_at": "2026-02-21T10:16:48.991Z"
  }
},
{
  "model": "token_blacklist.blacklistedtoken",
  "pk": 69,
  "fields": {
    "token": 116,
    "blacklisted_at": "2026-02-24T06:53:14.519Z"
  }
},
{
  "model": "token_blacklist.blacklistedtoken",
  "pk": 70,
  "fields": {
    "token": 117,
    "blacklisted_at": "2026-02-24T07:18:51.872Z"
  }
},
{
  "model": "token_blacklist.blacklistedtoken",
  "pk": 71,
  "fields": {
    "token": 118,
    "blacklisted_at": "2026-02-24T07:50:57.453Z"
  }
},
{
  "model": "token_blacklist.blacklistedtoken",
  "pk": 72,
  "fields": {
    "token": 119,
    "blacklisted_at": "2026-02-24T08:25:29.880Z"
  }
},
{
  "model": "token_blacklist.blacklistedtoken",
  "pk": 73,
  "fields": {
    "token": 120,
    "blacklisted_at": "2026-02-24T08:40:36.656Z"
  }
},
{
  "model": "token_blacklist.blacklistedtoken",
  "pk": 74,
  "fields": {
    "token": 122,
    "blacklisted_at": "2026-02-24T08:58:34.774Z"
  }
},
{
  "model": "token_blacklist.blacklistedtoken",
  "pk": 75,
  "fields": {
    "token": 123,
    "blacklisted_at": "2026-02-24T09:54:47.904Z"
  }
},
{
  "model": "token_blacklist.blacklistedtoken",
  "pk": 76,
  "fields": {
    "token": 125,
    "blacklisted_at": "2026-02-25T04:56:13.377Z"
  }
},
{
  "model": "token_blacklist.blacklistedtoken",
  "pk": 77,
  "fields": {
    "token": 126,
    "blacklisted_at": "2026-02-25T05:03:47.031Z"
  }
},
{
  "model": "token_blacklist.blacklistedtoken",
  "pk": 78,
  "fields": {
    "token": 127,
    "blacklisted_at": "2026-02-25T05:53:51.585Z"
  }
},
{
  "model": "token_blacklist.blacklistedtoken",
  "pk": 79,
  "fields": {
    "token": 129,
    "blacklisted_at": "2026-02-25T06:21:13.889Z"
  }
},
{
  "model": "token_blacklist.blacklistedtoken",
  "pk": 80,
  "fields": {
    "token": 128,
    "blacklisted_at": "2026-02-25T06:28:13.295Z"
  }
},
{
  "model": "token_blacklist.blacklistedtoken",
  "pk": 81,
  "fields": {
    "token": 130,
    "blacklisted_at": "2026-02-25T06:36:24.545Z"
  }
},
{
  "model": "token_blacklist.blacklistedtoken",
  "pk": 82,
  "fields": {
    "token": 131,
    "blacklisted_at": "2026-02-25T06:51:34.139Z"
  }
},
{
  "model": "token_blacklist.blacklistedtoken",
  "pk": 83,
  "fields": {
    "token": 132,
    "blacklisted_at": "2026-02-25T07:07:02.752Z"
  }
},
{
  "model": "token_blacklist.blacklistedtoken",
  "pk": 84,
  "fields": {
    "token": 133,
    "blacklisted_at": "2026-02-25T07:22:02.559Z"
  }
},
{
  "model": "token_blacklist.blacklistedtoken",
  "pk": 85,
  "fields": {
    "token": 138,
    "blacklisted_at": "2026-03-05T08:32:14.322Z"
  }
},
{
  "model": "token_blacklist.blacklistedtoken",
  "pk": 86,
  "fields": {
    "token": 142,
    "blacklisted_at": "2026-04-02T18:30:03.983Z"
  }
},
{
  "model": "token_blacklist.blacklistedtoken",
  "pk": 87,
  "fields": {
    "token": 139,
    "blacklisted_at": "2026-04-04T06:20:43.212Z"
  }
},
{
  "model": "token_blacklist.blacklistedtoken",
  "pk": 88,
  "fields": {
    "token": 145,
    "blacklisted_at": "2026-04-04T07:20:49.250Z"
  }
},
{
  "model": "token_blacklist.blacklistedtoken",
  "pk": 89,
  "fields": {
    "token": 143,
    "blacklisted_at": "2026-04-04T07:24:21.337Z"
  }
},
{
  "model": "token_blacklist.blacklistedtoken",
  "pk": 90,
  "fields": {
    "token": 144,
    "blacklisted_at": "2026-04-04T07:24:36.435Z"
  }
},
{
  "model": "token_blacklist.blacklistedtoken",
  "pk": 91,
  "fields": {
    "token": 146,
    "blacklisted_at": "2026-04-04T08:21:29.337Z"
  }
},
{
  "model": "token_blacklist.blacklistedtoken",
  "pk": 92,
  "fields": {
    "token": 147,
    "blacklisted_at": "2026-04-04T08:47:05.580Z"
  }
},
{
  "model": "token_blacklist.blacklistedtoken",
  "pk": 93,
  "fields": {
    "token": 148,
    "blacklisted_at": "2026-04-04T08:47:05.628Z"
  }
},
{
  "model": "token_blacklist.blacklistedtoken",
  "pk": 94,
  "fields": {
    "token": 149,
    "blacklisted_at": "2026-04-04T08:47:05.660Z"
  }
},
{
  "model": "token_blacklist.blacklistedtoken",
  "pk": 95,
  "fields": {
    "token": 150,
    "blacklisted_at": "2026-04-04T08:47:05.691Z"
  }
},
{
  "model": "token_blacklist.blacklistedtoken",
  "pk": 96,
  "fields": {
    "token": 151,
    "blacklisted_at": "2026-04-04T08:47:05.725Z"
  }
},
{
  "model": "token_blacklist.blacklistedtoken",
  "pk": 97,
  "fields": {
    "token": 152,
    "blacklisted_at": "2026-04-04T08:47:05.785Z"
  }
},
{
  "model": "token_blacklist.blacklistedtoken",
  "pk": 98,
  "fields": {
    "token": 153,
    "blacklisted_at": "2026-04-04T08:47:05.839Z"
  }
},
{
  "model": "token_blacklist.blacklistedtoken",
  "pk": 99,
  "fields": {
    "token": 154,
    "blacklisted_at": "2026-04-04T08:47:05.912Z"
  }
},
{
  "model": "token_blacklist.blacklistedtoken",
  "pk": 100,
  "fields": {
    "token": 155,
    "blacklisted_at": "2026-04-04T08:47:05.965Z"
  }
},
{
  "model": "token_blacklist.blacklistedtoken",
  "pk": 101,
  "fields": {
    "token": 156,
    "blacklisted_at": "2026-04-04T08:47:05.994Z"
  }
},
{
  "model": "token_blacklist.blacklistedtoken",
  "pk": 102,
  "fields": {
    "token": 157,
    "blacklisted_at": "2026-04-04T08:47:06.047Z"
  }
},
{
  "model": "token_blacklist.blacklistedtoken",
  "pk": 103,
  "fields": {
    "token": 158,
    "blacklisted_at": "2026-04-04T08:47:06.098Z"
  }
},
{
  "model": "token_blacklist.blacklistedtoken",
  "pk": 104,
  "fields": {
    "token": 159,
    "blacklisted_at": "2026-04-04T08:47:06.160Z"
  }
},
{
  "model": "token_blacklist.blacklistedtoken",
  "pk": 105,
  "fields": {
    "token": 160,
    "blacklisted_at": "2026-04-04T08:47:06.195Z"
  }
},
{
  "model": "token_blacklist.blacklistedtoken",
  "pk": 106,
  "fields": {
    "token": 161,
    "blacklisted_at": "2026-04-04T08:47:06.255Z"
  }
},
{
  "model": "token_blacklist.blacklistedtoken",
  "pk": 107,
  "fields": {
    "token": 162,
    "blacklisted_at": "2026-04-04T08:47:06.286Z"
  }
},
{
  "model": "token_blacklist.blacklistedtoken",
  "pk": 108,
  "fields": {
    "token": 163,
    "blacklisted_at": "2026-04-04T08:47:06.336Z"
  }
},
{
  "model": "token_blacklist.blacklistedtoken",
  "pk": 109,
  "fields": {
    "token": 164,
    "blacklisted_at": "2026-04-04T08:47:06.363Z"
  }
},
{
  "model": "token_blacklist.blacklistedtoken",
  "pk": 110,
  "fields": {
    "token": 165,
    "blacklisted_at": "2026-04-04T08:47:06.397Z"
  }
},
{
  "model": "token_blacklist.blacklistedtoken",
  "pk": 111,
  "fields": {
    "token": 166,
    "blacklisted_at": "2026-04-04T08:47:06.455Z"
  }
},
{
  "model": "token_blacklist.blacklistedtoken",
  "pk": 112,
  "fields": {
    "token": 167,
    "blacklisted_at": "2026-04-04T08:47:06.485Z"
  }
},
{
  "model": "token_blacklist.blacklistedtoken",
  "pk": 113,
  "fields": {
    "token": 168,
    "blacklisted_at": "2026-04-04T08:47:06.533Z"
  }
},
{
  "model": "token_blacklist.blacklistedtoken",
  "pk": 114,
  "fields": {
    "token": 169,
    "blacklisted_at": "2026-04-04T08:47:06.596Z"
  }
},
{
  "model": "token_blacklist.blacklistedtoken",
  "pk": 115,
  "fields": {
    "token": 170,
    "blacklisted_at": "2026-04-04T08:47:06.646Z"
  }
},
{
  "model": "token_blacklist.blacklistedtoken",
  "pk": 116,
  "fields": {
    "token": 171,
    "blacklisted_at": "2026-04-04T08:47:06.696Z"
  }
},
{
  "model": "token_blacklist.blacklistedtoken",
  "pk": 117,
  "fields": {
    "token": 172,
    "blacklisted_at": "2026-04-04T08:47:06.731Z"
  }
},
{
  "model": "token_blacklist.blacklistedtoken",
  "pk": 118,
  "fields": {
    "token": 173,
    "blacklisted_at": "2026-04-04T08:47:06.785Z"
  }
},
{
  "model": "token_blacklist.blacklistedtoken",
  "pk": 119,
  "fields": {
    "token": 174,
    "blacklisted_at": "2026-04-04T08:47:06.847Z"
  }
},
{
  "model": "token_blacklist.blacklistedtoken",
  "pk": 120,
  "fields": {
    "token": 175,
    "blacklisted_at": "2026-04-04T08:47:06.897Z"
  }
},
{
  "model": "token_blacklist.blacklistedtoken",
  "pk": 121,
  "fields": {
    "token": 176,
    "blacklisted_at": "2026-04-04T08:47:06.948Z"
  }
},
{
  "model": "token_blacklist.blacklistedtoken",
  "pk": 122,
  "fields": {
    "token": 177,
    "blacklisted_at": "2026-04-04T08:47:07.012Z"
  }
},
{
  "model": "token_blacklist.blacklistedtoken",
  "pk": 123,
  "fields": {
    "token": 178,
    "blacklisted_at": "2026-04-04T08:47:07.064Z"
  }
},
{
  "model": "token_blacklist.blacklistedtoken",
  "pk": 124,
  "fields": {
    "token": 179,
    "blacklisted_at": "2026-04-04T08:52:52.046Z"
  }
},
{
  "model": "users.user",
  "fields": {
    "password": "pbkdf2_sha256$1000000$N1iSoOcni5gFOXsbBTp2wr$hBc6bj6CgA1arb3T8oZupi/7TJNLj/iecLyAzNFCI6U=",
    "last_login": "2026-04-02T14:58:53.000Z",
    "is_superuser": true,
    "email": "admin@gmail.com",
    "name": "admin",
    "user_type": "ADMIN",
    "is_active": true,
    "is_staff": true,
    "date_joined": "2025-09-11T12:14:24.096Z",
    "full_name": null,
    "phone": null,
    "groups": [],
    "user_permissions": []
  }
},
{
  "model": "users.user",
  "fields": {
    "password": "pbkdf2_sha256$1000000$zIrI3dcjVCFYzV6Oe49F9R$lQR3ZAGeQFEj2y2R9vxzrp5fHMHWULqsfDZmB9VHC0s=",
    "last_login": null,
    "is_superuser": false,
    "email": "shawkatizoom@gmail.com",
    "name": "MD Shawkat",
    "user_type": "CUSTOMER",
    "is_active": true,
    "is_staff": false,
    "date_joined": "2025-09-15T09:25:25.977Z",
    "full_name": null,
    "phone": null,
    "groups": [],
    "user_permissions": []
  }
},
{
  "model": "users.user",
  "fields": {
    "password": "pbkdf2_sha256$1000000$mso1XRfLHcYNOeV6ZRxAKx$LUj71WbgF+2D6BBBC0DxS1/QGb8JCzDcCt98APmwDac=",
    "last_login": null,
    "is_superuser": false,
    "email": "tahamidurtaief@gmail.com",
    "name": "Tahamidur Taief",
    "user_type": "CUSTOMER",
    "is_active": true,
    "is_staff": false,
    "date_joined": "2025-09-17T10:44:26.038Z",
    "full_name": null,
    "phone": null,
    "groups": [],
    "user_permissions": []
  }
},
{
  "model": "users.user",
  "fields": {
    "password": "pbkdf2_sha256$1000000$cRjwwvYij0wDt2ARqUtEAz$h7UO9HCZzydcP0wg3x0soUV4pARwX4arv9AKXUcEyJg=",
    "last_login": null,
    "is_superuser": false,
    "email": "suhatabilhaque@gmail.com",
    "name": "MD Zakir Hossain",
    "user_type": "CUSTOMER",
    "is_active": true,
    "is_staff": false,
    "date_joined": "2025-09-17T15:21:08.002Z",
    "full_name": null,
    "phone": null,
    "groups": [],
    "user_permissions": []
  }
},
{
  "model": "users.user",
  "fields": {
    "password": "pbkdf2_sha256$1000000$8UIuytqkMYtCnwVQfT4yjx$rw4hTB8fFutMrjGWKQU/rbLU3dTSQvBSw5JENSk3vdc=",
    "last_login": null,
    "is_superuser": false,
    "email": "ali@peoplentech.com.bd",
    "name": "Yousuf",
    "user_type": "CUSTOMER",
    "is_active": true,
    "is_staff": false,
    "date_joined": "2025-09-18T08:31:29.195Z",
    "full_name": null,
    "phone": null,
    "groups": [],
    "user_permissions": []
  }
},
{
  "model": "users.user",
  "fields": {
    "password": "pbkdf2_sha256$1000000$eAwyw8Nq0BZTSZTqk7hmQR$BZpK4O9KEDM7kK8GiL8lO7/HdL2EOblgn1tTMi8LC28=",
    "last_login": null,
    "is_superuser": false,
    "email": "taifkhan6789@gmail.com",
    "name": "Tahamidur Rahman Taief",
    "user_type": "CUSTOMER",
    "is_active": true,
    "is_staff": false,
    "date_joined": "2025-09-24T05:09:16.282Z",
    "full_name": null,
    "phone": null,
    "groups": [],
    "user_permissions": []
  }
},
{
  "model": "users.user",
  "fields": {
    "password": "pbkdf2_sha256$1000000$fR3QteD4nKPEJRYRfUHQJd$cb8hlsk0qqfjA40JLTLEZVjFH93pxlsCI5EraJhlThA=",
    "last_login": null,
    "is_superuser": true,
    "email": "info.issl@gmail.com",
    "name": "issl",
    "user_type": "ADMIN",
    "is_active": true,
    "is_staff": true,
    "date_joined": "2025-09-24T06:16:32.913Z",
    "full_name": null,
    "phone": null,
    "groups": [],
    "user_permissions": []
  }
},
{
  "model": "users.user",
  "fields": {
    "password": "pbkdf2_sha256$1000000$zAgKZQNdVO5Pr1xegRCmSr$y73G+60sOVWXvCsALknOkCOVLB2Iqf64HQGnPW4wguk=",
    "last_login": null,
    "is_superuser": false,
    "email": "munnatraderforqoutex@gmail.com",
    "name": "Munna",
    "user_type": "CUSTOMER",
    "is_active": true,
    "is_staff": false,
    "date_joined": "2025-09-24T11:20:39.037Z",
    "full_name": null,
    "phone": null,
    "groups": [],
    "user_permissions": []
  }
},
{
  "model": "users.user",
  "fields": {
    "password": "pbkdf2_sha256$1000000$Kk9sP7Bh1Ncu3RTuaRWJTA$wYzajniNq7+IQwCevSyvKd9f26KmwagGama15w9mpZ8=",
    "last_login": null,
    "is_superuser": false,
    "email": "theasapurbo@gmail.com",
    "name": "Apurbo Howlader",
    "user_type": "CUSTOMER",
    "is_active": true,
    "is_staff": false,
    "date_joined": "2025-09-24T11:20:41.823Z",
    "full_name": null,
    "phone": null,
    "groups": [],
    "user_permissions": []
  }
},
{
  "model": "users.user",
  "fields": {
    "password": "pbkdf2_sha256$1000000$YOUrH2TPHPW0nPQuVGH7IQ$UlaS0VX2C+wU4tcxiD10ByBB3YCI+IVTgXw2WBboZCA=",
    "last_login": null,
    "is_superuser": false,
    "email": "abdulhamid.cse1@gmail.com",
    "name": "MAHAMID",
    "user_type": "CUSTOMER",
    "is_active": true,
    "is_staff": false,
    "date_joined": "2025-09-25T06:32:37.348Z",
    "full_name": null,
    "phone": null,
    "groups": [],
    "user_permissions": []
  }
},
{
  "model": "users.user",
  "fields": {
    "password": "pbkdf2_sha256$1000000$35QCq9fewmc2jfwUAPaTTd$k5hFdvcY0hH6KWZm0KGif3sdvhiEeeDGcIGO1Ov9P3w=",
    "last_login": null,
    "is_superuser": false,
    "email": "wwitunes4@gmail.com",
    "name": "Abu Rafi",
    "user_type": "CUSTOMER",
    "is_active": true,
    "is_staff": false,
    "date_joined": "2025-10-05T13:07:46.692Z",
    "full_name": null,
    "phone": null,
    "groups": [],
    "user_permissions": []
  }
},
{
  "model": "users.user",
  "fields": {
    "password": "pbkdf2_sha256$1000000$LjUwiunlpR3CEE4h5nPBEi$pmRlLRs+7bH5v4v81QuC2cPBI44ISL9XLqxxiYqlTR8=",
    "last_login": null,
    "is_superuser": false,
    "email": "taiefkhan123@gmail.com",
    "name": "Tahamidur Rahman Taief",
    "user_type": "WHOLESALER",
    "is_active": true,
    "is_staff": false,
    "date_joined": "2025-10-19T05:40:48.790Z",
    "full_name": null,
    "phone": "01977794509",
    "groups": [],
    "user_permissions": []
  }
},
{
  "model": "users.user",
  "fields": {
    "password": "pbkdf2_sha256$1000000$v2MxafgzXjL7JqDCJMngZo$L8TO6f+/a2tpf+d1gen87vSQY5T4obpTTwBizYLR9KA=",
    "last_login": null,
    "is_superuser": false,
    "email": "test.wholesaler@example.com",
    "name": "Test Wholesaler User",
    "user_type": "WHOLESALER",
    "is_active": true,
    "is_staff": false,
    "date_joined": "2025-10-19T06:06:03.971Z",
    "full_name": null,
    "phone": null,
    "groups": [],
    "user_permissions": []
  }
},
{
  "model": "users.user",
  "fields": {
    "password": "pbkdf2_sha256$1000000$5YryAwpYjsbadZRPzDRp8S$KjiLCwIGWHKJg6KCvHatVCGRvspbv0bC3SuaWd45gWY=",
    "last_login": null,
    "is_superuser": false,
    "email": "test.customer@example.com",
    "name": "Test Customer User",
    "user_type": "CUSTOMER",
    "is_active": true,
    "is_staff": false,
    "date_joined": "2025-10-19T06:06:04.612Z",
    "full_name": null,
    "phone": null,
    "groups": [],
    "user_permissions": []
  }
},
{
  "model": "users.user",
  "fields": {
    "password": "pbkdf2_sha256$1000000$2Af8b1OYg77y3M6IkSYSxg$8Ln5KYxVJ2EcR7A7eWfsZzSxPYcJiD+DYHz9DUWbRHo=",
    "last_login": null,
    "is_superuser": false,
    "email": "test_wholesaler@example.com",
    "name": "Test Wholesaler",
    "user_type": "WHOLESALER",
    "is_active": true,
    "is_staff": false,
    "date_joined": "2025-10-20T05:42:12.008Z",
    "full_name": null,
    "phone": null,
    "groups": [],
    "user_permissions": []
  }
},
{
  "model": "users.user",
  "fields": {
    "password": "",
    "last_login": null,
    "is_superuser": false,
    "email": "test_customer@example.com",
    "name": "Test Customer",
    "user_type": "CUSTOMER",
    "is_active": true,
    "is_staff": false,
    "date_joined": "2025-10-20T06:51:08.652Z",
    "full_name": null,
    "phone": null,
    "groups": [],
    "user_permissions": []
  }
},
{
  "model": "users.user",
  "fields": {
    "password": "pbkdf2_sha256$1000000$lAWmudFdyBUU3FrunpSuhM$S/rhbR1M+Hy3aRmlWSpDggo6NJ0zqvn2xHdq5ldzhGc=",
    "last_login": null,
    "is_superuser": false,
    "email": "pending_wholesaler@test.com",
    "name": "",
    "user_type": "WHOLESALER",
    "is_active": true,
    "is_staff": false,
    "date_joined": "2025-10-20T08:58:24.707Z",
    "full_name": null,
    "phone": null,
    "groups": [],
    "user_permissions": []
  }
},
{
  "model": "users.user",
  "fields": {
    "password": "pbkdf2_sha256$1000000$UrcMfFaGkL8xSqQbdrN1gB$Ivy+r5/eS7AKUwAQQc4ho8FIDMsPoLjZlOeZrj7S9Zo=",
    "last_login": null,
    "is_superuser": false,
    "email": "taifkhan@gmail.com",
    "name": "Md Haidar Ali Mondal",
    "user_type": "WHOLESALER",
    "is_active": true,
    "is_staff": false,
    "date_joined": "2025-10-20T09:36:24.582Z",
    "full_name": null,
    "phone": "01977794509",
    "groups": [],
    "user_permissions": []
  }
},
{
  "model": "users.user",
  "fields": {
    "password": "pbkdf2_sha256$1000000$g3A4mV7PSaTpSWcgHPJpF3$POZTqp9VV2KuTqgfcSoKoKt7AAg0lnI75pKYoUWLx2c=",
    "last_login": null,
    "is_superuser": false,
    "email": "tahamidurtaief123@gmail.com",
    "name": "Accusamus minus porr Qui est omnis totam",
    "user_type": "WHOLESALER",
    "is_active": true,
    "is_staff": false,
    "date_joined": "2025-10-22T05:21:44.812Z",
    "full_name": null,
    "phone": "3618615773",
    "groups": [],
    "user_permissions": []
  }
},
{
  "model": "users.user",
  "fields": {
    "password": "pbkdf2_sha256$1000000$cfEd3GZfB8uMuvjtTCEgXF$y2Cx6x1HXRNJEgVYBNDNciN1vAUUIrnB8JbEHGOwHog=",
    "last_login": null,
    "is_superuser": false,
    "email": "arifwbtc@gmail.com",
    "name": "Md Ariful Islam Mitun",
    "user_type": "CUSTOMER",
    "is_active": true,
    "is_staff": false,
    "date_joined": "2025-10-28T05:57:16.149Z",
    "full_name": null,
    "phone": null,
    "groups": [],
    "user_permissions": []
  }
},
{
  "model": "users.user",
  "fields": {
    "password": "pbkdf2_sha256$1000000$YdMY645ZeIcF6NZ6lHUpxF$IHKCwNQxohhETuoqGNflGkVRIrH7qwG+c/Bnw9jVMeU=",
    "last_login": null,
    "is_superuser": false,
    "email": "cstapurbo@gmail.com",
    "name": "apurbo",
    "user_type": "CUSTOMER",
    "is_active": true,
    "is_staff": false,
    "date_joined": "2025-11-15T05:06:58.306Z",
    "full_name": null,
    "phone": null,
    "groups": [],
    "user_permissions": []
  }
},
{
  "model": "users.user",
  "fields": {
    "password": "pbkdf2_sha256$1000000$ZzLTGLjTxAyiMUlGGz7PXK$sPU/2IAEypomHWFfPm9mkmq+nft957d3VVA+Y66v4F8=",
    "last_login": null,
    "is_superuser": false,
    "email": "tabassumnazifa95@gmail.com",
    "name": "nazifa",
    "user_type": "CUSTOMER",
    "is_active": true,
    "is_staff": false,
    "date_joined": "2025-12-15T18:49:53.049Z",
    "full_name": null,
    "phone": null,
    "groups": [],
    "user_permissions": []
  }
},
{
  "model": "users.user",
  "fields": {
    "password": "pbkdf2_sha256$1000000$BZ0XDoMAPI0e5XRUyZ1boS$NjVi4ihIzd/hnQ9qhFObiwDfMmCR/E5SiwMpzVKtBZo=",
    "last_login": null,
    "is_superuser": false,
    "email": "mehedi294@gmail.com",
    "name": "md. mehedi hasan",
    "user_type": "CUSTOMER",
    "is_active": true,
    "is_staff": false,
    "date_joined": "2025-12-18T15:49:47.517Z",
    "full_name": null,
    "phone": null,
    "groups": [],
    "user_permissions": []
  }
},
{
  "model": "users.user",
  "fields": {
    "password": "pbkdf2_sha256$1000000$83YtMVPlPFY2GxgpwGrrsg$iP6xI+NumNC2drkrr+AO+Q4d58wvrH9O134oldothBM=",
    "last_login": null,
    "is_superuser": false,
    "email": "kawsarmahmoud@icloud.com",
    "name": "Mohammed Kawsar",
    "user_type": "CUSTOMER",
    "is_active": true,
    "is_staff": false,
    "date_joined": "2025-12-21T14:21:29.476Z",
    "full_name": null,
    "phone": null,
    "groups": [],
    "user_permissions": []
  }
},
{
  "model": "users.user",
  "fields": {
    "password": "pbkdf2_sha256$1000000$M4xeCTb82QN3PfPYJR9bYa$F4UiS5M/U0sLd7STauVj+vMupRUPLCMT8fq63ZPwq0w=",
    "last_login": null,
    "is_superuser": false,
    "email": "tahamidurtaiefvendor@gmail.com",
    "name": "Tahamidur Rahman Taief",
    "user_type": "VENDOR",
    "is_active": true,
    "is_staff": false,
    "date_joined": "2026-02-17T11:18:36.815Z",
    "full_name": null,
    "phone": "01977794509",
    "groups": [],
    "user_permissions": []
  }
},
{
  "model": "users.address",
  "pk": 1,
  "fields": {
    "user": null,
    "address_line_1": "123 Test Street",
    "address_line_2": null,
    "city": "Dhaka",
    "state": "Dhaka",
    "postal_code": "1000",
    "country": "Bangladesh",
    "is_default": false
  }
},
{
  "model": "users.address",
  "pk": 2,
  "fields": {
    "user": [
      "shawkatizoom@gmail.com"
    ],
    "address_line_1": "151/7 Green Road, Panthapath signal, 5th Floor, Dhaka 1205",
    "address_line_2": null,
    "city": "Dhaka",
    "state": "dhaka",
    "postal_code": "1205",
    "country": "Bangladesh",
    "is_default": true
  }
},
{
  "model": "users.address",
  "pk": 3,
  "fields": {
    "user": [
      "suhatabilhaque@gmail.com"
    ],
    "address_line_1": "Dhaka",
    "address_line_2": null,
    "city": "Dhaka",
    "state": "gjhgukk",
    "postal_code": "1207",
    "country": "Bangladesh",
    "is_default": true
  }
},
{
  "model": "users.address",
  "pk": 4,
  "fields": {
    "user": [
      "ali@peoplentech.com.bd"
    ],
    "address_line_1": "Green Road",
    "address_line_2": null,
    "city": "Dhaka",
    "state": "Farmgate",
    "postal_code": "1205",
    "country": "Bangladesh",
    "is_default": true
  }
},
{
  "model": "users.address",
  "pk": 5,
  "fields": {
    "user": [
      "taifkhan6789@gmail.com"
    ],
    "address_line_1": "Kalai, Joypurhat",
    "address_line_2": null,
    "city": "Joypurhat",
    "state": "Bogura",
    "postal_code": "5930",
    "country": "Bangladesh",
    "is_default": true
  }
},
{
  "model": "users.address",
  "pk": 6,
  "fields": {
    "user": [
      "tahamidurtaief@gmail.com"
    ],
    "address_line_1": "Bogra Sadar",
    "address_line_2": null,
    "city": "Bogra Sadar",
    "state": "sf",
    "postal_code": "5800",
    "country": "Bangladesh",
    "is_default": true
  }
},
{
  "model": "users.address",
  "pk": 7,
  "fields": {
    "user": [
      "theasapurbo@gmail.com"
    ],
    "address_line_1": "Dhaka",
    "address_line_2": null,
    "city": "Barishal",
    "state": "Patuakhali",
    "postal_code": "353544",
    "country": "Bangladesh",
    "is_default": true
  }
},
{
  "model": "users.address",
  "pk": 8,
  "fields": {
    "user": [
      "abdulhamid.cse1@gmail.com"
    ],
    "address_line_1": "Green Road",
    "address_line_2": null,
    "city": "Dhaka",
    "state": "NA",
    "postal_code": "1205",
    "country": "Bangladesh",
    "is_default": true
  }
},
{
  "model": "users.address",
  "pk": 9,
  "fields": {
    "user": [
      "tahamidurtaief123@gmail.com"
    ],
    "address_line_1": "Velit delectus ut r",
    "address_line_2": null,
    "city": "Doloribus voluptatem",
    "state": "Fugit aut amet ven",
    "postal_code": "Nulla atque veniam",
    "country": "Bangladesh",
    "is_default": true
  }
},
{
  "model": "users.address",
  "pk": 10,
  "fields": {
    "user": [
      "tabassumnazifa95@gmail.com"
    ],
    "address_line_1": "North Romaliar Chara, Ward No - 05, Cox'sbazar",
    "address_line_2": null,
    "city": "Cox'sbazar",
    "state": "ctg",
    "postal_code": "4700",
    "country": "Bangladesh",
    "is_default": true
  }
},
{
  "model": "users.address",
  "pk": 11,
  "fields": {
    "user": [
      "mehedi294@gmail.com"
    ],
    "address_line_1": "Basili",
    "address_line_2": null,
    "city": "Dhaka",
    "state": "de33",
    "postal_code": "1207",
    "country": "Bangladesh",
    "is_default": true
  }
},
{
  "model": "users.address",
  "pk": 12,
  "fields": {
    "user": [
      "admin@gmail.com"
    ],
    "address_line_1": "Bogra Sadar",
    "address_line_2": null,
    "city": "Bogra Sadar",
    "state": "sf",
    "postal_code": "5800",
    "country": "Bangladesh",
    "is_default": true
  }
},
{
  "model": "users.address",
  "pk": 13,
  "fields": {
    "user": [
      "tahamidurtaiefvendor@gmail.com"
    ],
    "address_line_1": "Bogra Sadar",
    "address_line_2": null,
    "city": "Bogra Sadar",
    "state": "sf",
    "postal_code": "5800",
    "country": "Bangladesh",
    "is_default": true
  }
},
{
  "model": "users.wholesalerprofile",
  "pk": 1,
  "fields": {
    "user": [
      "taiefkhan123@gmail.com"
    ],
    "business_name": "ISSL",
    "business_type": "Molamgarihat BL High School",
    "trade_license": "wholesaler/trade_licenses/৮ম_জল_কব_কযমপর-২০২৫__সপনসরশপর_বনময_পরতযশ_ও_দবসমহ.pdf",
    "approval_status": "APPROVED",
    "created_at": "2025-10-19T05:40:48.858Z",
    "updated_at": "2025-10-20T09:19:52.006Z",
    "approved_at": "2025-10-20T09:19:52.006Z",
    "approved_by": [
      "admin@gmail.com"
    ]
  }
},
{
  "model": "users.wholesalerprofile",
  "pk": 2,
  "fields": {
    "user": [
      "test.wholesaler@example.com"
    ],
    "business_name": "Test Wholesale Business",
    "business_type": "Import/Export",
    "trade_license": "",
    "approval_status": "APPROVED",
    "created_at": "2025-10-19T06:06:04.605Z",
    "updated_at": "2025-10-19T06:06:04.607Z",
    "approved_at": null,
    "approved_by": null
  }
},
{
  "model": "users.wholesalerprofile",
  "pk": 3,
  "fields": {
    "user": [
      "pending_wholesaler@test.com"
    ],
    "business_name": "Pending Business",
    "business_type": "RETAIL",
    "trade_license": "",
    "approval_status": "PENDING",
    "created_at": "2025-10-20T08:58:24.746Z",
    "updated_at": "2025-10-20T08:58:24.746Z",
    "approved_at": null,
    "approved_by": null
  }
},
{
  "model": "users.wholesalerprofile",
  "pk": 4,
  "fields": {
    "user": [
      "taifkhan@gmail.com"
    ],
    "business_name": "Molamgarihat BL High School",
    "business_type": "Molamgarihat BL High School",
    "trade_license": "wholesaler/trade_licenses/WhatsApp_Image_2025-10-18_at_12.58.05_PM.jpeg",
    "approval_status": "PENDING",
    "created_at": "2025-10-20T09:36:24.612Z",
    "updated_at": "2025-10-20T09:36:24.612Z",
    "approved_at": null,
    "approved_by": null
  }
},
{
  "model": "users.wholesalerprofile",
  "pk": 5,
  "fields": {
    "user": [
      "tahamidurtaief123@gmail.com"
    ],
    "business_name": "Molamgarihat BL High School",
    "business_type": "Molamgarihat BL High School",
    "trade_license": "wholesaler/trade_licenses/Tahmidur_Rahman_Taief_Resume.pdf",
    "approval_status": "APPROVED",
    "created_at": "2025-10-22T05:21:44.832Z",
    "updated_at": "2025-10-22T05:22:31.839Z",
    "approved_at": "2025-10-22T05:22:31.837Z",
    "approved_by": [
      "admin@gmail.com"
    ]
  }
},
{
  "model": "users.vendorprofile",
  "pk": 1,
  "fields": {
    "user": [
      "tahamidurtaiefvendor@gmail.com"
    ],
    "phone": "01977794509",
    "alt_phone": null,
    "address_line": "Kalai, Joypurhat",
    "city": "Joypurhat",
    "division": "dhaka",
    "postal_code": "5930",
    "business_name": "Molamgarihat BL High School",
    "business_type": "sole_proprietorship",
    "business_description": "sdfsd fsd fsfsd sdfwsdf",
    "business_domain": null,
    "business_logo": "vendors/logos/icommerce-icon_1.ico",
    "business_banner": "vendors/banners/slider4.jpg",
    "trade_license": "vendors/trade_licenses/WhatsApp_Image_2026-02-18_at_11.13.46_AM.jpeg",
    "trade_license_number": "749541321",
    "tin_certificate": "",
    "tin_number": "640324165",
    "nid_front": "vendors/nid/WhatsApp_Image_2026-02-18_at_11.13.46_AM.jpeg",
    "nid_back": "vendors/nid/WhatsApp_Image_2026-02-18_at_11_TM5EVsW.13.46_AM.jpeg",
    "nid_number": "69421657465132",
    "bin_number": "452132165",
    "bank_statement": "",
    "bank_name": "Islami Bank LTD",
    "bank_account_name": "ISSL LTD",
    "bank_account_number": "5421635432165",
    "bank_branch": "Dhaka",
    "bank_routing_number": "124541",
    "mobile_banking_number": "01970080484",
    "approval_status": "APPROVED",
    "rejection_reason": "",
    "approved_at": "2026-02-17T11:33:32Z",
    "approved_by": [
      "admin@gmail.com"
    ],
    "created_at": "2026-02-17T11:18:36.975Z",
    "updated_at": "2026-02-25T06:40:36.865Z"
  }
},
{
  "model": "users.vendorticket",
  "pk": 1,
  "fields": {
    "vendor": [
      "tahamidurtaiefvendor@gmail.com"
    ],
    "subject": "Shop is not creating.",
    "description": "sdfsdfds",
    "category": "GENERAL",
    "priority": "HIGH",
    "status": "RESOLVED",
    "admin_response": "We are fixed this issue.",
    "responded_by": null,
    "created_at": "2026-02-25T04:57:02.650Z",
    "updated_at": "2026-03-05T07:56:43.350Z"
  }
},
{
  "model": "shops.shop",
  "pk": 1,
  "fields": {
    "owner": [
      "admin@gmail.com"
    ],
    "name": "Kids Mall",
    "slug": "kids-mall-shop",
    "description": "",
    "logo": "",
    "cover_photo": "",
    "contact_email": "info.kidsmall@gmail.com",
    "contact_phone": "",
    "address": "",
    "city": null,
    "division": null,
    "postal_code": null,
    "is_active": true,
    "is_verified": true,
    "created_at": "2025-09-13T07:54:55.569Z",
    "updated_at": "2026-04-02T16:00:37.044Z"
  }
},
{
  "model": "shops.shop",
  "pk": 2,
  "fields": {
    "owner": [
      "tahamidurtaiefvendor@gmail.com"
    ],
    "name": "ISSL",
    "slug": "issl",
    "description": "Issl shop is based on Digital Products.",
    "logo": "shops/logos/mailsuite__1_-removebg-preview_2NxNVQO.png",
    "cover_photo": "shops/covers/slider4_bb1EY5a.jpg",
    "contact_email": "tahamidurtaief@gmail.com",
    "contact_phone": "01977794509",
    "address": "Bogra Sadar",
    "city": "Bogra Sadar",
    "division": "Rajshahi",
    "postal_code": "5800",
    "is_active": true,
    "is_verified": false,
    "created_at": "2026-02-25T06:04:14.518Z",
    "updated_at": "2026-02-25T06:33:02.115Z"
  }
},
{
  "model": "products.brand",
  "pk": 1,
  "fields": {
    "name": "ACI",
    "logo": "",
    "description": "",
    "website": "",
    "slug": "aci",
    "is_active": true,
    "created_at": "2025-09-12T20:25:18.128Z",
    "updated_at": "2025-09-12T20:25:18.128Z"
  }
},
{
  "model": "products.brand",
  "pk": 2,
  "fields": {
    "name": "Bashundhara",
    "logo": "",
    "description": "",
    "website": "",
    "slug": "bashundhara",
    "is_active": true,
    "created_at": "2025-09-12T20:25:34.911Z",
    "updated_at": "2025-09-12T20:25:34.911Z"
  }
},
{
  "model": "products.brand",
  "pk": 3,
  "fields": {
    "name": "Unilever",
    "logo": "brands/uniliver.png",
    "description": "",
    "website": "",
    "slug": "unilever",
    "is_active": true,
    "created_at": "2025-09-12T20:26:35.074Z",
    "updated_at": "2025-09-12T20:26:35.074Z"
  }
},
{
  "model": "products.brand",
  "pk": 5,
  "fields": {
    "name": "Fresh",
    "logo": "brands/fresh-harvest-logo-with-a-combination-of-fresh-lettering-and-plants-for-any-busin_b5KA5rz.jpg",
    "description": "Fresh’er Diaper is a premium-quality baby diaper brand designed to ensure comfort, safety, and protection for your little one. Made with soft, breathable materials and super absorbent layers, it keeps babies dry, happy, and irritation-free for long hours.\r\n\r\n🔹 Key Features:\r\n\r\n🌸 Soft & Gentle: Protects delicate baby skin from rashes or irritation.\r\n\r\n💧 High Absorption Core: Locks in wetness and keeps the baby dry for hours.\r\n\r\n🌬️ Breathable Design: Allows air circulation, keeping the skin fresh.\r\n\r\n👶 Perfect Fit: Flexible waistband ensures comfort and free movement.\r\n\r\n🛡️ Leak Guard: Prevents side leaks for extra protection.",
    "website": "",
    "slug": "fresh",
    "is_active": true,
    "created_at": "2025-09-14T13:00:20.188Z",
    "updated_at": "2025-09-14T13:00:20.188Z"
  }
},
{
  "model": "products.brand",
  "pk": 6,
  "fields": {
    "name": "Huggies",
    "logo": "brands/Huggies-Emblem.png",
    "description": "Huggies is a popular baby care brand that offers high-quality diapers, baby wipes, and related products. Designed for comfort and protection, Huggies diapers keep babies dry with advanced absorbent layers and a snug fit. The brand is trusted by parents worldwide for providing softness, reliability, and gentle care for sensitive baby skin.",
    "website": "",
    "slug": "huggies",
    "is_active": true,
    "created_at": "2025-09-14T15:50:01.184Z",
    "updated_at": "2025-09-14T15:50:01.184Z"
  }
},
{
  "model": "products.brand",
  "pk": 7,
  "fields": {
    "name": "Unimax Industries",
    "logo": "brands/images.png",
    "description": "Unimax Industries is a dynamic and innovative organization dedicated to delivering high-quality products and services across diverse sectors. With a strong commitment to excellence, advanced technology, and customer satisfaction, Unimax Industries has established itself as a trusted name in the industry. Our mission is to provide sustainable, efficient, and reliable solutions that add value to our clients and contribute to long-term growth.",
    "website": "",
    "slug": "unimax-industries",
    "is_active": true,
    "created_at": "2025-09-15T05:21:22.211Z",
    "updated_at": "2025-09-15T05:21:22.211Z"
  }
},
{
  "model": "products.brand",
  "pk": 8,
  "fields": {
    "name": "MamyPoko",
    "logo": "brands/d5ac7f216147903.Y3JvcCw4MDgsNjMyLDAsMA.png",
    "description": "MamyPoko is a leading baby care brand known for its high-quality diapers and hygiene products designed to keep babies comfortable, dry, and happy. With advanced absorbent technology, soft materials, and a perfect fit, MamyPoko ensures long-lasting protection while allowing babies to move freely. Trusted by parents worldwide, the brand is committed to making childcare easier, more convenient, and worry-free.",
    "website": "",
    "slug": "mamypoko",
    "is_active": true,
    "created_at": "2025-09-15T06:01:30.675Z",
    "updated_at": "2025-09-15T06:01:30.675Z"
  }
},
{
  "model": "products.brand",
  "pk": 9,
  "fields": {
    "name": "Nestlé",
    "logo": "brands/images_1.png",
    "description": "Nestlé is the world’s largest food and beverage company, dedicated to enhancing quality of life and contributing to a healthier future. With a wide portfolio of trusted brands across nutrition, dairy, beverages, coffee, confectionery, culinary, and healthcare, Nestlé serves consumers in more than 180 countries. Guided by its purpose of “Good food, Good life,” the company focuses on innovation, sustainability, and responsibility to deliver safe, high-quality products that support health, wellness, and enjoyment for people of all ages.",
    "website": "",
    "slug": "nestle",
    "is_active": true,
    "created_at": "2025-09-15T06:32:21.806Z",
    "updated_at": "2025-09-15T06:32:21.806Z"
  }
},
{
  "model": "products.brand",
  "pk": 10,
  "fields": {
    "name": "Philips",
    "logo": "brands/download.png",
    "description": "Philips is a leading global technology company focused on improving people’s health and well-being through meaningful innovation. With expertise in healthcare, consumer lifestyle, and lighting solutions, Philips delivers advanced products and services that combine quality, reliability, and cutting-edge technology. Guided by its mission to make life better, Philips is trusted worldwide for creating innovations that improve everyday living and promote sustainable progress.",
    "website": "",
    "slug": "philips",
    "is_active": true,
    "created_at": "2025-09-15T10:20:52.118Z",
    "updated_at": "2025-09-15T10:20:52.118Z"
  }
},
{
  "model": "products.brand",
  "pk": 11,
  "fields": {
    "name": "pur",
    "logo": "",
    "description": "PÜR is a trusted baby care brand dedicated to creating safe, innovative, and high-quality products for infants and toddlers. With a focus on health, comfort, and convenience, PÜR offers a wide range of feeding bottles, nipples, breast pumps, and hygiene solutions designed to support parents in nurturing their little ones. Made from safe, BPA-free materials and guided by international standards, PÜR combines modern technology with thoughtful design to ensure the best care for babies.",
    "website": "",
    "slug": "pur",
    "is_active": true,
    "created_at": "2025-09-15T10:31:12.335Z",
    "updated_at": "2025-09-15T10:31:12.335Z"
  }
},
{
  "model": "products.brand",
  "pk": 15,
  "fields": {
    "name": "Johnson's",
    "logo": "brands/images_1.jpeg",
    "description": "Johnson’s Baby Lotion is specially formulated to keep your baby’s skin soft, smooth, and healthy. Its gentle, hypoallergenic formula is dermatologist-tested and suitable for everyday use. With a light fragrance and fast-absorbing texture, it provides long-lasting moisture without feeling greasy. Trusted by parents for generations, Johnson’s Baby Lotion helps protect delicate skin and leaves it feeling comfortable all day.",
    "website": "",
    "slug": "johnsons",
    "is_active": true,
    "created_at": "2025-09-17T04:55:37.710Z",
    "updated_at": "2025-09-17T04:55:37.710Z"
  }
},
{
  "model": "products.brand",
  "pk": 16,
  "fields": {
    "name": "Kodomo",
    "logo": "brands/Kodomo.webp",
    "description": "Kodomo is a trusted brand that provides gentle and safe baby care products, specially made for children’s delicate skin and hair. From baby powder and soap to shampoo and toothpaste, Kodomo products are formulated with mild ingredients, dermatologist-tested, and enriched with soft fragrances. Loved by parents worldwide, Kodomo helps keep babies clean, fresh, and comfortable every day.",
    "website": "",
    "slug": "kodomo",
    "is_active": true,
    "created_at": "2025-09-17T05:34:17.513Z",
    "updated_at": "2025-09-17T05:34:17.513Z"
  }
},
{
  "model": "products.brand",
  "pk": 17,
  "fields": {
    "name": "Playtime toys",
    "logo": "brands/Playtime_Toys.jpg",
    "description": "Playtime Toys offers a wide range of fun and educational toys designed to stimulate creativity, learning, and imagination in children. Made with safe, durable, and high-quality materials, these toys are suitable for various age groups and help develop cognitive, motor, and social skills. Playtime Toys provide endless entertainment while supporting a child’s growth and development in a safe and engaging way.",
    "website": "",
    "slug": "playtime-toys",
    "is_active": true,
    "created_at": "2025-09-17T09:18:16.926Z",
    "updated_at": "2025-09-17T09:18:16.926Z"
  }
},
{
  "model": "products.brand",
  "pk": 18,
  "fields": {
    "name": "CHINA",
    "logo": "brands/images_2.jpeg",
    "description": "The China Toys logo represents a brand known for producing a wide variety of toys for children. It reflects fun, creativity, and playfulness while ensuring products are affordable and enjoyable. The logo is designed to attract both kids and parents, symbolizing trust, quality, and entertainment in every toy.",
    "website": "",
    "slug": "china",
    "is_active": true,
    "created_at": "2025-09-17T11:13:58.732Z",
    "updated_at": "2025-09-17T11:13:58.732Z"
  }
},
{
  "model": "products.brand",
  "pk": 19,
  "fields": {
    "name": "Toy brand",
    "logo": "",
    "description": "A toy brand is dedicated to creating safe, fun, and innovative toys that inspire imagination, creativity, and learning in children. With a focus on quality, durability, and child-friendly materials, toy brands design products that not only entertain but also support the physical, emotional, and cognitive development of kids. Loved by both parents and children, a good toy brand brings joy, education, and lasting memories through play.",
    "website": "",
    "slug": "toy-brand",
    "is_active": true,
    "created_at": "2025-09-18T05:35:04.554Z",
    "updated_at": "2025-09-18T05:35:04.554Z"
  }
},
{
  "model": "products.brand",
  "pk": 20,
  "fields": {
    "name": "Duck",
    "logo": "brands/download_1.png",
    "description": "Duck is a well-known household brand that provides cleaning, hygiene, and home care products trusted by families worldwide. Best recognized for its powerful toilet cleaners and innovative solutions, Duck is dedicated to maintaining freshness, cleanliness, and convenience in everyday life. With a focus on effectiveness, safety, and ease of use, the brand continues to deliver reliable products that make homes healthier and more comfortable.",
    "website": "",
    "slug": "duck",
    "is_active": true,
    "created_at": "2025-09-20T06:24:32.735Z",
    "updated_at": "2025-09-20T06:24:32.735Z"
  }
},
{
  "model": "products.brand",
  "pk": 21,
  "fields": {
    "name": "cerave",
    "logo": "brands/download_2.png",
    "description": "CeraVe is a dermatologist-developed skincare brand trusted worldwide for its effective, gentle, and science-backed formulas. Enriched with essential ceramides, hyaluronic acid, and MVE technology, CeraVe products help restore and maintain the skin’s natural barrier. Recommended for all skin types, including sensitive skin, the brand offers a wide range of cleansers, moisturizers, and treatments designed to provide lasting hydration, protection, and healthy-looking skin.",
    "website": "",
    "slug": "cerave",
    "is_active": true,
    "created_at": "2025-09-20T09:16:02.113Z",
    "updated_at": "2025-09-20T09:16:02.113Z"
  }
},
{
  "model": "products.brand",
  "pk": 22,
  "fields": {
    "name": "First Wear",
    "logo": "brands/images_3.jpeg",
    "description": "First Wear is a trusted baby essentials brand offering soft, safe, and comfortable clothing and accessories for newborns and toddlers. Designed with gentle, skin-friendly fabrics, First Wear products ensure maximum comfort while supporting everyday needs of little ones. With a focus on quality, safety, and style, the brand provides parents with reliable choices for their baby’s first wear and beyond.",
    "website": "",
    "slug": "first-wear",
    "is_active": true,
    "created_at": "2025-09-20T12:57:06.605Z",
    "updated_at": "2025-09-20T12:57:06.605Z"
  }
},
{
  "model": "products.brand",
  "pk": 23,
  "fields": {
    "name": "Pran 2",
    "logo": "brands/icommerce-icon_1.ico",
    "description": "",
    "website": "https://www.pran.com",
    "slug": "pran",
    "is_active": true,
    "created_at": "2026-02-24T07:59:56.311Z",
    "updated_at": "2026-02-24T09:04:12.756Z"
  }
},
{
  "model": "products.color",
  "pk": 1,
  "fields": {
    "name": "white",
    "hex_code": "#FFFFFF"
  }
},
{
  "model": "products.color",
  "pk": 2,
  "fields": {
    "name": "MamyPoko",
    "hex_code": "#FFFFF"
  }
},
{
  "model": "products.color",
  "pk": 3,
  "fields": {
    "name": "pink",
    "hex_code": "#FFC0C"
  }
},
{
  "model": "products.color",
  "pk": 4,
  "fields": {
    "name": "mixed",
    "hex_code": "#F54927"
  }
},
{
  "model": "products.color",
  "pk": 5,
  "fields": {
    "name": "red",
    "hex_code": "#DDDDDD"
  }
},
{
  "model": "products.color",
  "pk": 6,
  "fields": {
    "name": "blue",
    "hex_code": "#000000"
  }
},
{
  "model": "products.color",
  "pk": 7,
  "fields": {
    "name": "dfsdf",
    "hex_code": "#D52020"
  }
},
{
  "model": "products.color",
  "pk": 8,
  "fields": {
    "name": "china Pink",
    "hex_code": "#ee9ffe"
  }
},
{
  "model": "products.size",
  "pk": 1,
  "fields": {
    "name": "XL"
  }
},
{
  "model": "products.size",
  "pk": 2,
  "fields": {
    "name": "M"
  }
},
{
  "model": "products.size",
  "pk": 3,
  "fields": {
    "name": "xxl"
  }
},
{
  "model": "products.size",
  "pk": 4,
  "fields": {
    "name": "s"
  }
},
{
  "model": "products.size",
  "pk": 5,
  "fields": {
    "name": "L"
  }
},
{
  "model": "products.size",
  "pk": 6,
  "fields": {
    "name": "S"
  }
},
{
  "model": "products.size",
  "pk": 7,
  "fields": {
    "name": "xl3"
  }
},
{
  "model": "products.size",
  "pk": 8,
  "fields": {
    "name": "mlss"
  }
},
{
  "model": "products.size",
  "pk": 9,
  "fields": {
    "name": "55XL"
  }
},
{
  "model": "products.category",
  "pk": 1,
  "fields": {
    "name": "Diapers",
    "image": "categories/baby-wears-white-diaper-sits-by-turn-his-back-around-smile_42230-17.jpg",
    "slug": "diapers"
  }
},
{
  "model": "products.category",
  "pk": 2,
  "fields": {
    "name": "Foods",
    "image": "categories/download_21.jfif",
    "slug": "foods"
  }
},
{
  "model": "products.category",
  "pk": 3,
  "fields": {
    "name": "Toys",
    "image": "categories/download_23.jfif",
    "slug": "toys"
  }
},
{
  "model": "products.category",
  "pk": 4,
  "fields": {
    "name": "Feeding",
    "image": "categories/images_4.jfif",
    "slug": "feeding"
  }
},
{
  "model": "products.category",
  "pk": 5,
  "fields": {
    "name": "Cloths",
    "image": "categories/images_3.jfif",
    "slug": "cloths"
  }
},
{
  "model": "products.category",
  "pk": 7,
  "fields": {
    "name": "Baby Shoes",
    "image": "categories/download_20.jfif",
    "slug": "baby-shoes"
  }
},
{
  "model": "products.category",
  "pk": 8,
  "fields": {
    "name": "Moms Care",
    "image": "categories/FOR-YOUR-SMALL-ONE-3.webp",
    "slug": "moms-care"
  }
},
{
  "model": "products.category",
  "pk": 9,
  "fields": {
    "name": "dsfsdfg",
    "image": "categories/WhatsApp_Image_2026-02-22_at_10.36.21_AM.jpeg",
    "slug": "dfsf"
  }
},
{
  "model": "products.category",
  "pk": 11,
  "fields": {
    "name": "Grocery",
    "image": "categories/R.png",
    "slug": "grocery"
  }
},
{
  "model": "products.category",
  "pk": 12,
  "fields": {
    "name": "Vehicle",
    "image": "categories/OIP_1.webp",
    "slug": "vehicle"
  }
},
{
  "model": "products.subcategory",
  "pk": 1,
  "fields": {
    "name": "Formulas",
    "image": "subcategories/download_36.jfif",
    "slug": "formulas",
    "category": 2
  }
},
{
  "model": "products.subcategory",
  "pk": 2,
  "fields": {
    "name": "Baby Food",
    "image": "subcategories/download_35.jfif",
    "slug": "baby-food",
    "category": 2
  }
},
{
  "model": "products.subcategory",
  "pk": 3,
  "fields": {
    "name": "Milk Juice and Drinks",
    "image": "subcategories/download_37.jfif",
    "slug": "milk-juice-and-drinks",
    "category": 2
  }
},
{
  "model": "products.subcategory",
  "pk": 5,
  "fields": {
    "name": "Baby Diapers",
    "image": "subcategories/images_8.jfif",
    "slug": "baby-diapers",
    "category": 1
  }
},
{
  "model": "products.subcategory",
  "pk": 6,
  "fields": {
    "name": "Baby Wipes",
    "image": "subcategories/download_29.jfif",
    "slug": "baby-wipes",
    "category": 1
  }
},
{
  "model": "products.subcategory",
  "pk": 7,
  "fields": {
    "name": "Rash Cream",
    "image": "subcategories/download_30.jfif",
    "slug": "rash-cream",
    "category": 1
  }
},
{
  "model": "products.subcategory",
  "pk": 8,
  "fields": {
    "name": "Action Toys",
    "image": "subcategories/download_41.jfif",
    "slug": "action-toys",
    "category": 3
  }
},
{
  "model": "products.subcategory",
  "pk": 9,
  "fields": {
    "name": "Early Play Toys",
    "image": "subcategories/download_42.jfif",
    "slug": "early-play-toys",
    "category": 3
  }
},
{
  "model": "products.subcategory",
  "pk": 10,
  "fields": {
    "name": "Educational Toys",
    "image": "subcategories/download_43.jfif",
    "slug": "educational-toys",
    "category": 3
  }
},
{
  "model": "products.subcategory",
  "pk": 11,
  "fields": {
    "name": "Skincare & Bodycare",
    "image": "subcategories/download_39.jfif",
    "slug": "skincare-bodycare",
    "category": 8
  }
},
{
  "model": "products.subcategory",
  "pk": 12,
  "fields": {
    "name": "Hair Care",
    "image": "subcategories/download_38.jfif",
    "slug": "hair-care",
    "category": 8
  }
},
{
  "model": "products.subcategory",
  "pk": 13,
  "fields": {
    "name": "Maternity Clotings",
    "image": "subcategories/71lYDOnd0cL._AC_UL600_SR600600_.jpg",
    "slug": "maternity-clotings",
    "category": 8
  }
},
{
  "model": "products.subcategory",
  "pk": 14,
  "fields": {
    "name": "Newborn",
    "image": "subcategories/download_28.jfif",
    "slug": "newborn",
    "category": 5
  }
},
{
  "model": "products.subcategory",
  "pk": 15,
  "fields": {
    "name": "Boys Fashion",
    "image": "subcategories/images_5.jfif",
    "slug": "boys-fashion",
    "category": 5
  }
},
{
  "model": "products.subcategory",
  "pk": 16,
  "fields": {
    "name": "Girls Fashion",
    "image": "subcategories/images_6.jfif",
    "slug": "girls-fashion",
    "category": 5
  }
},
{
  "model": "products.subcategory",
  "pk": 20,
  "fields": {
    "name": "Breast Feeding",
    "image": "subcategories/download_33.jfif",
    "slug": "breast-feeding",
    "category": 4
  }
},
{
  "model": "products.subcategory",
  "pk": 21,
  "fields": {
    "name": "Bottle Feeding",
    "image": "subcategories/download_32.jfif",
    "slug": "bottle-feeding",
    "category": 4
  }
},
{
  "model": "products.subcategory",
  "pk": 22,
  "fields": {
    "name": "Water Bottles & Cups",
    "image": "subcategories/download_34.jfif",
    "slug": "water-bottles-cups",
    "category": 4
  }
},
{
  "model": "products.subcategory",
  "pk": 23,
  "fields": {
    "name": "Shoes & Sandals",
    "image": "subcategories/download_24.jfif",
    "slug": "shoes-sandals",
    "category": 7
  }
},
{
  "model": "products.subcategory",
  "pk": 24,
  "fields": {
    "name": "Socks",
    "image": "subcategories/download_26.jfif",
    "slug": "socks",
    "category": 7
  }
},
{
  "model": "products.subcategory",
  "pk": 25,
  "fields": {
    "name": "Sock Shoes",
    "image": "subcategories/download_25.jfif",
    "slug": "sock-shoes",
    "category": 7
  }
},
{
  "model": "products.subcategory",
  "pk": 26,
  "fields": {
    "name": "Adult Diapers",
    "image": "subcategories/images_7.jfif",
    "slug": "adult-diapers",
    "category": 1
  }
},
{
  "model": "products.subcategory",
  "pk": 27,
  "fields": {
    "name": "Wipes",
    "image": "subcategories/download_31.jfif",
    "slug": "wipes",
    "category": 1
  }
},
{
  "model": "products.subcategory",
  "pk": 28,
  "fields": {
    "name": "Action Figurines & Playsets",
    "image": "subcategories/download_40.jfif",
    "slug": "action-figurines-playsets",
    "category": 3
  }
},
{
  "model": "products.subcategory",
  "pk": 29,
  "fields": {
    "name": "Soap",
    "image": "subcategories/WhatsApp_Image_2026-02-22_at_10.36.47_AM_2.jpeg",
    "slug": "momcare_soap",
    "category": 8
  }
},
{
  "model": "products.subcategory",
  "pk": 30,
  "fields": {
    "name": "Car",
    "image": "subcategories/OIP_1.webp",
    "slug": "cars",
    "category": 12
  }
},
{
  "model": "products.subcategory",
  "pk": 31,
  "fields": {
    "name": "Dairy",
    "image": "subcategories/OIP_2.webp",
    "slug": "dairy-grocery",
    "category": 11
  }
},
{
  "model": "products.subcategory",
  "pk": 32,
  "fields": {
    "name": "Tea",
    "image": "subcategories/tea.webp",
    "slug": "tea-grocery",
    "category": 11
  }
},
{
  "model": "products.subcategory",
  "pk": 33,
  "fields": {
    "name": "Cooking",
    "image": "subcategories/cooking.webp",
    "slug": "cooking-grocery",
    "category": 11
  }
},
{
  "model": "products.subcategory",
  "pk": 34,
  "fields": {
    "name": "Common Accessories",
    "image": "subcategories/OIP_4.webp",
    "slug": "common-accessories",
    "category": 12
  }
},
{
  "model": "products.subcategory",
  "pk": 35,
  "fields": {
    "name": "Bike Accessories",
    "image": "subcategories/OIP_3.webp",
    "slug": "bike-accessories",
    "category": 12
  }
},
{
  "model": "products.product",
  "pk": "08741973-2c7d-47e4-8eb1-6b590838f5af",
  "fields": {
    "shop": 1,
    "brand": 18,
    "name": "Baseus Car Holder For JoyRide Pro Backseat Car Mount Black SUTQ000001",
    "slug": "baseus-car-holder-for-joyride-pro-backseat-car-mount-black-sutq000001",
    "description": "Baseus Car Holder For JoyRide Pro Backseat Car Mount Black SUTQ000001\r\n\r\nMain Features : \r\n\r\nDesigned For Backseat .Liberate your hands\r\nclaw-like dual-hook design for higher stability\r\nfor smart phones and tablet\r\nfold to store with just a push\r\none-hand operation with space-saving design\r\nadjust the viewing angle to your preference\r\nSpecifications  :\r\n\r\nName: Baseus JoyRide Pro Series Car Backseat Mount\r\nModel No.: BS-CZ009\r\nMaterial: Aluminum alloy+ABS\r\nProduct Size: 202*158*52mm\r\nPackage Size: 230*64*99mm\r\nProduct Weight: About 320g",
    "sub_category": 12,
    "shipping_category": 1,
    "price": "1675.00",
    "discount_price": "1600.00",
    "wholesale_price": null,
    "minimum_purchase": 1,
    "affiliate_commission_rate": null,
    "stock": 8,
    "is_active": true,
    "weight": null,
    "length": null,
    "width": null,
    "height": null,
    "thumbnail": "products/thumbnails/Baseus-Car-Holder-For-JoyRide-Pro-Backseat-Car-Mount-Black-SUTQ_z7d6917.jpg.webp",
    "created_at": "2026-04-04T07:05:16.568Z",
    "updated_at": "2026-04-04T07:05:16.568Z",
    "colors": [
      6
    ],
    "sizes": []
  }
},
{
  "model": "products.product",
  "pk": "0cc4273d-48f5-45ef-9ff4-401fb64de6fd",
  "fields": {
    "shop": 1,
    "brand": 1,
    "name": "Biomil 1 Milk Powder (0-6 months)",
    "slug": "biomil-1-milk-powder-0-6-months",
    "description": "<p>Breast milk is the nutrition that is best suited to infants. BIOMIL&reg; 1 may be used as a supplement to or replacement for breast milk should this be lacking or insufficient. BIOMIL&reg; 1 is a preparation based on modified cows&rsquo; milk to ensure it is precisely adapted to the nutritional needs of infants. BIOMIL&reg; 1 contains partially skimmed cows&rsquo; milk, demineralized whey, vegetable oils, lactose, and supplements of calcium, zinc and copper, iron salt,s, and 14 vitamins. BIOMIL&reg; 1 is a milk formula that is especially well tolerated by infants between 0 and 6 months. It may be used as a replacement for breast milk should this not be available, or as weaning food if the quantity of breast milk no longer meets the infant&rsquo;s needs.</p>",
    "sub_category": 1,
    "shipping_category": null,
    "price": "625.00",
    "discount_price": "620.00",
    "wholesale_price": null,
    "minimum_purchase": 1,
    "affiliate_commission_rate": null,
    "stock": 100,
    "is_active": true,
    "weight": null,
    "length": null,
    "width": null,
    "height": null,
    "thumbnail": "products/thumbnails/biomil-1-milk-powder-0-6-months-350-gm.webp",
    "created_at": "2025-09-14T12:21:19.825Z",
    "updated_at": "2025-09-24T10:41:57.142Z",
    "colors": [],
    "sizes": []
  }
},
{
  "model": "products.product",
  "pk": "12cb6a2b-c148-4f1a-8bad-b686ac672f52",
  "fields": {
    "shop": 1,
    "brand": 2,
    "name": "Meal General Tso's Chicken, 12 Ounce",
    "slug": "meal-general-tsos-chicken-12-ounce",
    "description": "Important information\r\nSafety Information\r\nPREPARED ON SHARED EQUIPMENT WITH OTHER FOODS THAT CONTAIN EGGS, FISH, MILK, PEANUT, SESAME, SHELLFISH, SOY, TREE NUTS, WHEAT\r\n\r\nIngredients\r\nINGREDIENTS: COOKED RICE (WATER, LONG GRAIN JASMINE RICE), CHICKEN TEMPURA FRITTER (BONELESS SKINLESS CHICKEN BREAST, WATER, FLOUR [WHEAT FLOUR, MALTED BARLEY FLOUR], CORN STARCH, EXPELLER-PRESSED CANOLA OIL, PANKO BREAD CRUMBS [WHEAT FLOUR, SUGAR, YEAST, SALT], SALT, BAKING POWDER [SODIUM ACID PYROPHOSPHATE, SODIUM BICARBONATE, CORN STARCH, MONO-CALCIUM PHOSPHATE], WHITE PEPPER), GENERAL TSO'S SAUCE (WATER, SUGAR, RICE VINEGAR, SOY SAUCE [WATER, SOYBEANS, WHEAT, SALT], SALTED SAKE [WATER, RICE, KOJI {ASPERGILLUS ORYZAE}, SALT], MODIFIED FOOD STARCH, GARLIC, SOYBEAN OIL, MOLASSES, CONTAINS LESS THAN 2% OF SALT, CARAMEL COLOR, DEHYDRATED CHILI PEPPERS, SPICES, ONION POWDER, YEAST EXTRACT, DEHYDRATED MINCED GREEN ONIONS, CITRIC ACID, SODIUM CITRATE, MALTODEXTRIN, XANTHAN GUM, NATURAL FLAVOR), BROCCOLI.CONTAINS SOY, WHEAT\r\n\r\nLegal Disclaimer\r\nStatements regarding dietary supplements have not been evaluated by the FDA and are not intended to diagnose, treat, cure, or prevent any disease or health condition.\r\n\r\n\r\nTop\r\nAbout this item\r\nSimilar\r\nProduct information\r\nFrom the Brand\r\nReviews\r\nWhole Foods Market, Meal General Tso's Chicken, 12 Ounce\r\nWhole Foods Market, Meal General Tso's Chicken, 12 Ounce\r\nDisclaimer: While we work to ensure that product information is correct, on occasion manufacturers may alter their ingredient lists. Actual product packaging and materials may contain more and/or different information than that shown on our Web site. We recommend that you do not solely rely on the information presented and that you always read labels, warnings, and directions before using or consuming a product. For additional information about a product, please contact the manufacturer. Content on this site is for reference purposes and is not intended to substitute for advice given by a physician, pharmacist, or other licensed health-care professional. You should not use this information as self-diagnosis or for treating a health problem or disease. Contact your health-care provider immediately if you suspect that you have a medical problem. Information and statements regarding dietary supplements have not been evaluated by the Food and Drug Administration and are not intended to diagnose, treat, cure, or prevent any disease or health condition. Amazon.com assumes no liability for inaccuracies or misstatements about products.",
    "sub_category": 31,
    "shipping_category": 3,
    "price": "400.00",
    "discount_price": null,
    "wholesale_price": null,
    "minimum_purchase": 1,
    "affiliate_commission_rate": null,
    "stock": 7,
    "is_active": true,
    "weight": null,
    "length": null,
    "width": null,
    "height": null,
    "thumbnail": "products/thumbnails/71HSfGhGxGL._SX679_.jpg",
    "created_at": "2026-04-04T07:31:29.956Z",
    "updated_at": "2026-04-04T07:31:29.956Z",
    "colors": [
      1
    ],
    "sizes": []
  }
},
{
  "model": "products.product",
  "pk": "170f3e9a-cec3-42be-a5a2-f6c09d8c3792",
  "fields": {
    "shop": 1,
    "brand": 11,
    "name": "Pur Comfort Feeder Wide Neck Bottle 250ml",
    "slug": "pur-comfort-feeder-wide-neck-bottle-250ml",
    "description": "<ul>\r\n\t<li>Wide base feeding bottle.</li>\r\n\t<li>Ergonomically designed. Shaped for providing an easy grip, during feeding.</li>\r\n\t<li>Stable base.</li>\r\n\t<li>Hood with graduated measuring scale to measure the amount of milk powder to put in.</li>\r\n\t<li>Nipple attached is a wide base pro flo nipple.</li>\r\n\t<li>Made from high quality plastic material.</li>\r\n\t<li>Teat is made from medical grade silicone, which is also volatile and nitrosamine safe. Guaranteed not to perish odorless</li>\r\n\t<li>tasteless and non-toxic.</li>\r\n\t<li>Age limit: 3m+</li>\r\n\t<li>BPA free</li>\r\n\t<li>Manufacturing Country: Thailand</li>\r\n</ul>",
    "sub_category": 21,
    "shipping_category": 1,
    "price": "700.00",
    "discount_price": "665.00",
    "wholesale_price": null,
    "minimum_purchase": 1,
    "affiliate_commission_rate": null,
    "stock": 100,
    "is_active": true,
    "weight": "0.50",
    "length": "100.00",
    "width": "30.00",
    "height": "35.00",
    "thumbnail": "products/thumbnails/pur.jpg",
    "created_at": "2025-09-15T10:37:06.536Z",
    "updated_at": "2025-09-15T10:37:06.536Z",
    "colors": [
      1
    ],
    "sizes": [
      4
    ]
  }
},
{
  "model": "products.product",
  "pk": "206059d5-0467-4c7a-bfc7-1614517e658d",
  "fields": {
    "shop": 1,
    "brand": 8,
    "name": "MamyPoko Pants Large 9-14 Kg 44 Pcs",
    "slug": "mamypoko-pants-large-9-14-kg-44-pcs",
    "description": "<p><strong>MamyPoko Pants</strong> are specially designed baby diapers that provide long-lasting dryness, comfort, and easy wear. With powerful absorbent technology, they lock in wetness quickly to keep babies dry for hours. The soft, breathable material and stretchable waistband ensure a gentle fit, allowing babies to move freely without discomfort. Easy to put on and remove like underwear, MamyPoko Pants make diaper changing simple and hassle-free for parents.</p>",
    "sub_category": 27,
    "shipping_category": 1,
    "price": "1999.00",
    "discount_price": "1640.00",
    "wholesale_price": null,
    "minimum_purchase": 1,
    "affiliate_commission_rate": null,
    "stock": 20,
    "is_active": true,
    "weight": "1.50",
    "length": "30.00",
    "width": "30.00",
    "height": "50.00",
    "thumbnail": "products/thumbnails/Capture_mamypoko-500x500.png",
    "created_at": "2025-09-15T06:10:32.287Z",
    "updated_at": "2025-09-15T06:10:32.287Z",
    "colors": [
      2
    ],
    "sizes": [
      6
    ]
  }
},
{
  "model": "products.product",
  "pk": "20692db9-4c14-4663-b8c7-0cf894c611e7",
  "fields": {
    "shop": 1,
    "brand": 2,
    "name": "Amy's Frozen Meals, Cheese Enchilada Entree, Gluten Free, 9 oz.",
    "slug": "amys-frozen-meals-cheese-enchilada-entree-gluten-free-9-oz",
    "description": "Safety Information\r\nThis product is made in a facility that processes foods containing wheat, milk, soy, tree nuts and seeds (including sunflower seeds). In addition to gluten testing, strict allergen control measures are implemented at all levels of production. Amy's Kitchen does not use any peanuts, fish, shellfish or eggs; Contains Milk.\r\n\r\nIngredients\r\nFiltered Water, Organic Corn Tortillas (Organic White Corn, Water, Trace Of Lime), Organic Monterey Jack Cheese (Organic Pasteurized Milk, Culture, Salt, Enzymes), White Cheddar Cheese (Pasteurized Milk, Culture, Salt, Enzymes), Organic Onions, Organic Tomato Purée, Olives, Organic Sweet Rice Flour, Expeller Pressed High Oleic Safflower And/Or Sunflower Oil, Organic Green Chiles, Spices, Organic Bell Peppers, Cheddar Cheese (Pasteurized Milk, Culture, Salt, Annatto, Enzymes), Sea Salt, Organic Garlic. Contains Milk.\r\n\r\nDirections\r\nOvens may vary Microwave Oven: Make a 1-inch slit in overwrap. Cook on MEDIUM for 5 minutes. Remove overwrap. Cook on HIGH for 1-2 minutes. Let sit 1 minute. Serve. Conventional Oven: Preheat oven to 400°F. Remove overwrap. Cover tray with foil and place on a baking sheet. Bake for 35-40 minutes. Let sit 1 minute. Serve. Toaster Oven: Remove overwrap and tray. Place in an oven-safe dish. Follow conventional oven directions.\r\n\r\nLegal Disclaimer\r\nStatements regarding dietary supplements have not been evaluated by the FDA and are not intended to diagnose, treat, cure, or prevent any disease or health condition.\r\n\r\nDisclaimer: While we work to ensure that product information is correct, on occasion manufacturers may alter their ingredient lists. Actual product packaging and materials may contain more and/or different information than that shown on our Web site. We recommend that you do not solely rely on the information presented and that you always read labels, warnings, and directions before using or consuming a product. For additional information about a product, please contact the manufacturer. Content on this site is for reference purposes and is not intended to substitute for advice given by a physician, pharmacist, or other licensed health-care professional. You should not use this information as self-diagnosis or for treating a health problem or disease. Contact your health-care provider immediately if you suspect that you have a medical problem. Information and statements regarding dietary supplements have not been evaluated by the Food and Drug Administration and are not intended to diagnose, treat, cure, or prevent any disease or health condition. Amazon.com assumes no liability for inaccuracies or misstatements about products.\r\n\r\nProduct Description\r\nThis is comfort food, Mexican style! One box of Amy’s Cheese Enchiladas includes two tortillas made from ground organic corn filled with a blend of creamy cheeses, peppers and olives and covered in our tasty, traditional enchilada sauce. The recipe for our sauce has been handed down for generations, with a special blend of spices. Made with only the highest quality ingredients, Amy's Cheese Enchiladas are gluten free, soy and tree nut free, certified kosher and suitable for vegetarian diets. They’re also convenient and easy to prepare. Simply heat and serve! Since 1987, we at Amy’s Kitchen have produced delicious, convenient foods for people who are sometimes too busy to cook. Amy’s is a family-run business, and we supervise every aspect of our business and take pride in customer satisfaction. All the fruits, vegetables and grains we use are grown without the use of insecticides, GMOs and other harmful chemicals. We prepare these ingredients with the same careful attention in our kitchen as you would in your own home for high-quality, home-style vegetarian and vegan meals. No meat, fish, shellfish, poultry, eggs or peanuts are ever used in any Amy's products. Even though you're heating up our meals in your home, we want each bite to taste like you're a guest in ours.",
    "sub_category": 31,
    "shipping_category": 3,
    "price": "2200.00",
    "discount_price": null,
    "wholesale_price": null,
    "minimum_purchase": 1,
    "affiliate_commission_rate": null,
    "stock": 6,
    "is_active": true,
    "weight": null,
    "length": null,
    "width": null,
    "height": null,
    "thumbnail": "products/thumbnails/51EOU0pf7nL._SX300_SY300_QL70_FMwebp_.webp",
    "created_at": "2026-04-04T07:05:57.086Z",
    "updated_at": "2026-04-04T07:05:57.086Z",
    "colors": [
      7,
      1
    ],
    "sizes": []
  }
},
{
  "model": "products.product",
  "pk": "238ba507-3dab-42cc-b2d7-f52d977fd51f",
  "fields": {
    "shop": 1,
    "brand": 17,
    "name": "Smart Walker-Red-Basic",
    "slug": "smart-walker-red-basic",
    "description": "<p>The Smart Walker &ndash; Red Basic is a sturdy and safe baby walker designed to help infants take their first steps with confidence. Featuring a vibrant red color, it provides a stable frame and smooth-rolling wheels for easy movement. Its ergonomic design supports proper posture while allowing babies to explore their surroundings safely. Lightweight and durable, the Smart Walker &ndash; Red Basic is ideal for daily use and encourages active learning and mobility.</p>",
    "sub_category": 9,
    "shipping_category": 3,
    "price": "2500.00",
    "discount_price": "2300.00",
    "wholesale_price": null,
    "minimum_purchase": 1,
    "affiliate_commission_rate": null,
    "stock": 50,
    "is_active": true,
    "weight": "1.50",
    "length": "100.00",
    "width": "70.00",
    "height": "80.00",
    "thumbnail": "products/thumbnails/0569525_smart-walker-red-basic.jpeg",
    "created_at": "2025-09-17T09:25:30.106Z",
    "updated_at": "2025-09-17T09:25:30.106Z",
    "colors": [
      4
    ],
    "sizes": []
  }
},
{
  "model": "products.product",
  "pk": "281356f1-8a76-492a-baff-f6da7983ef85",
  "fields": {
    "shop": 1,
    "brand": 15,
    "name": "Johnson’s Baby Cream 100gm",
    "slug": "johnsons-baby-cream-100gm",
    "description": "<p>Johnson&rsquo;s Baby Cream is specially formulated to protect your baby&rsquo;s delicate skin from dryness. Its rich, nourishing formula locks in moisture and provides long-lasting hydration, keeping skin soft, smooth, and healthy. Gentle and mild, it is dermatologist-tested, hypoallergenic, and safe for daily use. With a light, pleasant fragrance, Johnson&rsquo;s Baby Cream helps care for your baby&rsquo;s skin while leaving it fresh and comfortable.</p>",
    "sub_category": 11,
    "shipping_category": 3,
    "price": "699.00",
    "discount_price": "690.00",
    "wholesale_price": null,
    "minimum_purchase": 1,
    "affiliate_commission_rate": null,
    "stock": 100,
    "is_active": true,
    "weight": "0.10",
    "length": "50.00",
    "width": "20.00",
    "height": "25.00",
    "thumbnail": "products/thumbnails/Johnsons-Baby-Cream1-500x500.jpg",
    "created_at": "2025-09-17T05:19:09.410Z",
    "updated_at": "2025-09-17T05:19:09.410Z",
    "colors": [
      1
    ],
    "sizes": []
  }
},
{
  "model": "products.product",
  "pk": "2c47b9c7-5215-4714-a218-4e5e4c6c9f21",
  "fields": {
    "shop": 1,
    "brand": 6,
    "name": "Huggies Dry Large Pant Diaper 9-14Kg - 50 Pcs",
    "slug": "huggies-dry-large-pant-diaper-9-14kg-50-pcs",
    "description": "<p>Huggies Dry Large Pant Diapers are designed to provide comfort and protection for your growing baby. With a weight range of 9-14 kg, these diapers are perfect for active babies who need a secure and comfortable fit. The diapers have a soft and flexible waistband that allows for a snug fit and reduces the risk of leaks. The absorbent core locks away wetness, keeping your baby dry and comfortable, even during active play.<br />\r\nThis pack of 50 pieces is an excellent value for money and ensures that you always have a fresh diaper on hand. The diapers are available in Malaysia, so you can easily get your hands on them. The diapers are also easy to use, making it convenient for you to care for your baby on-the-go.<br />\r\nOverall, Huggies Dry Large Pant Diapers are an excellent choice for parents looking for a reliable and comfortable solution for their growing baby. With the protection and comfort that Huggies provides, you can rest assured that your baby will stay dry and happy all day long.</p>\r\n\r\n<h2>What is the best price of Huggies Large Pant Diaper in Bangladesh?</h2>\r\n\r\n<p>The best price of Huggies Large Pant Diaper in Bangladesh You can buy the Huggies Large Pant Diaper at best price from our website.</p>",
    "sub_category": 5,
    "shipping_category": null,
    "price": "1799.00",
    "discount_price": "1700.00",
    "wholesale_price": null,
    "minimum_purchase": 1,
    "affiliate_commission_rate": null,
    "stock": 100,
    "is_active": true,
    "weight": "1.50",
    "length": "0.05",
    "width": "0.04",
    "height": "30.00",
    "thumbnail": "products/thumbnails/106-1723396052-3085.webp",
    "created_at": "2025-09-14T15:57:25.399Z",
    "updated_at": "2025-09-14T18:22:40.037Z",
    "colors": [],
    "sizes": []
  }
},
{
  "model": "products.product",
  "pk": "309e2b52-4b38-4a30-8081-1a7d584e0a18",
  "fields": {
    "shop": 1,
    "brand": 19,
    "name": "Scarlet Bird",
    "slug": "scarlet-bird",
    "description": "Ea corporis sit aut",
    "sub_category": 12,
    "shipping_category": null,
    "price": "551.00",
    "discount_price": "695.00",
    "wholesale_price": "50.00",
    "minimum_purchase": 77,
    "affiliate_commission_rate": "66.00",
    "stock": 40,
    "is_active": true,
    "weight": "97.00",
    "length": "45.00",
    "width": "48.00",
    "height": "59.00",
    "thumbnail": "products/thumbnails/offer2.jpg",
    "created_at": "2026-02-25T06:33:55.309Z",
    "updated_at": "2026-03-05T08:00:01.863Z",
    "colors": [
      4,
      1
    ],
    "sizes": [
      3
    ]
  }
},
{
  "model": "products.product",
  "pk": "31cd3ed9-a6ff-47f1-baac-4e98ba5d24c1",
  "fields": {
    "shop": 1,
    "brand": 15,
    "name": "Johnson’s Baby Shampoo 500ml",
    "slug": "johnsons-baby-shampoo-500ml",
    "description": "<p>Johnson&rsquo;s Baby Shampoo is specially made to gently cleanse your baby&rsquo;s delicate hair and scalp. With its <em>No More Tears&reg;</em> formula, it is as mild as pure water and won&rsquo;t sting your baby&rsquo;s eyes. Dermatologist-tested and hypoallergenic, this shampoo leaves hair soft, shiny, and easy to manage. Safe for daily use, Johnson&rsquo;s Baby Shampoo keeps your baby&rsquo;s hair clean and healthy while being gentle enough for newborns.</p>",
    "sub_category": 11,
    "shipping_category": 3,
    "price": "2000.00",
    "discount_price": "1900.00",
    "wholesale_price": null,
    "minimum_purchase": 1,
    "affiliate_commission_rate": null,
    "stock": 100,
    "is_active": true,
    "weight": "0.50",
    "length": "50.00",
    "width": "40.00",
    "height": "20.00",
    "thumbnail": "products/thumbnails/455283011_0_640x640-500x500.jpg",
    "created_at": "2025-09-17T05:55:23.375Z",
    "updated_at": "2025-09-17T05:55:23.375Z",
    "colors": [],
    "sizes": []
  }
},
{
  "model": "products.product",
  "pk": "32a7f16b-52d2-48d4-858d-50b29b200a9d",
  "fields": {
    "shop": 1,
    "brand": 9,
    "name": "Nestlé LACTOGEN 2 Follow up Formula With Iron 6m+ 400 gm TIN",
    "slug": "nestle-lactogen-2-follow-up-formula-with-iron-6m-4",
    "description": "<p><strong>Nestl&eacute; LACTOGEN 2 Follow-Up Formula With Iron (6 months+) &ndash; 400g Tin</strong><br />\r\nNestl&eacute; LACTOGEN 2 is a scientifically developed follow-up formula for infants from 6 months onward, designed to complement a diversified diet. Enriched with <strong>Iron and essential nutrients</strong>, it supports healthy growth, brain development, and overall well-being. Its gentle formulation is easy to digest and helps provide the nutrition babies need during this important stage of development. Packaged in a safe, hygienic 400g tin, it offers both convenience and trusted quality for parents.</p>",
    "sub_category": 1,
    "shipping_category": 1,
    "price": "850.00",
    "discount_price": "810.00",
    "wholesale_price": null,
    "minimum_purchase": 1,
    "affiliate_commission_rate": null,
    "stock": 60,
    "is_active": true,
    "weight": "0.40",
    "length": "30.00",
    "width": "20.00",
    "height": "40.00",
    "thumbnail": "products/thumbnails/nestle-lactogen-2-400-gm-500x500.png",
    "created_at": "2025-09-15T09:23:53.704Z",
    "updated_at": "2025-09-15T18:16:04.444Z",
    "colors": [
      1
    ],
    "sizes": []
  }
},
{
  "model": "products.product",
  "pk": "3bf9f16b-0259-4733-881b-fc309addff6b",
  "fields": {
    "shop": 1,
    "brand": 18,
    "name": "Baseus Easy Control Clamp Car Mount Holder Air Outlet Version Black SUYK000101",
    "slug": "baseus-easy-control-clamp-car-mount-holder-air-outlet-version-black-suyk000101",
    "description": "Baseus Easy Control Clamp Car Mount Holder Air Outlet Version Black SUYK000101\r\nOne-handed Operation, Fast Pick up and Place: Press and retract, and control easily with one hand\r\nActive Clamp No noise: Press the clamp inward to lock a phone and form a stable triangle structure to prevent noise\r\nMechanical Clamp Horizontal/Vertical Screen: Press the clamp inward to firmly fix a phone bit by bit\r\nTransparent and Delicate: A transparent shell with metal clamp arms offers quality texture for matching car interior\r\nNo Fear of Bumps and Turns: Wearproof silica gel pads inside the clamp arms can cushion the pressure due to brakes and bumps to protect phones\r\nShorter Tooth Pitch for All Models: Tooth pitches are calculated and designed according to most models\r\nFor Air Vent/Dashboard Mount: The new mounting kit includes accessories for mounting on air vents and dashboards\r\nDouble Reinforcement, No Vibration: A larger suction cup and mechanical pressure valve for stronger bearing capacity and better stability\r\nAdjustable Height for Wider Field of view: The folding pole in the kit has streamline design without blocking sight. A heavy damping pivot is adjustable in height for stability and wide field of view\r\nSpecifications:\r\n\r\nBrand: Baseus\r\nMaterial: PC +ABS\r\nInstall way: Clamping type\r\nFixed position: Air outlet\r\nApplicable models: 4.7-6.7 inches\r\nCompatible with:\r\n\r\nUniversal\r\nPackage included:\r\n\r\n1 x Car Mount Mobile Phone Holder\r\nOther items not include",
    "sub_category": 12,
    "shipping_category": 1,
    "price": "995.00",
    "discount_price": "900.00",
    "wholesale_price": null,
    "minimum_purchase": 1,
    "affiliate_commission_rate": null,
    "stock": 23,
    "is_active": true,
    "weight": null,
    "length": null,
    "width": null,
    "height": null,
    "thumbnail": "products/thumbnails/SUYK000001-7.jpg_1.webp",
    "created_at": "2026-04-04T07:17:24.261Z",
    "updated_at": "2026-04-04T07:17:24.261Z",
    "colors": [
      6
    ],
    "sizes": []
  }
},
{
  "model": "products.product",
  "pk": "4361b7d8-4323-4d9e-918f-64f514d48395",
  "fields": {
    "shop": 1,
    "brand": 23,
    "name": "Lifeboy",
    "slug": "lifeboy-soap",
    "description": "Life boy soap is better than others.",
    "sub_category": 24,
    "shipping_category": 4,
    "price": "500.00",
    "discount_price": "50.00",
    "wholesale_price": "10.00",
    "minimum_purchase": 1,
    "affiliate_commission_rate": null,
    "stock": 499,
    "is_active": false,
    "weight": "0.50",
    "length": "1.00",
    "width": "0.20",
    "height": "5.00",
    "thumbnail": "products/thumbnails/WhatsApp_Image_2026-02-22_at_10.36.16_AM.jpeg",
    "created_at": "2026-02-24T09:02:15.253Z",
    "updated_at": "2026-02-24T09:02:15.253Z",
    "colors": [
      8
    ],
    "sizes": [
      1
    ]
  }
},
{
  "model": "products.product",
  "pk": "4f32928b-bce7-4f62-8187-d6906982b16e",
  "fields": {
    "shop": 1,
    "brand": 16,
    "name": "Kodomo Baby Gift Set Large (8 Pcs)",
    "slug": "kodomo-baby-gift-set-large-8-pcs",
    "description": "<p>Using finest ingredients and safety fragrance that is tested to International Dermatological Standards, KODOMO Baby Care range offers the tender loving care for your precious little ones, bringing on their happy smiley faces and total peace of mind that every loving mother is looking for.</p>",
    "sub_category": 11,
    "shipping_category": 4,
    "price": "3800.00",
    "discount_price": "3600.00",
    "wholesale_price": "3040.00",
    "minimum_purchase": 5,
    "affiliate_commission_rate": null,
    "stock": 50,
    "is_active": true,
    "weight": "1.80",
    "length": "30.00",
    "width": "20.00",
    "height": "20.00",
    "thumbnail": "products/thumbnails/download_44.jfif",
    "created_at": "2025-09-20T11:06:17.606Z",
    "updated_at": "2025-10-20T07:17:11.080Z",
    "colors": [
      4
    ],
    "sizes": []
  }
},
{
  "model": "products.product",
  "pk": "5398b394-20ea-4515-851f-2024c544497c",
  "fields": {
    "shop": 1,
    "brand": 18,
    "name": "Baseus 2pcs Car Rear View Blind Spot Mirror Full Vision 360 Degree Wide Anger Parking Assistant Mirror",
    "slug": "baseus-2pcs-car-rear-view-blind-spot-mirror-full-vision-360-degree-wide-anger-parking-assistant-mirror",
    "description": "Baseus 2pcs Mirror Car\r\n\r\nEffectively expand visual angle with mini rearview mirror.\r\nAdjustable 360° degrees mirror rotation for different traffics.\r\nDesigned to increase visibility and improve driving safety.\r\nEasy stick-on, rip the sticker off the mirror to apply it your car back-up mirror easily.\r\nSpecification:\r\nBaseus 2pcs Mirror Car\r\nBrand: Baseus\r\nMaterial: Glass\r\nSize: 49mm*13mm\r\nWeight: 80g\r\nTechnology: AF Ion Injection\r\nPlacement: on Vehicle Rear View Mirror",
    "sub_category": 13,
    "shipping_category": 1,
    "price": "650.00",
    "discount_price": "600.00",
    "wholesale_price": null,
    "minimum_purchase": 1,
    "affiliate_commission_rate": null,
    "stock": 19,
    "is_active": true,
    "weight": null,
    "length": null,
    "width": null,
    "height": null,
    "thumbnail": "products/thumbnails/Baseus-2pcs-Car-Rear-View-Mirror-Full-Vision-360-Auto-2.jpg.webp",
    "created_at": "2026-04-04T07:21:07.524Z",
    "updated_at": "2026-04-04T07:21:07.524Z",
    "colors": [
      6
    ],
    "sizes": []
  }
},
{
  "model": "products.product",
  "pk": "59a66da0-ab61-4b56-9c61-04336c77ba5f",
  "fields": {
    "shop": 1,
    "brand": 5,
    "name": "Fresh Happy Nappy Pant Diaper XL 12-17Kg 32 Pcs",
    "slug": "fresh-happy-nappy-pant-diaper-xl-12-17kg-32-pcs",
    "description": "<p>The Fresh Happy Nappy Pant Diaper XL is the perfect solution for parents with growing babies weighing between 12-17 kg. This pack includes 32 pieces, providing parents with added value and convenience.<br />\r\nThe diaper is made with soft and absorbent material that provides ultimate comfort and protection for the baby. The material quickly draws away moisture, keeping your baby dry and comfortable, while also preventing any leaks.<br />\r\nIn addition to its comfort and protection features, the Fresh Happy Nappy Pant Diaper XL is also designed for ease of use. The pant-style design makes it easy to put on and take off, and the adjustable waistband ensures a snug and secure fit.<br />\r\nWhether you are at home, out and about, or traveling, the Fresh Happy Nappy Pant Diaper XL is the perfect solution for keeping your growing baby fresh and happy. So why wait? Stock up today and enjoy peace of mind knowing your baby is well taken care of.</p>\r\n\r\n<h2>What is the best price of Fresh Happy Nappy Pant Diaper in Bangladesh?</h2>\r\n\r\n<p>The best price of Fresh Happy Nappy Pant Diaper in Bangladesh&nbsp; You can buy the Fresh Happy Nappy Pant Diaper at best price from our website.</p>",
    "sub_category": 5,
    "shipping_category": null,
    "price": "750.00",
    "discount_price": "670.00",
    "wholesale_price": null,
    "minimum_purchase": 1,
    "affiliate_commission_rate": null,
    "stock": 50,
    "is_active": true,
    "weight": "1.50",
    "length": "40.00",
    "width": "30.00",
    "height": "100.00",
    "thumbnail": "products/thumbnails/fresh-happy-nappy-pant-diaper-xl-12-17-kg-32-pcs-500x500.jpg",
    "created_at": "2025-09-14T13:17:34.064Z",
    "updated_at": "2025-09-14T18:21:05.703Z",
    "colors": [
      1
    ],
    "sizes": [
      5,
      2,
      1,
      4,
      3
    ]
  }
},
{
  "model": "products.product",
  "pk": "6490a5eb-3148-4d56-8359-f80ffaa01855",
  "fields": {
    "shop": 1,
    "brand": 2,
    "name": "Ajwa Premium Dates Large 1kg",
    "slug": "ajwa-premium-dates-large-1kg",
    "description": "Product Details\r\n\r\nAjwa Premium Dates are carefully sourced from the sacred city of Al Madinah in Saudi Arabia, a region celebrated for cultivating the world’s finest dates. Each Ajwa date is meticulously hand-picked at the perfect stage of ripeness to ensure superior quality, uniform size, and a naturally deep, dark brown to black hue. These dates are 100% natural and free from any artificial colors, flavors, or preservatives, retaining their authentic taste and rich nutritional goodness. With a soft yet firm texture and a mildly sweet, fruity flavor, Ajwa Dates provide a truly delightful and wholesome experience. Whether enjoyed as a healthy snack, presented as a thoughtful gift, or served during special occasions such as Ramadan, their distinctive taste and quality make them stand out. Versatile in use, Ajwa Dates can also be added to desserts, smoothies, salads, or energy mixes for a natural touch of sweetness and nourishment.\r\n\r\nNutritional Benefits:\r\nRich in Dietary Fibre – Supports healthy digestion and helps maintain bowel regularity.\r\nHigh in Natural Energy – Contains natural sugars like glucose, fructose, and sucrose that provide an instant energy boost.\r\nPacked with Essential Minerals – A good source of potassium, magnesium, calcium, and iron for overall body function and vitality.\r\nLoaded with Antioxidants – Helps protect cells from oxidative stress and supports heart health.\r\nPromotes Bone Strength – The presence of minerals such as calcium and phosphorus contribute to strong and healthy bones.\r\nSupports Heart Health – Low in fat and cholesterol-free, Ajwa Dates aid in maintaining healthy cholesterol levels.\r\nBoosts Immunity – Natural nutrients, vitamins, and antioxidants enhance the body’s immune defense system.\r\nImproves Brain Function – Rich in natural compounds that may help enhance memory and cognitive performance.",
    "sub_category": 31,
    "shipping_category": 3,
    "price": "1900.00",
    "discount_price": null,
    "wholesale_price": null,
    "minimum_purchase": 1,
    "affiliate_commission_rate": null,
    "stock": 6,
    "is_active": true,
    "weight": null,
    "length": null,
    "width": null,
    "height": null,
    "thumbnail": "products/thumbnails/IFxSL1767097262.jpg",
    "created_at": "2026-04-04T07:18:23.471Z",
    "updated_at": "2026-04-04T07:18:23.471Z",
    "colors": [
      1
    ],
    "sizes": []
  }
},
{
  "model": "products.product",
  "pk": "69168b55-4c21-4ed5-aeba-296f8a3d652e",
  "fields": {
    "shop": 1,
    "brand": 15,
    "name": "Johnson's Baby Powder 500 gm",
    "slug": "johnsons-baby-powder-500-gm",
    "description": "<p>Johnson&rsquo;s Baby Powder is designed to gently absorb excess moisture and keep your baby&rsquo;s skin feeling soft, fresh, and comfortable. Made with a mild and gentle formula, it helps reduce friction and leaves the skin smooth and dry. Its light, clean fragrance adds freshness without irritation. Dermatologist-tested and hypoallergenic, Johnson&rsquo;s Baby Powder is safe for daily use on delicate skin, making it trusted by parents around the world.</p>",
    "sub_category": 5,
    "shipping_category": 3,
    "price": "1050.00",
    "discount_price": "1030.00",
    "wholesale_price": null,
    "minimum_purchase": 1,
    "affiliate_commission_rate": null,
    "stock": 100,
    "is_active": true,
    "weight": "0.50",
    "length": "100.00",
    "width": "30.00",
    "height": "35.00",
    "thumbnail": "products/thumbnails/download_4.jfif",
    "created_at": "2025-09-17T05:12:08.830Z",
    "updated_at": "2025-09-23T11:50:43.938Z",
    "colors": [
      1
    ],
    "sizes": []
  }
},
{
  "model": "products.product",
  "pk": "6d159b95-9519-4b2d-9203-d7806a6c5ba0",
  "fields": {
    "shop": 1,
    "brand": 17,
    "name": "Smart Walker-",
    "slug": "smart-walker",
    "description": "<p>The Smart Walker &ndash; Red Basic is a sturdy and safe baby walker designed to help infants take their first steps with confidence. Featuring a vibrant red color, it provides a stable frame and smooth-rolling wheels for easy movement. Its ergonomic design supports proper posture while allowing babies to explore their surroundings safely. Lightweight and durable, the Smart Walker &ndash; Red Basic is ideal for daily use and encourages active learning and mobility.</p>",
    "sub_category": 9,
    "shipping_category": 3,
    "price": "2500.00",
    "discount_price": "2300.00",
    "wholesale_price": null,
    "minimum_purchase": 1,
    "affiliate_commission_rate": null,
    "stock": 50,
    "is_active": true,
    "weight": "1.50",
    "length": "100.00",
    "width": "70.00",
    "height": "80.00",
    "thumbnail": "",
    "created_at": "2025-09-17T09:26:00.771Z",
    "updated_at": "2025-09-17T09:26:00.772Z",
    "colors": [
      4
    ],
    "sizes": []
  }
},
{
  "model": "products.product",
  "pk": "6ea35273-a206-45c1-b788-d48ffe6c9065",
  "fields": {
    "shop": 1,
    "brand": 2,
    "name": "Chicken Fried Rice, 20 oz, (Frozen)",
    "slug": "chicken-fried-rice-20-oz-frozen",
    "description": "Put away your passport! While we know you don't have to travel to the far east to enjoy this popular fried rice preparation, with this tasty combination on-hand, you won't even need your keys. Our chicken fried rice is a perfectly seasoned combination of long grain white rice and bite-sized pieces of white meat chicken marinated in a soy sauce and sake based preparation for exceptional flavor and tenderness, together with yellow onion, scrambled eggs, carrots, peas and red bell pepper. Having this crowd pleaser ready in your freezer means you can whip it up in no time (well technically about 3 minutes) to - joys an accompaniment to another dish, or in larger portions as a main course. Feeling fanciful? Try garnishing with sprigs of cilantro, parsley or curls of peeled carrot.",
    "sub_category": 31,
    "shipping_category": 3,
    "price": "2100.00",
    "discount_price": null,
    "wholesale_price": null,
    "minimum_purchase": 1,
    "affiliate_commission_rate": null,
    "stock": 5,
    "is_active": true,
    "weight": null,
    "length": null,
    "width": null,
    "height": null,
    "thumbnail": "products/thumbnails/thumnail.jpg",
    "created_at": "2026-04-04T06:56:43.070Z",
    "updated_at": "2026-04-04T06:58:55.238Z",
    "colors": [
      1
    ],
    "sizes": []
  }
},
{
  "model": "products.product",
  "pk": "7272bd91-2941-46a6-ab51-e3e235b8fe75",
  "fields": {
    "shop": 1,
    "brand": 20,
    "name": "Duck Puff Premium",
    "slug": "duck-puff-premium",
    "description": "<p><strong>Duck Puff Premium</strong> is a high-quality tissue product designed to provide exceptional softness, strength, and comfort. Made from premium materials, it is gentle on the skin yet durable enough for everyday use. Whether for personal care, family needs, or household use, Duck Puff Premium delivers a clean, hygienic, and luxurious experience. Its superior absorbency and smooth texture make it a trusted choice for both home and on-the-go convenience.</p>",
    "sub_category": 5,
    "shipping_category": 3,
    "price": "250.00",
    "discount_price": "220.00",
    "wholesale_price": "150.00",
    "minimum_purchase": 15,
    "affiliate_commission_rate": "3.00",
    "stock": 100,
    "is_active": true,
    "weight": "0.10",
    "length": "20.00",
    "width": "15.00",
    "height": "15.00",
    "thumbnail": "products/thumbnails/download_3.jfif",
    "created_at": "2025-09-20T06:28:40.395Z",
    "updated_at": "2025-10-20T07:17:11.090Z",
    "colors": [
      4
    ],
    "sizes": []
  }
},
{
  "model": "products.product",
  "pk": "745c20e0-19f4-435c-b07f-26149f7da908",
  "fields": {
    "shop": 1,
    "brand": 18,
    "name": "Play Ball House With 50 pcs Ball",
    "slug": "play-ball-house-with-50-pcs-ball",
    "description": "<p>The Play Ball House is a colorful and fun play tent designed for children to enjoy active playtime. It comes with soft plastic balls, creating a safe and exciting environment where kids can crawl, jump, and play. Made from lightweight yet durable materials, the Play Ball House is easy to set up, fold, and store. It encourages physical activity, creativity, and social interaction, making it perfect for indoor or outdoor play.</p>",
    "sub_category": 28,
    "shipping_category": 3,
    "price": "3000.00",
    "discount_price": "2900.00",
    "wholesale_price": "599.00",
    "minimum_purchase": 10,
    "affiliate_commission_rate": "5.00",
    "stock": 50,
    "is_active": true,
    "weight": "2.00",
    "length": "100.00",
    "width": "99.00",
    "height": "37.00",
    "thumbnail": "products/thumbnails/0615641_play-ball-house-with-50-pcs-ball.webp",
    "created_at": "2025-09-17T11:25:53.438Z",
    "updated_at": "2025-10-20T07:06:19.408Z",
    "colors": [
      4
    ],
    "sizes": []
  }
},
{
  "model": "products.product",
  "pk": "7a9b12e5-d201-4c09-86bd-cff862d403d3",
  "fields": {
    "shop": 1,
    "brand": 18,
    "name": "Baseus In-car Inverter 150W 220V CN EU Ports Black CRNBQ-A01",
    "slug": "baseus-in-car-inverter-150w-220v-cn-eu-ports-black-crnbq-a01",
    "description": "Baseus In-car Inverter 150W 220V CN EU Ports Black CRNBQ-A01\r\n\r\n \r\n\r\n Brand: Baseus\r\nName: Baseus In-car Inverter 150W (220V CN/EU)\r\nModel No.: BS-CI15-02\r\nMaterial: PC+ABS\r\nPort: A+C/2AC output /Cigarette lighter input\r\nDC Input: 12V/20A Max.\r\nDC Output:\r\nUSB Output: 4.5V/5A; 5V/4.5A; 5V/3A; 9V/3A; 12V/2.5A\r\nType-C Output: 5V/3A; 9V/3A; 12V/2.5A\r\nTotal Output: 5V/5A\r\nAC Output:\r\nRated power: 150W\r\nOutput voltage: AC 220V-240V~50Hz 150W Max. (corrective wave)\r\nSize: 170x68x37mm Length of cigarette lighter cable: 40cm + connector\r\nWeight: about 270g\r\nList of Accessories: Manual * 1 + Warranty card * 1″",
    "sub_category": 15,
    "shipping_category": 1,
    "price": "3995.00",
    "discount_price": "3899.99",
    "wholesale_price": null,
    "minimum_purchase": 1,
    "affiliate_commission_rate": null,
    "stock": 56,
    "is_active": true,
    "weight": null,
    "length": null,
    "width": null,
    "height": null,
    "thumbnail": "products/thumbnails/CRNBQ-A01-k.jpg.webp",
    "created_at": "2026-04-04T07:31:36.650Z",
    "updated_at": "2026-04-04T07:31:36.650Z",
    "colors": [
      6
    ],
    "sizes": []
  }
},
{
  "model": "products.product",
  "pk": "827993a0-2f3d-4dac-8a20-00ae8be4f70b",
  "fields": {
    "shop": 1,
    "brand": 18,
    "name": "Baseus Dual Power Portable Electric Car Wash Spray Nozzle Battery Black CRDDSQ-A01",
    "slug": "baseus-dual-power-portable-electric-car-wash-spray-nozzle-battery-black-crddsq-a01",
    "description": "Baseus Dual Power Portable Electric Car Wash Spray Nozzle Battery Black CRDDSQ-A01\r\n\r\nBrand Name: BASEUS\r\nOrigin: CN(Origin)Interface\r\nMaterial: Engineering Plastic\r\nBody Material: Engineering Plastic\r\nHandle Type: Finger GripWith Water\r\nPipes: NoNozzle\r\nMaterial: Engineering Plastic\r\nInput: 5V/2ARated\r\nVoltage: 14VRated Power: 50.4W\r\nRated Power: 28.8Wh\r\nMax Pressure: 0.7Mpa",
    "sub_category": 15,
    "shipping_category": 1,
    "price": "2095.00",
    "discount_price": "2000.00",
    "wholesale_price": null,
    "minimum_purchase": 1,
    "affiliate_commission_rate": null,
    "stock": 67,
    "is_active": true,
    "weight": null,
    "length": null,
    "width": null,
    "height": null,
    "thumbnail": "products/thumbnails/Baseus-Dual-Power-Portable-Electric-Car-Wash-Spray-Nozzle-Batte_XZOKedy.jpg.webp",
    "created_at": "2026-04-04T07:34:24.334Z",
    "updated_at": "2026-04-04T07:34:24.334Z",
    "colors": [
      6
    ],
    "sizes": []
  }
},
{
  "model": "products.product",
  "pk": "87c835c8-9afa-4c87-93ae-ac23d50090ef",
  "fields": {
    "shop": 1,
    "brand": 2,
    "name": "Organic Mini Toast, 2.8 Ounce",
    "slug": "organic-mini-toast-28-ounce",
    "description": "Important information\r\nIngredients\r\nORGANIC WHEAT FLOUR, ORGANIC EXPELLER PRESSED PALM OIL, ORGANIC SUGAR, ORGANIC WHEAT GLUTEN, YEAST, SALT, ASCORBIC ACID (VITAMIN C).\r\n\r\nDirections\r\nReady to eat. Serve as is or with your favorite toppings or dips.\r\n\r\nLegal Disclaimer\r\nStatements regarding dietary supplements have not been evaluated by the FDA and are not intended to diagnose, treat, cure, or prevent any disease or health condition.\r\n\r\nDisclaimer: While we work to ensure that product information is correct, on occasion manufacturers may alter their ingredient lists. Actual product packaging and materials may contain more and/or different information than that shown on our Web site. We recommend that you do not solely rely on the information presented and that you always read labels, warnings, and directions before using or consuming a product. For additional information about a product, please contact the manufacturer. Content on this site is for reference purposes and is not intended to substitute for advice given by a physician, pharmacist, or other licensed health-care professional. You should not use this information as self-diagnosis or for treating a health problem or disease. Contact your health-care provider immediately if you suspect that you have a medical problem. Information and statements regarding dietary supplements have not been evaluated by the Food and Drug Administration and are not intended to diagnose, treat, cure, or prevent any disease or health condition. Amazon.com assumes no liability for inaccuracies or misstatements about products.\r\n\r\n\r\nTop\r\nAbout this item\r\nSimilar\r\nProduct information\r\nFrom the Brand\r\nReviews\r\n365 by Whole Foods Market, Organic Mini Toast, 2.8 Ounce\r\n365 by Whole Foods Market, Organic Mini Toast, 2.8 Ounce\r\nProduct Description\r\nWho are we? Well, we seek out the finest natural and organic foods available, maintain the strictest quality standards in the industry, and have an unshakeable commitment to sustainable agriculture. We ban 300+ ingredients from all food that we sell, including hydrogenated fats, high-fructose corn syrup and sweeteners such as aspartame, sucralose and saccharin, so you can skip deciphering ingredient labels and cut to relishing your finds. Our 365 by Whole Foods Market brand offers over 2,500 affordably priced and thoughtfully sourced products that not only meet our already strict standards, but also in many cases go above and beyond what we require of other brands.",
    "sub_category": 31,
    "shipping_category": 3,
    "price": "400.00",
    "discount_price": null,
    "wholesale_price": null,
    "minimum_purchase": 1,
    "affiliate_commission_rate": null,
    "stock": 7,
    "is_active": true,
    "weight": null,
    "length": null,
    "width": null,
    "height": null,
    "thumbnail": "products/thumbnails/41XR6DItKgL._SY300_SX300_QL70_FMwebp_.webp",
    "created_at": "2026-04-04T07:10:16.030Z",
    "updated_at": "2026-04-04T07:10:16.030Z",
    "colors": [
      1
    ],
    "sizes": []
  }
},
{
  "model": "products.product",
  "pk": "9f596144-86fb-4743-b520-b7b0e009109f",
  "fields": {
    "shop": 1,
    "brand": 2,
    "name": "La Dolce Vita Classic Almond Italian Biscotti Cookies, Gourmet Coffee & Tea Dipping Snack, 40 oz Jar",
    "slug": "la-dolce-vita-classic-almond-italian-biscotti-cookies-gourmet-coffee-tea-dipping-snack-40-oz-jar",
    "description": "Important information\r\nIngredients\r\nWheat Flour (Wheat Flour, Malted Barley Flour), Sugar, Salted Butter (Sweet Cream, Salt), Almonds, Eggs, Cornmeal, Egg Whites, Baking Powder (Sodium Acid Pyrophosphate, Baking Soda, Corn Starch, Monocalcium Phosphate), Anise Seed, Natural Flavors, Salt\r\n\r\nDirections\r\nOpen the jar and enjoy\r\n\r\nLegal Disclaimer\r\nStatements regarding dietary supplements have not been evaluated by the FDA and are not intended to diagnose, treat, cure, or prevent any disease or health condition.\r\n\r\nDisclaimer: While we work to ensure that product information is correct, on occasion manufacturers may alter their ingredient lists. Actual product packaging and materials may contain more and/or different information than that shown on our Web site. We recommend that you do not solely rely on the information presented and that you always read labels, warnings, and directions before using or consuming a product. For additional information about a product, please contact the manufacturer. Content on this site is for reference purposes and is not intended to substitute for advice given by a physician, pharmacist, or other licensed health-care professional. You should not use this information as self-diagnosis or for treating a health problem or disease. Contact your health-care provider immediately if you suspect that you have a medical problem. Information and statements regarding dietary supplements have not been evaluated by the Food and Drug Administration and are not intended to diagnose, treat, cure, or prevent any disease or health condition. Amazon.com assumes no liability for inaccuracies or misstatements about products.",
    "sub_category": 31,
    "shipping_category": 3,
    "price": "1100.00",
    "discount_price": null,
    "wholesale_price": null,
    "minimum_purchase": 1,
    "affiliate_commission_rate": null,
    "stock": 5,
    "is_active": true,
    "weight": null,
    "length": null,
    "width": null,
    "height": null,
    "thumbnail": "products/thumbnails/5190gQnH5-L._SY300_SX300_QL70_FMwebp_.webp",
    "created_at": "2026-04-04T07:13:56.657Z",
    "updated_at": "2026-04-04T07:13:56.657Z",
    "colors": [
      1
    ],
    "sizes": []
  }
},
{
  "model": "products.product",
  "pk": "a393e242-08cb-4ee9-96ec-bd3d3a9c5a12",
  "fields": {
    "shop": 1,
    "brand": 7,
    "name": "Avonee Baby Wet Wipes 120 Pcs",
    "slug": "avonee-baby-wet-wipes-120-pcs",
    "description": "<p>Avonee Baby Wet Wipes are soft and gentle wipes specially designed for your baby&rsquo;s delicate skin. Enriched with moisturizing ingredients, they help clean effectively while keeping skin fresh, smooth, and protected from dryness. Alcohol-free, dermatologically tested, and hypoallergenic, Avonee Baby Wet Wipes are safe for everyday use, making them perfect for diaper changes, feeding times, and quick clean-ups.</p>",
    "sub_category": 27,
    "shipping_category": 3,
    "price": "250.00",
    "discount_price": "240.00",
    "wholesale_price": null,
    "minimum_purchase": 1,
    "affiliate_commission_rate": null,
    "stock": 100,
    "is_active": true,
    "weight": "0.10",
    "length": "30.00",
    "width": "20.00",
    "height": "30.00",
    "thumbnail": "products/thumbnails/download_10.jfif",
    "created_at": "2025-09-17T06:37:41.062Z",
    "updated_at": "2025-09-24T10:30:56.425Z",
    "colors": [
      3
    ],
    "sizes": []
  }
},
{
  "model": "products.product",
  "pk": "a45a73b4-b98f-470f-9ded-e228b8eaa683",
  "fields": {
    "shop": 1,
    "brand": 21,
    "name": "CeraVe baby Moisturizing Cream 142gm",
    "slug": "cerave-baby-moisturizing-cream-142gm",
    "description": "<p><strong>CeraVe Baby Moisturizing Cream</strong> is specially developed with pediatric dermatologists to provide gentle, long-lasting hydration for your baby&rsquo;s delicate skin. Formulated with <strong>essential ceramides, hyaluronic acid, and vitamin E</strong>, it helps restore and maintain the skin&rsquo;s natural protective barrier while keeping it soft and nourished. Free from parabens, fragrances, and dyes, this cream is non-irritating, fast-absorbing, and safe for daily use&mdash;even on sensitive skin. Trusted by parents and recommended by dermatologists, CeraVe Baby Moisturizing Cream ensures healthy, happy skin for your little one.</p>",
    "sub_category": 11,
    "shipping_category": 3,
    "price": "2180.00",
    "discount_price": "2100.00",
    "wholesale_price": "1744.00",
    "minimum_purchase": 10,
    "affiliate_commission_rate": null,
    "stock": 100,
    "is_active": true,
    "weight": "0.14",
    "length": "50.00",
    "width": "20.00",
    "height": "20.00",
    "thumbnail": "products/thumbnails/CeraVe-baby-Moisturizing-Cream-500x500.jpg",
    "created_at": "2025-09-20T09:23:05.255Z",
    "updated_at": "2025-10-20T07:17:11.084Z",
    "colors": [
      1
    ],
    "sizes": []
  }
},
{
  "model": "products.product",
  "pk": "ad0b7419-7001-42ae-9bd8-9e82541f4247",
  "fields": {
    "shop": 1,
    "brand": 18,
    "name": "Baseus AT Car Vacuum Cleaner 5000 PA Cosmic Black",
    "slug": "baseus-at-car-vacuum-cleaner-5000-pa-cosmic-black",
    "description": "At Baseus.com.bd, we are committed to providing a seamless and reliable shopping experience for all your tech and accessory needs. As an authorized retailer of Baseus products in Bangladesh, we ensure you get premium quality gadgets and accessories that are innovative, durable, and high-performing.\r\n\r\nOur competitive pricing lets you enjoy the latest charging solutions, audio devices, mobile accessories, and smart gadgets at the best rates, with regular discounts and exclusive offers.\r\n\r\nThousands of satisfied customers trust Baseus.com.bd for authentic products and exceptional customer service. Our dedicated support team is always ready to assist, ensuring a hassle-free experience from order placement to delivery.",
    "sub_category": 12,
    "shipping_category": 1,
    "price": "3695.00",
    "discount_price": "3600.00",
    "wholesale_price": null,
    "minimum_purchase": 1,
    "affiliate_commission_rate": null,
    "stock": 4,
    "is_active": true,
    "weight": null,
    "length": null,
    "width": null,
    "height": null,
    "thumbnail": "products/thumbnails/Baseus-AT.jpg.webp",
    "created_at": "2026-04-04T07:00:16.513Z",
    "updated_at": "2026-04-04T07:00:16.513Z",
    "colors": [
      6
    ],
    "sizes": []
  }
},
{
  "model": "products.product",
  "pk": "b611c20e-cba5-4e59-a05a-8b99d4061f59",
  "fields": {
    "shop": 1,
    "brand": 2,
    "name": "Egyptian Medjool Medium 1kg",
    "slug": "egyptian-medjool-medium-1kg",
    "description": "Product Details\r\n\r\nGrown in the fertile lands of the Middle East, Ghorer Bazar Medjool Dates are premium-quality, naturally sweet, and delightfully soft. Known as the \"King of Dates,\" Medjool dates are rich in fiber, potassium, and essential nutrients—making them a healthy alternative to refined sugar and an ideal natural energy booster.\r\n\r\nKey Features:\r\n\r\n-Large, plump, and juicy Medjool dates\r\n-Naturally sweet with a rich caramel-like flavor\r\n-Excellent source of dietary fiber, potassium, magnesium & antioxidants\r\n-100% natural, with no preservatives or added sugar\r\n-Perfect for snacking, baking, or adding to smoothies & desserts\r\n\r\nUsage Ideas:\r\n\r\n-Enjoy as a wholesome snack anytime\r\n-Stuff with nuts or cheese for a gourmet delight\r\n-Blend into smoothies, shakes, or energy bars\r\n-Use as a natural sweetener in baking and cooking",
    "sub_category": 31,
    "shipping_category": 3,
    "price": "2000.00",
    "discount_price": "1810.00",
    "wholesale_price": null,
    "minimum_purchase": 1,
    "affiliate_commission_rate": null,
    "stock": 7,
    "is_active": true,
    "weight": null,
    "length": null,
    "width": null,
    "height": null,
    "thumbnail": "products/thumbnails/MrMvb1767439554.jpg",
    "created_at": "2026-04-04T07:20:07.301Z",
    "updated_at": "2026-04-04T07:20:07.301Z",
    "colors": [
      1
    ],
    "sizes": []
  }
},
{
  "model": "products.product",
  "pk": "c9470ac2-0255-45a9-88b9-5105914fa8d7",
  "fields": {
    "shop": 1,
    "brand": 1,
    "name": "Savlon Twinkle Baby Pant Diaper XL 12-20 kg",
    "slug": "savlon-twinkle-baby-pant-diaper-xl-12-20-kg",
    "description": "<p>Savlon Twinkle Baby Pant Diaper XL 12-20 kg</p>",
    "sub_category": 5,
    "shipping_category": null,
    "price": "890.00",
    "discount_price": "750.00",
    "wholesale_price": null,
    "minimum_purchase": 1,
    "affiliate_commission_rate": null,
    "stock": 100,
    "is_active": true,
    "weight": null,
    "length": null,
    "width": null,
    "height": null,
    "thumbnail": "products/thumbnails/savlon-twinkle-baby-pant-diaper-xl-12-20-kg-32-pcs.webp",
    "created_at": "2025-09-13T07:55:25.149Z",
    "updated_at": "2025-09-24T10:33:05.401Z",
    "colors": [],
    "sizes": []
  }
},
{
  "model": "products.product",
  "pk": "cf3bd353-7964-41c9-be69-66f938b14575",
  "fields": {
    "shop": 1,
    "brand": 2,
    "name": "Black Seed Honey 1kg",
    "slug": "black-seed-honey-1kg",
    "description": "Product Details\r\n\r\nBlack Seed Honey is a unique and premium-quality honey collected by bees from the nectar of Nigella sativa flowers. Known for its strong taste, aroma, color, and remarkable health benefits, it is also called “Black Seed Honey.” Produced in small batches, it preserves its natural richness and purity.\r\n\r\n\r\nNutritional & Health Benefits:\r\nBoosts immunity\r\nSupports digestion, relieves acidity & constipation\r\nProvides energy and improves sleep quality\r\nEffective for cold, cough & sore throat\r\nBeneficial for skin and beauty care\r\n\r\nStorage: Store in a cool, dry place. Keep away from direct sunlight and do not refrigerate.",
    "sub_category": 31,
    "shipping_category": 3,
    "price": "1440.00",
    "discount_price": null,
    "wholesale_price": null,
    "minimum_purchase": 1,
    "affiliate_commission_rate": null,
    "stock": 8,
    "is_active": true,
    "weight": null,
    "length": null,
    "width": null,
    "height": null,
    "thumbnail": "products/thumbnails/fAewT1767418525.jpg",
    "created_at": "2026-04-04T07:23:36.381Z",
    "updated_at": "2026-04-04T07:23:36.381Z",
    "colors": [
      1
    ],
    "sizes": []
  }
},
{
  "model": "products.product",
  "pk": "cfb8762b-759c-4ee8-a26c-069658416a83",
  "fields": {
    "shop": 1,
    "brand": 9,
    "name": "Nestlé LACTOGEN 1 Infant Formula 350 gm BIB",
    "slug": "nestle-lactogen-1-infant-formula-350-gm-bib",
    "description": "<ul>\r\n\t<li>LACTOGEN 1 Gentle Start contains L. reuteri, a probiotic culture naturally present in breast milk. This helps to reduce colic-related conditions which in turn helps diminish a baby&rsquo;s excessive crying.</li>\r\n\t<li>LACTOGEN 1 is a spray dried Infant Formula for infants from birth onwards when they are not breastfed</li>\r\n\t<li>Origin: India</li>\r\n</ul>",
    "sub_category": 1,
    "shipping_category": 1,
    "price": "650.00",
    "discount_price": "640.00",
    "wholesale_price": null,
    "minimum_purchase": 1,
    "affiliate_commission_rate": null,
    "stock": 100,
    "is_active": true,
    "weight": "350.00",
    "length": "20.00",
    "width": "20.00",
    "height": "30.00",
    "thumbnail": "products/thumbnails/a70yAoi6GnZAOMGNqUzXgIdRrPP2ujcFm1gRw1V1-500x500.jpeg",
    "created_at": "2025-09-15T06:35:55.844Z",
    "updated_at": "2025-09-15T06:35:55.844Z",
    "colors": [],
    "sizes": []
  }
},
{
  "model": "products.product",
  "pk": "d0a43767-208e-48fd-9c81-4202c959c582",
  "fields": {
    "shop": 1,
    "brand": 18,
    "name": "Baseus Inflator Super Mini Pro Series 4000mAh Wireless Car Tire Pumper Inflator Cluster Black C11159300111-00",
    "slug": "baseus-inflator-super-mini-pro-series-4000mah-wireless-car-tire-pumper-inflator-cluster-black-c11159300111-00",
    "description": "Baseus Inflator Super Mini Pro Series 4000mAh Wireless Car Tire Pumper Inflator Cluster Black C11159300111-00\r\nBaseus Inflator Super Mini Pro Series Features : \r\n\r\nHigh-Pressure Fast Inflation: It takes only 8 minutes to fully inflate an R175 tire, thanks to a powerful F17 motor\r\nCordless Design: Contains lithium batteries inside, no longer bound by a wall outlet\r\nWith Air Pump Nozzles: Easy and convenient\r\nMultiple Inflating Modes: Applicable to cars, motorcycles, bikes, balls, etc.\r\nLCD Digital Display: Real-time monitor of tire pressure to keep you safe\r\nMultiple Safety Protections: Built-in independent safety protection circuit with battery IC protection\r\nBaseus Inflator Super Mini Pro Series Specifications:\r\n\r\nModel: BS-CG016\r\nCapacity: 4000mAh/14.8Wh\r\nType-C Input: 5V=2A\r\nInflating time: 6-8 minutes (R175 tires)\r\nMore suitable: for car/motorcycle/bicycle/basketball etc.\r\nAmbient temperature: 0℃ to 35℃ non-tropical area\r\nPackage included:\r\n1 x Wireless Car Inflator\r\nOther items not included\r\nBaseus Inflator Super Mini Pro Series Warranty : 3 Months Official Replacement Warranty Under Certain Conditions.",
    "sub_category": 12,
    "shipping_category": null,
    "price": "4495.00",
    "discount_price": "4400.00",
    "wholesale_price": null,
    "minimum_purchase": 1,
    "affiliate_commission_rate": null,
    "stock": 10,
    "is_active": true,
    "weight": null,
    "length": null,
    "width": null,
    "height": null,
    "thumbnail": "products/thumbnails/Baseus-Inflator-Super-Mini-Pro-Series-4000mAh-.webp",
    "created_at": "2026-04-04T07:09:10.419Z",
    "updated_at": "2026-04-04T07:09:10.419Z",
    "colors": [
      6
    ],
    "sizes": []
  }
},
{
  "model": "products.product",
  "pk": "d6ffe276-b3e6-4ddb-b6a5-25d1bc543372",
  "fields": {
    "shop": 1,
    "brand": 22,
    "name": "First Wear Cotton Megi Vest Set with Embroiderd Motif (Thailand) 1",
    "slug": "first-wear-cotton-megi-vest-set-with-embroiderd-mo",
    "description": "<p><strong>First Wear Cotton Megi Vest Set with Embroidered Motif (Thailand)</strong> is crafted from 100% soft, breathable cotton to keep your baby comfortable all day long. This set features delicate embroidered motifs that add a touch of charm and style, making it perfect for everyday wear or special occasions. Gentle on sensitive skin, lightweight, and durable, it ensures both comfort and ease of movement. Designed with quality and care in Thailand, it&rsquo;s an ideal choice for your little one&rsquo;s wardrobe.</p>",
    "sub_category": 15,
    "shipping_category": 3,
    "price": "700.00",
    "discount_price": "690.00",
    "wholesale_price": "560.00",
    "minimum_purchase": 1,
    "affiliate_commission_rate": null,
    "stock": 20,
    "is_active": true,
    "weight": "50.00",
    "length": "30.00",
    "width": "30.00",
    "height": "25.00",
    "thumbnail": "products/thumbnails/il_300x300.4348798727_g9tt.webp",
    "created_at": "2025-09-20T13:03:06.288Z",
    "updated_at": "2026-02-21T07:05:48.976Z",
    "colors": [],
    "sizes": []
  }
},
{
  "model": "products.product",
  "pk": "dff69597-b815-44de-88bb-0428678f8c35",
  "fields": {
    "shop": 1,
    "brand": 16,
    "name": "Kodomo Head to Toe Wash 200 mL",
    "slug": "kodomo-head-to-toe-wash-200-ml",
    "description": "<p>Kodomo Head to Toe Wash is a gentle all-in-one cleanser specially made for babies. It can be used on both hair and body, making bath time simple and convenient. With its mild, pH-balanced formula, it cleans without drying, leaving your baby&rsquo;s skin soft and smooth, and hair fresh and manageable. Dermatologist-tested and hypoallergenic, Kodomo Head to Toe Wash is safe for daily use and helps keep your baby clean, healthy, and comfortable.</p>",
    "sub_category": 11,
    "shipping_category": 3,
    "price": "507.00",
    "discount_price": "500.00",
    "wholesale_price": null,
    "minimum_purchase": 1,
    "affiliate_commission_rate": null,
    "stock": 50,
    "is_active": true,
    "weight": "0.20",
    "length": "30.00",
    "width": "25.00",
    "height": "30.00",
    "thumbnail": "products/thumbnails/82unFMgu9q9FaHuDINLySBdBC1VpVFN17koYYpFT-500x500.jpg",
    "created_at": "2025-09-17T06:29:34.232Z",
    "updated_at": "2025-09-17T06:29:34.232Z",
    "colors": [
      3
    ],
    "sizes": []
  }
},
{
  "model": "products.product",
  "pk": "e1ce292e-6bdb-47f5-9d2f-b03928fc656b",
  "fields": {
    "shop": 1,
    "brand": 16,
    "name": "Kodomo Baby Powder Natural Soft Protection 3+ Years 160 gm",
    "slug": "kodomo-baby-powder-natural-soft-protection-3-years",
    "description": "<p>Kodomo Baby Powder Natural Soft Protection is specially formulated to keep your baby&rsquo;s skin soft, dry, and comfortable. Enriched with natural ingredients, it helps protect delicate skin from irritation while absorbing excess moisture. Its gentle, hypoallergenic formula is safe for daily use, leaving your baby&rsquo;s skin smooth, fresh, and naturally protected.</p>",
    "sub_category": 11,
    "shipping_category": 3,
    "price": "432.00",
    "discount_price": "430.00",
    "wholesale_price": null,
    "minimum_purchase": 1,
    "affiliate_commission_rate": null,
    "stock": 100,
    "is_active": true,
    "weight": "0.16",
    "length": "50.00",
    "width": "30.00",
    "height": "35.00",
    "thumbnail": "products/thumbnails/download_17.jfif",
    "created_at": "2025-09-17T05:42:38.501Z",
    "updated_at": "2025-09-24T10:46:21.847Z",
    "colors": [
      1
    ],
    "sizes": []
  }
},
{
  "model": "products.product",
  "pk": "e26bfd0e-de57-485b-9f5e-573fd7b3b02c",
  "fields": {
    "shop": 1,
    "brand": 18,
    "name": "Baseus VC2 Flex Magnetic Car Mount Car Holder Suction Cup Version NEW Cosmic Black",
    "slug": "baseus-vc2-flex-magnetic-car-mount-car-holder-suction-cup-version-new-cosmic-black",
    "description": "",
    "sub_category": 15,
    "shipping_category": 1,
    "price": "1795.00",
    "discount_price": "1700.00",
    "wholesale_price": null,
    "minimum_purchase": 1,
    "affiliate_commission_rate": null,
    "stock": 67,
    "is_active": true,
    "weight": null,
    "length": null,
    "width": null,
    "height": null,
    "thumbnail": "products/thumbnails/OSC0013803PrimeTrip-VC2-Flex-Magnetic-Car-Mount-Suction-Cup.jpg.webp",
    "created_at": "2026-04-04T07:29:27.921Z",
    "updated_at": "2026-04-04T07:29:27.921Z",
    "colors": [
      6
    ],
    "sizes": []
  }
},
{
  "model": "products.product",
  "pk": "e77627fb-a205-454e-8a1c-b9406453956a",
  "fields": {
    "shop": 1,
    "brand": 15,
    "name": "Johnson's Baby Oil 300ml",
    "slug": "johnsons-baby-oil-300ml",
    "description": "<p>Johnson&rsquo;s Baby Oil is a gentle, nourishing oil specially formulated to protect and moisturize your baby&rsquo;s delicate skin. Made with pure mineral oil and enriched with vitamin E, it locks in moisture, keeping skin soft, smooth, and healthy. Ideal for massage, bath time, or daily skincare, Johnson&rsquo;s Baby Oil is dermatologist-tested, hypoallergenic, and safe for newborns and infants.</p>",
    "sub_category": 11,
    "shipping_category": 3,
    "price": "780.00",
    "discount_price": "770.00",
    "wholesale_price": null,
    "minimum_purchase": 1,
    "affiliate_commission_rate": null,
    "stock": 50,
    "is_active": true,
    "weight": "0.30",
    "length": "50.00",
    "width": "30.00",
    "height": "25.00",
    "thumbnail": "products/thumbnails/johnsons_baby_oil_300ml_1.jpg",
    "created_at": "2025-09-17T06:58:13.168Z",
    "updated_at": "2025-09-24T10:44:59.294Z",
    "colors": [
      1
    ],
    "sizes": []
  }
},
{
  "model": "products.product",
  "pk": "ea936b34-425d-4eba-b784-cc34b8afba84",
  "fields": {
    "shop": 1,
    "brand": 10,
    "name": "Philips Avent Anti-Colic Bottle 260 ml Twin Pack SCF 813/20",
    "slug": "philips-avent-anti-colic-bottle-260-ml-twin-pack-s",
    "description": "<p><strong>Philips Avent Anti-Colic Bottle</strong> is specially designed to reduce colic, gas, and discomfort in babies. Its unique AirFree&trade; vent keeps the nipple full of milk, not air, helping your baby swallow less air during feeding. Made with BPA-free, high-quality materials, the bottle features an easy-to-latch, soft teat that ensures natural feeding and smooth transition between breast and bottle. With its ergonomic shape and easy-to-clean design, Philips Avent Anti-Colic Bottle provides comfort for babies and convenience for parents.</p>",
    "sub_category": 21,
    "shipping_category": null,
    "price": "1650.00",
    "discount_price": "1600.00",
    "wholesale_price": null,
    "minimum_purchase": 1,
    "affiliate_commission_rate": null,
    "stock": 100,
    "is_active": true,
    "weight": "0.20",
    "length": "100.00",
    "width": "30.00",
    "height": "25.00",
    "thumbnail": "products/thumbnails/Philips_Avent_Anti-Colic_Bottle.jpg",
    "created_at": "2025-09-15T10:26:49.691Z",
    "updated_at": "2025-09-15T10:26:49.691Z",
    "colors": [
      1
    ],
    "sizes": []
  }
},
{
  "model": "products.product",
  "pk": "ee9c9de2-2943-4be9-8f2e-894b34a848b9",
  "fields": {
    "shop": 1,
    "brand": 19,
    "name": "Fisher-Price Food Mash & Serve Bowl Set,",
    "slug": "fisher-price-food-mash-serve-bowl-set",
    "description": "<p><strong>Fisher-Price Food Mash &amp; Serve Bowl Set</strong> is designed to make mealtime simple and convenient for parents and enjoyable for babies. This set includes a sturdy bowl with a non-slip base and an easy-grip masher, allowing you to quickly mash fruits, vegetables, or other soft foods into healthy meals for your little one. Made with safe, BPA-free materials, it is lightweight, portable, and easy to clean&mdash;perfect for use at home or on the go. With Fisher-Price quality and thoughtful design, it helps parents prepare fresh, nutritious food effortlessly.</p>",
    "sub_category": 2,
    "shipping_category": 3,
    "price": "450.00",
    "discount_price": "400.00",
    "wholesale_price": "360.00",
    "minimum_purchase": 20,
    "affiliate_commission_rate": null,
    "stock": 5,
    "is_active": true,
    "weight": "0.20",
    "length": "15.00",
    "width": "20.00",
    "height": "14.00",
    "thumbnail": "products/thumbnails/51tJslpFZzL._SL1500_-500x500.jpg",
    "created_at": "2025-09-18T05:38:57.427Z",
    "updated_at": "2025-10-20T07:17:11.094Z",
    "colors": [
      4
    ],
    "sizes": []
  }
},
{
  "model": "products.product",
  "pk": "ef39f108-042a-4334-b70c-7ebef239975a",
  "fields": {
    "shop": 1,
    "brand": 7,
    "name": "Avonee Jumbo Pack Large Pant Diaper 9-14Kg 48Pcs",
    "slug": "avonee-jumbo-pack-large-pant-diaper-9-14kg-48pcs",
    "description": "<p>Avonee Jumbo Pack Large Pant Diapers are the ideal solution for your growing baby&#39;s comfort and protection. These disposable diapers are designed for babies weighing 9-14 kg and come in a pack of 48 pieces. The soft waistband and flexible side cuffs provide a superior fit, ensuring your baby stays comfortable and protected all day long. The absorbent core locks away wetness, keeping your baby dry and happy, while the snug fit provides peace of mind and allows your baby to sleep soundly. Trust Avonee to provide your baby with the ultimate comfort and protection they deserve, so you can enjoy all those special moments with your little one.</p>\r\n\r\n<h2>What is the best price of Avonee Jumbo Pack Large Pant Diaper 9-14Kg 48Pcs in Bangladesh?</h2>\r\n\r\n<p>The best price of Avonee Jumbo Pack Large Pant Diaper 9-14Kg 48Pcs in Bangladesh You can buy the Avonee Jumbo Pack Large Pant Diaper 9-14Kg 48Pcs at best price from our website.</p>",
    "sub_category": 5,
    "shipping_category": 1,
    "price": "950.00",
    "discount_price": "910.00",
    "wholesale_price": null,
    "minimum_purchase": 1,
    "affiliate_commission_rate": null,
    "stock": 100,
    "is_active": true,
    "weight": null,
    "length": null,
    "width": "66.00",
    "height": null,
    "thumbnail": "products/thumbnails/download.jfif",
    "created_at": "2025-09-15T05:51:46.612Z",
    "updated_at": "2026-01-17T07:05:55.526Z",
    "colors": [],
    "sizes": []
  }
},
{
  "model": "products.product",
  "pk": "f0d9a9ec-85f8-4855-92e3-a38313cf68e9",
  "fields": {
    "shop": 1,
    "brand": 2,
    "name": "Organic Baby Spinach, 5 oz",
    "slug": "organic-baby-spinach-5-oz",
    "description": "Who are we? Well, we seek out the finest natural and organic foods available, maintain the strictest quality standards in the industry, and have an unshakeable commitment to sustainable agriculture. We ban 300+ ingredients from all food that we sell, including hydrogenated fats, high-fructose corn syrup and sweeteners such as aspartame, sucralose and saccharin, so you can skip deciphering ingredient labels and cut to relishing your finds. Our 365 by Whole Foods Market brand offers over 2,500 affordably priced and thoughtfully sourced products that not only meet our already strict standards, but also in many cases go above and beyond what we require of other brands.",
    "sub_category": 31,
    "shipping_category": 3,
    "price": "900.00",
    "discount_price": null,
    "wholesale_price": null,
    "minimum_purchase": 1,
    "affiliate_commission_rate": null,
    "stock": 3,
    "is_active": true,
    "weight": null,
    "length": null,
    "width": null,
    "height": null,
    "thumbnail": "products/thumbnails/61RvmCudEcL._SX679_.jpg",
    "created_at": "2026-04-04T07:02:56.175Z",
    "updated_at": "2026-04-04T07:02:56.175Z",
    "colors": [
      1
    ],
    "sizes": []
  }
},
{
  "model": "products.product",
  "pk": "fd3ee6ee-388b-4cc6-8e6d-6b2681506c0d",
  "fields": {
    "shop": 1,
    "brand": 2,
    "name": "Walnut 1kg",
    "slug": "walnut-1kg",
    "description": "Product Details\r\n\r\nWalnut, commonly known as Akhrot, is a highly popular tree nut valued for its rich nutritional profile and unique flavor. The scientific name of the walnut tree is Juglans regia. Although it originated in the regions of Central Asia, walnuts are now grown worldwide, especially in North America, Europe, and Mediterranean regions.\r\n\r\nThe shell of a walnut is hard and grooved, while the edible part inside is a wrinkled seed, usually light brown or beige. Walnuts have a mild, slightly bitter taste and are widely used in salads, desserts, and various cooked dishes. They can be eaten raw, roasted, or in the form of walnut butter.\r\n\r\nHealth Benefits of Walnuts\r\n\r\nWalnuts are well-known for their numerous health benefits. These nuts are not only delicious but also packed with nutrients that support overall wellness. Here are some of the major benefits:\r\n\r\nRich in Omega-3 Fatty Acids\r\n\r\nWalnuts are an excellent source of omega-3 fatty acids, especially alpha-linolenic acid (ALA). These healthy fats are vital for brain function and heart health. Omega-3 helps reduce inflammation and lowers the risk of chronic diseases like heart disease.\r\n\r\nSupports Heart Health\r\n\r\nWalnuts help reduce bad cholesterol (LDL) and increase good cholesterol (HDL). This supports cardiovascular health and reduces the risk of heart attack and stroke. The polyunsaturated fats in walnuts help maintain healthy blood vessels.\r\n\r\nImproves Brain Health\r\n\r\nDue to their high omega-3 content, walnuts help boost brain performance and may reduce the risk of age-related conditions such as memory decline and Alzheimer’s disease. Their antioxidants also protect brain cells from oxidative stress.\r\n\r\nRich in Antioxidants\r\n\r\nWalnuts contain powerful antioxidants like Vitamin E, polyphenols, and melatonin. These help fight free radicals, reduce oxidative stress, and lower the risk of long-term health issues like cancer and premature aging.\r\n\r\nAids in Weight Management\r\n\r\nAlthough walnuts are calorie-dense, consuming them in moderation may support weight control. Their healthy fats, protein, and fiber help keep you full longer, reducing overeating.\r\n\r\nPromotes Digestive Health\r\n\r\nWalnuts are a good source of dietary fiber, which helps regulate bowel movements and supports a healthy gut microbiome—an essential factor for overall health.\r\n\r\nWays to Use Walnuts As a Snack\r\n\r\nWalnuts can be eaten raw or roasted as a quick and healthy snack. They provide healthy fats, protein, and fiber that help curb hunger.\r\n\r\nIn Baking\r\n\r\nWalnuts are commonly used in baked goods such as cakes, cookies, muffins, brownies, and banana bread. They add a crunchy texture and nutty flavor.\r\n\r\nIn Salads\r\n\r\nSprinkle walnuts over green salads, fruit salads, or grain-based salads to enhance taste and texture. They pair well with leafy greens, apples, pears, and cheeses like feta or goat cheese.\r\n\r\nIn Smoothies\r\n\r\nAdding a handful of walnuts to smoothies boosts their nutritional value, creates a creamy texture, and adds healthy fats and fiber. They blend well with both fruit and green smoothies.\r\n\r\nIn Cooking\r\n\r\nWalnuts can be used in savory dishes such as curries, pasta sauces, and casseroles. They add richness and pair well with vegetables, grains, and meat.\r\n\r\nStorage Tips for Walnuts\r\n\r\nStore in a Cool, Dry Place:\r\nWalnuts should be kept in a cool, dry place. Heat and humidity can damage their quality and cause them to go rancid.\r\n\r\nUse an Airtight Container:\r\nKeep walnuts in an airtight container to prevent moisture and air exposure, ensuring they stay fresh for a longer period.",
    "sub_category": 31,
    "shipping_category": 3,
    "price": "1799.98",
    "discount_price": null,
    "wholesale_price": null,
    "minimum_purchase": 1,
    "affiliate_commission_rate": null,
    "stock": 4,
    "is_active": true,
    "weight": null,
    "length": null,
    "width": null,
    "height": null,
    "thumbnail": "products/thumbnails/7ruzF1767591190.jpg",
    "created_at": "2026-04-04T07:16:50.407Z",
    "updated_at": "2026-04-04T07:16:50.407Z",
    "colors": [],
    "sizes": []
  }
},
{
  "model": "products.productadditionalimage",
  "pk": 1,
  "fields": {
    "product": "59a66da0-ab61-4b56-9c61-04336c77ba5f",
    "image": "products/additional_images/fresh-happy-nappy-pant-diaper-xl-12-17-kg-32-pcs-500x500.jpg"
  }
},
{
  "model": "products.productadditionalimage",
  "pk": 2,
  "fields": {
    "product": "59a66da0-ab61-4b56-9c61-04336c77ba5f",
    "image": "products/additional_images/fresh-happy-nappy-pant-diaper-xl-12-17-kg-32-pcs-500x500_SwbVyce.jpg"
  }
},
{
  "model": "products.productadditionalimage",
  "pk": 3,
  "fields": {
    "product": "2c47b9c7-5215-4714-a218-4e5e4c6c9f21",
    "image": "products/additional_images/106-1723396052-3085.webp"
  }
},
{
  "model": "products.productadditionalimage",
  "pk": 5,
  "fields": {
    "product": "ef39f108-042a-4334-b70c-7ebef239975a",
    "image": "products/additional_images/download_yjwJvyy.jfif"
  }
},
{
  "model": "products.productadditionalimage",
  "pk": 6,
  "fields": {
    "product": "ef39f108-042a-4334-b70c-7ebef239975a",
    "image": "products/additional_images/download_1_8iJ5On0.jfif"
  }
},
{
  "model": "products.productadditionalimage",
  "pk": 7,
  "fields": {
    "product": "206059d5-0467-4c7a-bfc7-1614517e658d",
    "image": "products/additional_images/Capture_mamypoko-500x500.png"
  }
},
{
  "model": "products.productadditionalimage",
  "pk": 8,
  "fields": {
    "product": "206059d5-0467-4c7a-bfc7-1614517e658d",
    "image": "products/additional_images/Capture_mamypoko-500x500_9BV3Dqe.png"
  }
},
{
  "model": "products.productadditionalimage",
  "pk": 9,
  "fields": {
    "product": "cfb8762b-759c-4ee8-a26c-069658416a83",
    "image": "products/additional_images/a70yAoi6GnZAOMGNqUzXgIdRrPP2ujcFm1gRw1V1-500x500.jpeg"
  }
},
{
  "model": "products.productadditionalimage",
  "pk": 10,
  "fields": {
    "product": "ea936b34-425d-4eba-b784-cc34b8afba84",
    "image": "products/additional_images/174-1724160532-1878.jpg"
  }
},
{
  "model": "products.productadditionalimage",
  "pk": 11,
  "fields": {
    "product": "ea936b34-425d-4eba-b784-cc34b8afba84",
    "image": "products/additional_images/Philips_Avent_Anti-Colic_Bottle.jpg"
  }
},
{
  "model": "products.productadditionalimage",
  "pk": 12,
  "fields": {
    "product": "170f3e9a-cec3-42be-a5a2-f6c09d8c3792",
    "image": "products/additional_images/pur.jpg"
  }
},
{
  "model": "products.productadditionalimage",
  "pk": 13,
  "fields": {
    "product": "170f3e9a-cec3-42be-a5a2-f6c09d8c3792",
    "image": "products/additional_images/Pur_Comfort_Feeder_WN_Bottle_8oz250ml-Pur-d92b8-281657.jpg"
  }
},
{
  "model": "products.productadditionalimage",
  "pk": 14,
  "fields": {
    "product": "69168b55-4c21-4ed5-aeba-296f8a3d652e",
    "image": "products/additional_images/download_6.jfif"
  }
},
{
  "model": "products.productadditionalimage",
  "pk": 15,
  "fields": {
    "product": "69168b55-4c21-4ed5-aeba-296f8a3d652e",
    "image": "products/additional_images/download_5.jfif"
  }
},
{
  "model": "products.productadditionalimage",
  "pk": 16,
  "fields": {
    "product": "281356f1-8a76-492a-baff-f6da7983ef85",
    "image": "products/additional_images/Johnsons-Baby-Cream1-500x500.jpg"
  }
},
{
  "model": "products.productadditionalimage",
  "pk": 17,
  "fields": {
    "product": "281356f1-8a76-492a-baff-f6da7983ef85",
    "image": "products/additional_images/Johnsons-Baby-Cream1-500x500_uxcg1Be.jpg"
  }
},
{
  "model": "products.productadditionalimage",
  "pk": 18,
  "fields": {
    "product": "31cd3ed9-a6ff-47f1-baac-4e98ba5d24c1",
    "image": "products/additional_images/455283011_0_640x640-500x500.jpg"
  }
},
{
  "model": "products.productadditionalimage",
  "pk": 19,
  "fields": {
    "product": "31cd3ed9-a6ff-47f1-baac-4e98ba5d24c1",
    "image": "products/additional_images/455283011_0_640x640-500x500_jLHmCJA.jpg"
  }
},
{
  "model": "products.productadditionalimage",
  "pk": 20,
  "fields": {
    "product": "dff69597-b815-44de-88bb-0428678f8c35",
    "image": "products/additional_images/82unFMgu9q9FaHuDINLySBdBC1VpVFN17koYYpFT-500x500.jpg"
  }
},
{
  "model": "products.productadditionalimage",
  "pk": 21,
  "fields": {
    "product": "dff69597-b815-44de-88bb-0428678f8c35",
    "image": "products/additional_images/82unFMgu9q9FaHuDINLySBdBC1VpVFN17koYYpFT-500x500_uRu1Zl9.jpg"
  }
},
{
  "model": "products.productadditionalimage",
  "pk": 22,
  "fields": {
    "product": "a393e242-08cb-4ee9-96ec-bd3d3a9c5a12",
    "image": "products/additional_images/download_10.jfif"
  }
},
{
  "model": "products.productadditionalimage",
  "pk": 23,
  "fields": {
    "product": "e77627fb-a205-454e-8a1c-b9406453956a",
    "image": "products/additional_images/johnsons_baby_oil_300ml_1.jpg"
  }
},
{
  "model": "products.productadditionalimage",
  "pk": 24,
  "fields": {
    "product": "238ba507-3dab-42cc-b2d7-f52d977fd51f",
    "image": "products/additional_images/0569525_smart-walker-red-basic.jpeg"
  }
},
{
  "model": "products.productadditionalimage",
  "pk": 25,
  "fields": {
    "product": "238ba507-3dab-42cc-b2d7-f52d977fd51f",
    "image": "products/additional_images/0569525_smart-walker-red-basic_uY9sGaf.jpeg"
  }
},
{
  "model": "products.productadditionalimage",
  "pk": 26,
  "fields": {
    "product": "745c20e0-19f4-435c-b07f-26149f7da908",
    "image": "products/additional_images/0615641_play-ball-house-with-50-pcs-ball.webp"
  }
},
{
  "model": "products.productadditionalimage",
  "pk": 27,
  "fields": {
    "product": "745c20e0-19f4-435c-b07f-26149f7da908",
    "image": "products/additional_images/0615641_play-ball-house-with-50-pcs-ball_MzDNRwR.webp"
  }
},
{
  "model": "products.productadditionalimage",
  "pk": 28,
  "fields": {
    "product": "ee9c9de2-2943-4be9-8f2e-894b34a848b9",
    "image": "products/additional_images/71rpwpzgfCL._SL1500_-500x500.jpg"
  }
},
{
  "model": "products.productadditionalimage",
  "pk": 29,
  "fields": {
    "product": "ee9c9de2-2943-4be9-8f2e-894b34a848b9",
    "image": "products/additional_images/31e1MsAEr9L-500x500.jpg"
  }
},
{
  "model": "products.productadditionalimage",
  "pk": 30,
  "fields": {
    "product": "7272bd91-2941-46a6-ab51-e3e235b8fe75",
    "image": "products/additional_images/download_2.jfif"
  }
},
{
  "model": "products.productadditionalimage",
  "pk": 31,
  "fields": {
    "product": "7272bd91-2941-46a6-ab51-e3e235b8fe75",
    "image": "products/additional_images/download_1.jfif"
  }
},
{
  "model": "products.productadditionalimage",
  "pk": 32,
  "fields": {
    "product": "a45a73b4-b98f-470f-9ded-e228b8eaa683",
    "image": "products/additional_images/CeraVe-baby-Moisturizing-Cream-500x500.jpg"
  }
},
{
  "model": "products.productadditionalimage",
  "pk": 33,
  "fields": {
    "product": "4f32928b-bce7-4f62-8187-d6906982b16e",
    "image": "products/additional_images/Kodomo_Baby_Gift_Set_Large_8_Pcs-Kodomo-216af-240941.jpg"
  }
},
{
  "model": "products.productadditionalimage",
  "pk": 34,
  "fields": {
    "product": "4f32928b-bce7-4f62-8187-d6906982b16e",
    "image": "products/additional_images/Kodomo_Baby_Gift_Set_Large_8_Pcs-Kodomo-c3e0a-240941.png"
  }
},
{
  "model": "products.productadditionalimage",
  "pk": 35,
  "fields": {
    "product": "d6ffe276-b3e6-4ddb-b6a5-25d1bc543372",
    "image": "products/additional_images/il_300x300.4348798727_g9tt.webp"
  }
},
{
  "model": "products.productadditionalimage",
  "pk": 36,
  "fields": {
    "product": "7272bd91-2941-46a6-ab51-e3e235b8fe75",
    "image": "products/additional_images/download.jfif"
  }
},
{
  "model": "products.productadditionalimage",
  "pk": 37,
  "fields": {
    "product": "69168b55-4c21-4ed5-aeba-296f8a3d652e",
    "image": "products/additional_images/download_4.jfif"
  }
},
{
  "model": "products.productadditionalimage",
  "pk": 38,
  "fields": {
    "product": "ef39f108-042a-4334-b70c-7ebef239975a",
    "image": "products/additional_images/download_2_PfEqQ3Q.jfif"
  }
},
{
  "model": "products.productadditionalimage",
  "pk": 39,
  "fields": {
    "product": "a393e242-08cb-4ee9-96ec-bd3d3a9c5a12",
    "image": "products/additional_images/download_11.jfif"
  }
},
{
  "model": "products.productadditionalimage",
  "pk": 40,
  "fields": {
    "product": "a393e242-08cb-4ee9-96ec-bd3d3a9c5a12",
    "image": "products/additional_images/images_1.jfif"
  }
},
{
  "model": "products.productadditionalimage",
  "pk": 41,
  "fields": {
    "product": "d6ffe276-b3e6-4ddb-b6a5-25d1bc543372",
    "image": "products/additional_images/download_15.jfif"
  }
},
{
  "model": "products.productadditionalimage",
  "pk": 42,
  "fields": {
    "product": "d6ffe276-b3e6-4ddb-b6a5-25d1bc543372",
    "image": "products/additional_images/download_14.jfif"
  }
},
{
  "model": "products.productadditionalimage",
  "pk": 43,
  "fields": {
    "product": "0cc4273d-48f5-45ef-9ff4-401fb64de6fd",
    "image": "products/additional_images/biomil-1-milk-powder-0-6-months-350-gm.webp"
  }
},
{
  "model": "products.productadditionalimage",
  "pk": 44,
  "fields": {
    "product": "0cc4273d-48f5-45ef-9ff4-401fb64de6fd",
    "image": "products/additional_images/download_16.jfif"
  }
},
{
  "model": "products.productadditionalimage",
  "pk": 45,
  "fields": {
    "product": "e77627fb-a205-454e-8a1c-b9406453956a",
    "image": "products/additional_images/images_2.jfif"
  }
},
{
  "model": "products.productadditionalimage",
  "pk": 46,
  "fields": {
    "product": "e1ce292e-6bdb-47f5-9d2f-b03928fc656b",
    "image": "products/additional_images/download_17.jfif"
  }
},
{
  "model": "products.productadditionalimage",
  "pk": 47,
  "fields": {
    "product": "e1ce292e-6bdb-47f5-9d2f-b03928fc656b",
    "image": "products/additional_images/download_18.jfif"
  }
},
{
  "model": "products.productadditionalimage",
  "pk": 48,
  "fields": {
    "product": "e1ce292e-6bdb-47f5-9d2f-b03928fc656b",
    "image": "products/additional_images/download_19.jfif"
  }
},
{
  "model": "products.productadditionalimage",
  "pk": 49,
  "fields": {
    "product": "4361b7d8-4323-4d9e-918f-64f514d48395",
    "image": "products/additional_images/WhatsApp_Image_2026-02-22_at_10.36.16_AM.jpeg"
  }
},
{
  "model": "products.productadditionalimage",
  "pk": 50,
  "fields": {
    "product": "4361b7d8-4323-4d9e-918f-64f514d48395",
    "image": "products/additional_images/WhatsApp_Image_2026-02-22_at_10.36.17_AM.jpeg"
  }
},
{
  "model": "products.productadditionalimage",
  "pk": 51,
  "fields": {
    "product": "4361b7d8-4323-4d9e-918f-64f514d48395",
    "image": "products/additional_images/WhatsApp_Image_2026-02-22_at_10.36.18_AM.jpeg"
  }
},
{
  "model": "products.productadditionalimage",
  "pk": 52,
  "fields": {
    "product": "309e2b52-4b38-4a30-8081-1a7d584e0a18",
    "image": "products/additional_images/offer5.png"
  }
},
{
  "model": "products.productadditionalimage",
  "pk": 53,
  "fields": {
    "product": "309e2b52-4b38-4a30-8081-1a7d584e0a18",
    "image": "products/additional_images/offer4.png"
  }
},
{
  "model": "products.productadditionalimage",
  "pk": 54,
  "fields": {
    "product": "309e2b52-4b38-4a30-8081-1a7d584e0a18",
    "image": "products/additional_images/offer3.png"
  }
},
{
  "model": "products.productadditionalimage",
  "pk": 55,
  "fields": {
    "product": "6ea35273-a206-45c1-b788-d48ffe6c9065",
    "image": "products/additional_images/61JPuCnbKWL._SX679_.jpg"
  }
},
{
  "model": "products.productadditionalimage",
  "pk": 56,
  "fields": {
    "product": "6ea35273-a206-45c1-b788-d48ffe6c9065",
    "image": "products/additional_images/71-m9crmgDL._SY879_.jpg"
  }
},
{
  "model": "products.productadditionalimage",
  "pk": 57,
  "fields": {
    "product": "6ea35273-a206-45c1-b788-d48ffe6c9065",
    "image": "products/additional_images/51nb0HCg9tL._SY879_.jpg"
  }
},
{
  "model": "products.productadditionalimage",
  "pk": 58,
  "fields": {
    "product": "6ea35273-a206-45c1-b788-d48ffe6c9065",
    "image": "products/additional_images/51WKRKPA52L._SX679_.jpg"
  }
},
{
  "model": "products.productadditionalimage",
  "pk": 59,
  "fields": {
    "product": "6ea35273-a206-45c1-b788-d48ffe6c9065",
    "image": "products/additional_images/81GOXwdpxsL._SX679_.jpg"
  }
},
{
  "model": "products.productadditionalimage",
  "pk": 60,
  "fields": {
    "product": "6ea35273-a206-45c1-b788-d48ffe6c9065",
    "image": "products/additional_images/thumnail.jpg"
  }
},
{
  "model": "products.productadditionalimage",
  "pk": 61,
  "fields": {
    "product": "f0d9a9ec-85f8-4855-92e3-a38313cf68e9",
    "image": "products/additional_images/613Ms45okL._SX679_.jpg"
  }
},
{
  "model": "products.productadditionalimage",
  "pk": 62,
  "fields": {
    "product": "f0d9a9ec-85f8-4855-92e3-a38313cf68e9",
    "image": "products/additional_images/61Bw8is0WqL._SX679_.jpg"
  }
},
{
  "model": "products.productadditionalimage",
  "pk": 63,
  "fields": {
    "product": "f0d9a9ec-85f8-4855-92e3-a38313cf68e9",
    "image": "products/additional_images/61RvmCudEcL._SX679_.jpg"
  }
},
{
  "model": "products.productadditionalimage",
  "pk": 64,
  "fields": {
    "product": "08741973-2c7d-47e4-8eb1-6b590838f5af",
    "image": "products/additional_images/Baseus-Car-Holder-For-JoyRide-Pro-Backseat-Car-Mount-Bla_LeSxUv5.jpg.webp"
  }
},
{
  "model": "products.productadditionalimage",
  "pk": 65,
  "fields": {
    "product": "08741973-2c7d-47e4-8eb1-6b590838f5af",
    "image": "products/additional_images/Baseus-Car-Holder-For-JoyRide-Pro-Backseat-Car-Mount-Bla_DuGA5sL.jpg.webp"
  }
},
{
  "model": "products.productadditionalimage",
  "pk": 66,
  "fields": {
    "product": "08741973-2c7d-47e4-8eb1-6b590838f5af",
    "image": "products/additional_images/Baseus-Car-Holder-For-JoyRide-Pro-Backseat-Car-Mount-Bla_UrqaJ4Q.jpg.webp"
  }
},
{
  "model": "products.productadditionalimage",
  "pk": 67,
  "fields": {
    "product": "20692db9-4c14-4663-b8c7-0cf894c611e7",
    "image": "products/additional_images/41pEvLQrIVL.jpg"
  }
},
{
  "model": "products.productadditionalimage",
  "pk": 68,
  "fields": {
    "product": "20692db9-4c14-4663-b8c7-0cf894c611e7",
    "image": "products/additional_images/71OeJID3RgL._SL1500_.jpg"
  }
},
{
  "model": "products.productadditionalimage",
  "pk": 69,
  "fields": {
    "product": "20692db9-4c14-4663-b8c7-0cf894c611e7",
    "image": "products/additional_images/81-yt5qkjL._SL1500_.jpg"
  }
},
{
  "model": "products.productadditionalimage",
  "pk": 70,
  "fields": {
    "product": "20692db9-4c14-4663-b8c7-0cf894c611e7",
    "image": "products/additional_images/419bMyiWZML.jpg"
  }
},
{
  "model": "products.productadditionalimage",
  "pk": 71,
  "fields": {
    "product": "20692db9-4c14-4663-b8c7-0cf894c611e7",
    "image": "products/additional_images/91Hv-8nERpL._SL1500_.jpg"
  }
},
{
  "model": "products.productadditionalimage",
  "pk": 72,
  "fields": {
    "product": "20692db9-4c14-4663-b8c7-0cf894c611e7",
    "image": "products/additional_images/51EOU0pf7nL._SX300_SY300_QL70_FMwebp_.webp"
  }
},
{
  "model": "products.productadditionalimage",
  "pk": 73,
  "fields": {
    "product": "d0a43767-208e-48fd-9c81-4202c959c582",
    "image": "products/additional_images/Baseus-Inflator-Super-Mini-Pro-Series-4000mAh-Wireless-C_w96dC5g.jpg.webp"
  }
},
{
  "model": "products.productadditionalimage",
  "pk": 74,
  "fields": {
    "product": "87c835c8-9afa-4c87-93ae-ac23d50090ef",
    "image": "products/additional_images/717N4CuMaYL._SX679_.jpg"
  }
},
{
  "model": "products.productadditionalimage",
  "pk": 75,
  "fields": {
    "product": "87c835c8-9afa-4c87-93ae-ac23d50090ef",
    "image": "products/additional_images/71wb25UzZIL._SY879_.jpg"
  }
},
{
  "model": "products.productadditionalimage",
  "pk": 76,
  "fields": {
    "product": "87c835c8-9afa-4c87-93ae-ac23d50090ef",
    "image": "products/additional_images/71-Tkf9YFcL._SY879_.jpg"
  }
},
{
  "model": "products.productadditionalimage",
  "pk": 77,
  "fields": {
    "product": "87c835c8-9afa-4c87-93ae-ac23d50090ef",
    "image": "products/additional_images/610PckE-H-L._SX679_.jpg"
  }
},
{
  "model": "products.productadditionalimage",
  "pk": 78,
  "fields": {
    "product": "87c835c8-9afa-4c87-93ae-ac23d50090ef",
    "image": "products/additional_images/41XR6DItKgL._SY300_SX300_QL70_FMwebp_.webp"
  }
},
{
  "model": "products.productadditionalimage",
  "pk": 79,
  "fields": {
    "product": "9f596144-86fb-4743-b520-b7b0e009109f",
    "image": "products/additional_images/81gVX90COL._SL1500_.jpg"
  }
},
{
  "model": "products.productadditionalimage",
  "pk": 80,
  "fields": {
    "product": "9f596144-86fb-4743-b520-b7b0e009109f",
    "image": "products/additional_images/91Y8IfaD2L._SX679_.jpg"
  }
},
{
  "model": "products.productadditionalimage",
  "pk": 81,
  "fields": {
    "product": "9f596144-86fb-4743-b520-b7b0e009109f",
    "image": "products/additional_images/71YeNZdDeJL._SX679_.jpg"
  }
},
{
  "model": "products.productadditionalimage",
  "pk": 82,
  "fields": {
    "product": "9f596144-86fb-4743-b520-b7b0e009109f",
    "image": "products/additional_images/81JW7NAHFL._SX679_.jpg"
  }
},
{
  "model": "products.productadditionalimage",
  "pk": 83,
  "fields": {
    "product": "9f596144-86fb-4743-b520-b7b0e009109f",
    "image": "products/additional_images/81N4DBJXL._SX679_.jpg"
  }
},
{
  "model": "products.productadditionalimage",
  "pk": 84,
  "fields": {
    "product": "9f596144-86fb-4743-b520-b7b0e009109f",
    "image": "products/additional_images/5190gQnH5-L._SY300_SX300_QL70_FMwebp_.webp"
  }
},
{
  "model": "products.productadditionalimage",
  "pk": 85,
  "fields": {
    "product": "fd3ee6ee-388b-4cc6-8e6d-6b2681506c0d",
    "image": "products/additional_images/7ruzF1767591190.jpg"
  }
},
{
  "model": "products.productadditionalimage",
  "pk": 86,
  "fields": {
    "product": "3bf9f16b-0259-4733-881b-fc309addff6b",
    "image": "products/additional_images/SUYK000001-6.jpg.webp"
  }
},
{
  "model": "products.productadditionalimage",
  "pk": 87,
  "fields": {
    "product": "3bf9f16b-0259-4733-881b-fc309addff6b",
    "image": "products/additional_images/SUYK000001-5.jpg.webp"
  }
},
{
  "model": "products.productadditionalimage",
  "pk": 88,
  "fields": {
    "product": "6490a5eb-3148-4d56-8359-f80ffaa01855",
    "image": "products/additional_images/1767097262gksUj.jpg"
  }
},
{
  "model": "products.productadditionalimage",
  "pk": 89,
  "fields": {
    "product": "6490a5eb-3148-4d56-8359-f80ffaa01855",
    "image": "products/additional_images/1767097262LZQSZ.jpg"
  }
},
{
  "model": "products.productadditionalimage",
  "pk": 90,
  "fields": {
    "product": "6490a5eb-3148-4d56-8359-f80ffaa01855",
    "image": "products/additional_images/IFxSL1767097262.jpg"
  }
},
{
  "model": "products.productadditionalimage",
  "pk": 91,
  "fields": {
    "product": "b611c20e-cba5-4e59-a05a-8b99d4061f59",
    "image": "products/additional_images/1767439554rel7F.jpg"
  }
},
{
  "model": "products.productadditionalimage",
  "pk": 92,
  "fields": {
    "product": "b611c20e-cba5-4e59-a05a-8b99d4061f59",
    "image": "products/additional_images/1767608240Ixly1.jpg"
  }
},
{
  "model": "products.productadditionalimage",
  "pk": 93,
  "fields": {
    "product": "b611c20e-cba5-4e59-a05a-8b99d4061f59",
    "image": "products/additional_images/MrMvb1767439554.jpg"
  }
},
{
  "model": "products.productadditionalimage",
  "pk": 94,
  "fields": {
    "product": "5398b394-20ea-4515-851f-2024c544497c",
    "image": "products/additional_images/Baseus-2pcs-Car-Rear-View-Mirror-Full-Vision-360-Degree-_PF9DUQ1.jpg.webp"
  }
},
{
  "model": "products.productadditionalimage",
  "pk": 95,
  "fields": {
    "product": "cf3bd353-7964-41c9-be69-66f938b14575",
    "image": "products/additional_images/1767418525gNOLj.jpg"
  }
},
{
  "model": "products.productadditionalimage",
  "pk": 96,
  "fields": {
    "product": "cf3bd353-7964-41c9-be69-66f938b14575",
    "image": "products/additional_images/1767001234kHDLr.jpg"
  }
},
{
  "model": "products.productadditionalimage",
  "pk": 97,
  "fields": {
    "product": "cf3bd353-7964-41c9-be69-66f938b14575",
    "image": "products/additional_images/1767001234wJSfG.jpg"
  }
},
{
  "model": "products.productadditionalimage",
  "pk": 98,
  "fields": {
    "product": "cf3bd353-7964-41c9-be69-66f938b14575",
    "image": "products/additional_images/fAewT1767418525.jpg"
  }
},
{
  "model": "products.productadditionalimage",
  "pk": 99,
  "fields": {
    "product": "e26bfd0e-de57-485b-9f5e-573fd7b3b02c",
    "image": "products/additional_images/Baseus-car-mount-bd.jpg.webp"
  }
},
{
  "model": "products.productadditionalimage",
  "pk": 100,
  "fields": {
    "product": "12cb6a2b-c148-4f1a-8bad-b686ac672f52",
    "image": "products/additional_images/81LkjslTlyL._SX679_.jpg"
  }
},
{
  "model": "products.productadditionalimage",
  "pk": 101,
  "fields": {
    "product": "12cb6a2b-c148-4f1a-8bad-b686ac672f52",
    "image": "products/additional_images/812kvYZiHHL._SX679_.jpg"
  }
},
{
  "model": "products.productadditionalimage",
  "pk": 102,
  "fields": {
    "product": "12cb6a2b-c148-4f1a-8bad-b686ac672f52",
    "image": "products/additional_images/81CjadNKsBL._SX679_.jpg"
  }
},
{
  "model": "products.productadditionalimage",
  "pk": 103,
  "fields": {
    "product": "12cb6a2b-c148-4f1a-8bad-b686ac672f52",
    "image": "products/additional_images/81HQswgQFL._SX679_.jpg"
  }
},
{
  "model": "products.productadditionalimage",
  "pk": 104,
  "fields": {
    "product": "12cb6a2b-c148-4f1a-8bad-b686ac672f52",
    "image": "products/additional_images/71HSfGhGxGL._SX679_.jpg"
  }
},
{
  "model": "products.productadditionalimage",
  "pk": 105,
  "fields": {
    "product": "12cb6a2b-c148-4f1a-8bad-b686ac672f52",
    "image": "products/additional_images/71bPVq7U-eL._SX679_.jpg"
  }
},
{
  "model": "products.productadditionalimage",
  "pk": 106,
  "fields": {
    "product": "12cb6a2b-c148-4f1a-8bad-b686ac672f52",
    "image": "products/additional_images/71ujKIRovL._SX679_.jpg"
  }
},
{
  "model": "products.productadditionalimage",
  "pk": 107,
  "fields": {
    "product": "7a9b12e5-d201-4c09-86bd-cff862d403d3",
    "image": "products/additional_images/CRNBQ-A01-hd-300x289.jpg.webp"
  }
},
{
  "model": "products.productadditionalimage",
  "pk": 108,
  "fields": {
    "product": "827993a0-2f3d-4dac-8a20-00ae8be4f70b",
    "image": "products/additional_images/Baseus-Dual-Power-Portable-Electric-Car-Wash-Spray-Nozzl_MEyqaDS.jpg.webp"
  }
},
{
  "model": "products.productspecification",
  "pk": 1,
  "fields": {
    "product": "59a66da0-ab61-4b56-9c61-04336c77ba5f",
    "name": "Brand",
    "value": "Fresh"
  }
},
{
  "model": "products.productspecification",
  "pk": 2,
  "fields": {
    "product": "59a66da0-ab61-4b56-9c61-04336c77ba5f",
    "name": "Color",
    "value": "White"
  }
},
{
  "model": "products.productspecification",
  "pk": 3,
  "fields": {
    "product": "2c47b9c7-5215-4714-a218-4e5e4c6c9f21",
    "name": "Brand",
    "value": "Huggies"
  }
},
{
  "model": "products.productspecification",
  "pk": 4,
  "fields": {
    "product": "2c47b9c7-5215-4714-a218-4e5e4c6c9f21",
    "name": "Color",
    "value": "White"
  }
},
{
  "model": "products.productspecification",
  "pk": 5,
  "fields": {
    "product": "ef39f108-042a-4334-b70c-7ebef239975a",
    "name": "Brand",
    "value": "Unimax Industries"
  }
},
{
  "model": "products.productspecification",
  "pk": 6,
  "fields": {
    "product": "206059d5-0467-4c7a-bfc7-1614517e658d",
    "name": "Brand",
    "value": "MamyPoko"
  }
},
{
  "model": "products.productspecification",
  "pk": 7,
  "fields": {
    "product": "206059d5-0467-4c7a-bfc7-1614517e658d",
    "name": "Color",
    "value": "White"
  }
},
{
  "model": "products.productspecification",
  "pk": 8,
  "fields": {
    "product": "cfb8762b-759c-4ee8-a26c-069658416a83",
    "name": "Brand",
    "value": "Nestlé"
  }
},
{
  "model": "products.productspecification",
  "pk": 9,
  "fields": {
    "product": "32a7f16b-52d2-48d4-858d-50b29b200a9d",
    "name": "Brand",
    "value": "Nestlé"
  }
},
{
  "model": "products.productspecification",
  "pk": 10,
  "fields": {
    "product": "32a7f16b-52d2-48d4-858d-50b29b200a9d",
    "name": "Color",
    "value": "sky blu"
  }
},
{
  "model": "products.productspecification",
  "pk": 11,
  "fields": {
    "product": "ea936b34-425d-4eba-b784-cc34b8afba84",
    "name": "Brand",
    "value": "Philips Avent Anti-Colic Bottle 260 ml Twin Pack SCF 813/20"
  }
},
{
  "model": "products.productspecification",
  "pk": 12,
  "fields": {
    "product": "ea936b34-425d-4eba-b784-cc34b8afba84",
    "name": "Color",
    "value": "White"
  }
},
{
  "model": "products.productspecification",
  "pk": 13,
  "fields": {
    "product": "170f3e9a-cec3-42be-a5a2-f6c09d8c3792",
    "name": "Brand",
    "value": "pur"
  }
},
{
  "model": "products.productspecification",
  "pk": 14,
  "fields": {
    "product": "69168b55-4c21-4ed5-aeba-296f8a3d652e",
    "name": "Brand",
    "value": "johnson's"
  }
},
{
  "model": "products.productspecification",
  "pk": 15,
  "fields": {
    "product": "281356f1-8a76-492a-baff-f6da7983ef85",
    "name": "Brand",
    "value": "johnson's"
  }
},
{
  "model": "products.productspecification",
  "pk": 16,
  "fields": {
    "product": "e1ce292e-6bdb-47f5-9d2f-b03928fc656b",
    "name": "Brand",
    "value": "kodomo"
  }
},
{
  "model": "products.productspecification",
  "pk": 17,
  "fields": {
    "product": "e1ce292e-6bdb-47f5-9d2f-b03928fc656b",
    "name": "Color",
    "value": "White"
  }
},
{
  "model": "products.productspecification",
  "pk": 18,
  "fields": {
    "product": "31cd3ed9-a6ff-47f1-baac-4e98ba5d24c1",
    "name": "Brand",
    "value": "johnson's"
  }
},
{
  "model": "products.productspecification",
  "pk": 19,
  "fields": {
    "product": "31cd3ed9-a6ff-47f1-baac-4e98ba5d24c1",
    "name": "Color",
    "value": "White"
  }
},
{
  "model": "products.productspecification",
  "pk": 20,
  "fields": {
    "product": "dff69597-b815-44de-88bb-0428678f8c35",
    "name": "Brand",
    "value": "kodomo"
  }
},
{
  "model": "products.productspecification",
  "pk": 21,
  "fields": {
    "product": "dff69597-b815-44de-88bb-0428678f8c35",
    "name": "Color",
    "value": "pink"
  }
},
{
  "model": "products.productspecification",
  "pk": 22,
  "fields": {
    "product": "a393e242-08cb-4ee9-96ec-bd3d3a9c5a12",
    "name": "Brand",
    "value": "Unimax Industries"
  }
},
{
  "model": "products.productspecification",
  "pk": 23,
  "fields": {
    "product": "e77627fb-a205-454e-8a1c-b9406453956a",
    "name": "Brand",
    "value": "johnson's"
  }
},
{
  "model": "products.productspecification",
  "pk": 24,
  "fields": {
    "product": "238ba507-3dab-42cc-b2d7-f52d977fd51f",
    "name": "Brand",
    "value": "playtime"
  }
},
{
  "model": "products.productspecification",
  "pk": 25,
  "fields": {
    "product": "6d159b95-9519-4b2d-9203-d7806a6c5ba0",
    "name": "Brand",
    "value": "playtime"
  }
},
{
  "model": "products.productspecification",
  "pk": 26,
  "fields": {
    "product": "745c20e0-19f4-435c-b07f-26149f7da908",
    "name": "Brand",
    "value": "china"
  }
},
{
  "model": "products.productspecification",
  "pk": 27,
  "fields": {
    "product": "745c20e0-19f4-435c-b07f-26149f7da908",
    "name": "Color",
    "value": "mixed"
  }
},
{
  "model": "products.productspecification",
  "pk": 28,
  "fields": {
    "product": "ee9c9de2-2943-4be9-8f2e-894b34a848b9",
    "name": "Brand",
    "value": "toy brand"
  }
},
{
  "model": "products.productspecification",
  "pk": 29,
  "fields": {
    "product": "7272bd91-2941-46a6-ab51-e3e235b8fe75",
    "name": "Brand",
    "value": "duck"
  }
},
{
  "model": "products.productspecification",
  "pk": 30,
  "fields": {
    "product": "a45a73b4-b98f-470f-9ded-e228b8eaa683",
    "name": "Brand",
    "value": "CeraVe"
  }
},
{
  "model": "products.productspecification",
  "pk": 31,
  "fields": {
    "product": "4f32928b-bce7-4f62-8187-d6906982b16e",
    "name": "Brand",
    "value": "kodomo"
  }
},
{
  "model": "products.productspecification",
  "pk": 32,
  "fields": {
    "product": "4f32928b-bce7-4f62-8187-d6906982b16e",
    "name": "Color",
    "value": "mixed"
  }
},
{
  "model": "products.productspecification",
  "pk": 33,
  "fields": {
    "product": "d6ffe276-b3e6-4ddb-b6a5-25d1bc543372",
    "name": "Brand",
    "value": "first ware"
  }
},
{
  "model": "products.productspecification",
  "pk": 34,
  "fields": {
    "product": "d6ffe276-b3e6-4ddb-b6a5-25d1bc543372",
    "name": "Color",
    "value": "mixed"
  }
},
{
  "model": "orders.shippingcategory",
  "pk": 1,
  "fields": {
    "name": "courier service",
    "description": "Shipping Category defines the method and conditions under which products are delivered to customers. It helps classify shipments based on factors such as delivery speed, weight, size, destination, and product type. By organizing orders into specific categories—such as Standard, Express, International, Bulk, or Fragile—businesses can ensure accurate shipping costs, faster processing, and reliable delivery services.",
    "allowed_shipping_methods": []
  }
},
{
  "model": "orders.shippingcategory",
  "pk": 2,
  "fields": {
    "name": "Electronics",
    "description": "",
    "allowed_shipping_methods": [
      1
    ]
  }
},
{
  "model": "orders.shippingcategory",
  "pk": 3,
  "fields": {
    "name": "speed fast courier",
    "description": "Speed Fast Courier is a reliable delivery service that ensures your packages reach their destination quickly and safely. With fast turnaround times, secure handling, and affordable rates, it provides convenient solutions for both personal and business deliveries. Whether local or long-distance, Speed Fast Courier is committed to delivering with speed, care, and efficiency.",
    "allowed_shipping_methods": [
      1
    ]
  }
},
{
  "model": "orders.shippingcategory",
  "pk": 4,
  "fields": {
    "name": "Fashion",
    "description": "This shiping category will use only for fashion category.",
    "allowed_shipping_methods": [
      3
    ]
  }
},
{
  "model": "orders.shippingmethod",
  "pk": 1,
  "fields": {
    "name": "Door to Door",
    "description": "",
    "price": "60.00",
    "delivery_estimated_time": "2-3 days",
    "max_weight": "10000.00",
    "max_quantity": 100,
    "preferred_pricing_type": "quantity",
    "is_active": true
  }
},
{
  "model": "orders.shippingmethod",
  "pk": 2,
  "fields": {
    "name": "Pick Up Point",
    "description": "",
    "price": "150.00",
    "delivery_estimated_time": "2-3 days",
    "max_weight": "1000.00",
    "max_quantity": 100,
    "preferred_pricing_type": "weight",
    "is_active": true
  }
},
{
  "model": "orders.shippingmethod",
  "pk": 3,
  "fields": {
    "name": "China to BD",
    "description": "it will be delivered from china to bd",
    "price": "500.00",
    "delivery_estimated_time": "25-27 days",
    "max_weight": "1000.00",
    "max_quantity": 1998,
    "preferred_pricing_type": "weight",
    "is_active": true
  }
},
{
  "model": "orders.shippingtier",
  "pk": 1,
  "fields": {
    "shipping_method": 1,
    "min_quantity": 2,
    "max_quantity": null,
    "min_weight": null,
    "max_weight": null,
    "pricing_type": "quantity",
    "base_price": "100.00",
    "has_incremental_pricing": false,
    "increment_per_unit": null,
    "increment_unit_size": "1.00",
    "priority": 0
  }
},
{
  "model": "orders.shippingtier",
  "pk": 2,
  "fields": {
    "shipping_method": 1,
    "min_quantity": 4,
    "max_quantity": null,
    "min_weight": null,
    "max_weight": null,
    "pricing_type": "quantity",
    "base_price": "150.00",
    "has_incremental_pricing": false,
    "increment_per_unit": null,
    "increment_unit_size": "1.00",
    "priority": 0
  }
},
{
  "model": "orders.shippingtier",
  "pk": 3,
  "fields": {
    "shipping_method": 1,
    "min_quantity": 12,
    "max_quantity": null,
    "min_weight": null,
    "max_weight": null,
    "pricing_type": "quantity",
    "base_price": "250.00",
    "has_incremental_pricing": false,
    "increment_per_unit": null,
    "increment_unit_size": "1.00",
    "priority": 0
  }
},
{
  "model": "orders.shippingtier",
  "pk": 4,
  "fields": {
    "shipping_method": 2,
    "min_quantity": 1,
    "max_quantity": 111,
    "min_weight": "0.00",
    "max_weight": "0.50",
    "pricing_type": "weight",
    "base_price": "100.00",
    "has_incremental_pricing": false,
    "increment_per_unit": null,
    "increment_unit_size": "1.00",
    "priority": 1
  }
},
{
  "model": "orders.shippingtier",
  "pk": 5,
  "fields": {
    "shipping_method": 2,
    "min_quantity": 1,
    "max_quantity": 111,
    "min_weight": "0.50",
    "max_weight": "1.00",
    "pricing_type": "weight",
    "base_price": "110.00",
    "has_incremental_pricing": false,
    "increment_per_unit": null,
    "increment_unit_size": "1.00",
    "priority": 2
  }
},
{
  "model": "orders.shippingtier",
  "pk": 6,
  "fields": {
    "shipping_method": 2,
    "min_quantity": 1,
    "max_quantity": 111,
    "min_weight": "1.00",
    "max_weight": "2.00",
    "pricing_type": "weight",
    "base_price": "120.00",
    "has_incremental_pricing": false,
    "increment_per_unit": null,
    "increment_unit_size": "1.00",
    "priority": 3
  }
},
{
  "model": "orders.shippingtier",
  "pk": 7,
  "fields": {
    "shipping_method": 2,
    "min_quantity": 1,
    "max_quantity": 111,
    "min_weight": "2.00",
    "max_weight": "4.00",
    "pricing_type": "weight",
    "base_price": "150.00",
    "has_incremental_pricing": true,
    "increment_per_unit": "30.00",
    "increment_unit_size": "1.00",
    "priority": 4
  }
},
{
  "model": "orders.shippingtier",
  "pk": 8,
  "fields": {
    "shipping_method": 2,
    "min_quantity": 1,
    "max_quantity": 111,
    "min_weight": "10.00",
    "max_weight": "20.00",
    "pricing_type": "weight",
    "base_price": "1000.00",
    "has_incremental_pricing": true,
    "increment_per_unit": "100.00",
    "increment_unit_size": "1.00",
    "priority": 5
  }
},
{
  "model": "orders.shippingtier",
  "pk": 9,
  "fields": {
    "shipping_method": 2,
    "min_quantity": 1,
    "max_quantity": 111,
    "min_weight": "60.00",
    "max_weight": "111.00",
    "pricing_type": "quantity",
    "base_price": "500.00",
    "has_incremental_pricing": true,
    "increment_per_unit": "300.00",
    "increment_unit_size": "1.00",
    "priority": 6
  }
},
{
  "model": "orders.shippingtier",
  "pk": 10,
  "fields": {
    "shipping_method": 3,
    "min_quantity": 1,
    "max_quantity": 2000,
    "min_weight": "1.00",
    "max_weight": "2.00",
    "pricing_type": "weight",
    "base_price": "800.00",
    "has_incremental_pricing": true,
    "increment_per_unit": "800.00",
    "increment_unit_size": "1.00",
    "priority": 0
  }
},
{
  "model": "orders.coupon",
  "pk": 1,
  "fields": {
    "code": "SAVE50",
    "type": "PRODUCT_DISCOUNT",
    "discount_percent": "50.00",
    "min_quantity_required": 4,
    "min_cart_total": null,
    "usage_limit": null,
    "used_count": 0,
    "active": true,
    "created_at": "2026-02-24T08:03:59.082Z",
    "valid_from": "2026-02-24T08:03:00Z",
    "expires_at": "2026-02-28T08:03:00Z",
    "applicable_products": [],
    "eligible_users": []
  }
},
{
  "model": "orders.order",
  "pk": 6,
  "fields": {
    "user": [
      "tahamidurtaief@gmail.com"
    ],
    "order_number": "ORD174451826",
    "total_amount": "460.00",
    "cart_subtotal": "400.00",
    "status": "PROCESSING",
    "payment_status": "PAID",
    "shipping_address": 6,
    "shipping_method": 1,
    "tracking_number": "TRK-20250924-56133",
    "customer_name": "Tahamidur Rahman Taief",
    "customer_email": "tahamidurtaief@gmail.com",
    "customer_phone": "+8801977794509",
    "ordered_at": "2025-09-24T11:44:51.962Z"
  }
},
{
  "model": "orders.order",
  "pk": 7,
  "fields": {
    "user": [
      "theasapurbo@gmail.com"
    ],
    "order_number": "ORD175919226",
    "total_amount": "2620.00",
    "cart_subtotal": "2520.00",
    "status": "CANCELLED",
    "payment_status": "PAID",
    "shipping_address": 7,
    "shipping_method": 1,
    "tracking_number": "TRK-20250924-49816",
    "customer_name": "apurbo howlader",
    "customer_email": "me@gmail.com",
    "customer_phone": "01888888888",
    "ordered_at": "2025-09-24T11:59:19.343Z"
  }
},
{
  "model": "orders.order",
  "pk": 8,
  "fields": {
    "user": [
      "tahamidurtaief@gmail.com"
    ],
    "order_number": "ORD222933385",
    "total_amount": "690.00",
    "cart_subtotal": "690.00",
    "status": "CANCELLED",
    "payment_status": "PAID",
    "shipping_address": 6,
    "shipping_method": null,
    "tracking_number": "TRK-20250924-55911",
    "customer_name": "Tahamidur Rahman Taief",
    "customer_email": "tahamidurtaief@gmail.com",
    "customer_phone": "+8801977794509",
    "ordered_at": "2025-09-24T16:29:33.113Z"
  }
},
{
  "model": "orders.order",
  "pk": 9,
  "fields": {
    "user": [
      "abdulhamid.cse1@gmail.com"
    ],
    "order_number": "ORD123456697",
    "total_amount": "3660.00",
    "cart_subtotal": "3600.00",
    "status": "DELIVERED",
    "payment_status": "PAID",
    "shipping_address": 8,
    "shipping_method": 1,
    "tracking_number": "TRK-20250925-33454",
    "customer_name": "Abdul Hamid",
    "customer_email": "abul@gmail.com",
    "customer_phone": "01814181258",
    "ordered_at": "2025-09-25T06:34:56.608Z"
  }
},
{
  "model": "orders.order",
  "pk": 10,
  "fields": {
    "user": [
      "tahamidurtaief@gmail.com"
    ],
    "order_number": "ORD184736758",
    "total_amount": "10620.00",
    "cart_subtotal": "10470.00",
    "status": "SHIPPED",
    "payment_status": "PAID",
    "shipping_address": 6,
    "shipping_method": 1,
    "tracking_number": "TRK-20251001-47849",
    "customer_name": "Tahamidur Rahman Taief",
    "customer_email": "tahamidurtaief@gmail.com",
    "customer_phone": "+8801977794509",
    "ordered_at": "2025-10-01T12:47:36.814Z"
  }
},
{
  "model": "orders.order",
  "pk": 11,
  "fields": {
    "user": [
      "tahamidurtaief@gmail.com"
    ],
    "order_number": "ORD214010396",
    "total_amount": "15200.00",
    "cart_subtotal": "14400.00",
    "status": "DELIVERED",
    "payment_status": "PAID",
    "shipping_address": 6,
    "shipping_method": 3,
    "tracking_number": "TRK-20251011-72466",
    "customer_name": "Accusamus minus porr Qui est omnis totam",
    "customer_email": "fizigyqoga@mailinator.com",
    "customer_phone": "+1 (361) 861-5773",
    "ordered_at": "2025-10-11T15:40:10.047Z"
  }
},
{
  "model": "orders.order",
  "pk": 12,
  "fields": {
    "user": [
      "tahamidurtaief123@gmail.com"
    ],
    "order_number": "ORD114833334",
    "total_amount": "6140.00",
    "cart_subtotal": "5990.00",
    "status": "SHIPPED",
    "payment_status": "PAID",
    "shipping_address": 9,
    "shipping_method": 1,
    "tracking_number": "TRK-20251022-41830",
    "customer_name": "Quos ut non eveniet Ut atque dolore ex t",
    "customer_email": "zopa@mailinator.com",
    "customer_phone": "+1 (925) 446-9663",
    "ordered_at": "2025-10-22T05:48:33.541Z"
  }
},
{
  "model": "orders.order",
  "pk": 13,
  "fields": {
    "user": [
      "tahamidurtaief123@gmail.com"
    ],
    "order_number": "ORD151139869",
    "total_amount": "27890.00",
    "cart_subtotal": "27090.00",
    "status": "PROCESSING",
    "payment_status": "PAID",
    "shipping_address": 9,
    "shipping_method": 3,
    "tracking_number": "TRK-20251023-74030",
    "customer_name": "Voluptate atque repr Et voluptatibus mole",
    "customer_email": "jarutixaf@mailinator.com",
    "customer_phone": "+1 (836) 948-5395",
    "ordered_at": "2025-10-23T09:11:39.020Z"
  }
},
{
  "model": "orders.order",
  "pk": 14,
  "fields": {
    "user": [
      "tahamidurtaief123@gmail.com"
    ],
    "order_number": "ORD152255676",
    "total_amount": "32000.00",
    "cart_subtotal": "31750.00",
    "status": "DELIVERED",
    "payment_status": "PAID",
    "shipping_address": 9,
    "shipping_method": 1,
    "tracking_number": "TRK-20251023-45517",
    "customer_name": "Commodi sapiente sun Ad eiusmod molestias",
    "customer_email": "riverigun@mailinator.com",
    "customer_phone": "+1 (887) 389-9778",
    "ordered_at": "2025-10-23T09:22:55.272Z"
  }
},
{
  "model": "orders.order",
  "pk": 15,
  "fields": {
    "user": [
      "tahamidurtaief123@gmail.com"
    ],
    "order_number": "ORD120703212",
    "total_amount": "2350.00",
    "cart_subtotal": "2200.00",
    "status": "PROCESSING",
    "payment_status": "PAID",
    "shipping_address": 9,
    "shipping_method": 1,
    "tracking_number": "TRK-20251119-51711",
    "customer_name": "Adipisicing eligendi Sed ea harum rerum i",
    "customer_email": "nogopisehe@mailinator.com",
    "customer_phone": "01970080484",
    "ordered_at": "2025-11-19T06:07:03.856Z"
  }
},
{
  "model": "orders.order",
  "pk": 16,
  "fields": {
    "user": [
      "tabassumnazifa95@gmail.com"
    ],
    "order_number": "ORD005318119",
    "total_amount": "300.00",
    "cart_subtotal": "240.00",
    "status": "PROCESSING",
    "payment_status": "PAID",
    "shipping_address": 10,
    "shipping_method": 1,
    "tracking_number": "TRK-20251216-94901",
    "customer_name": "nazifa tabassum",
    "customer_email": "tabassumnazifa95@gmail.com",
    "customer_phone": "01814181257",
    "ordered_at": "2025-12-15T18:53:18.558Z"
  }
},
{
  "model": "orders.order",
  "pk": 17,
  "fields": {
    "user": [
      "mehedi294@gmail.com"
    ],
    "order_number": "ORD215119218",
    "total_amount": "300.00",
    "cart_subtotal": "240.00",
    "status": "DELIVERED",
    "payment_status": "PAID",
    "shipping_address": 11,
    "shipping_method": 1,
    "tracking_number": "TRK-20251218-14774",
    "customer_name": "Md. Mehedi Hasan 2",
    "customer_email": "mehedi294@gmail.com",
    "customer_phone": "01716102062",
    "ordered_at": "2025-12-18T15:51:19.614Z"
  }
},
{
  "model": "orders.order",
  "pk": 18,
  "fields": {
    "user": [
      "admin@gmail.com"
    ],
    "order_number": "ORD135653294",
    "total_amount": "2160.00",
    "cart_subtotal": "2100.00",
    "status": "PROCESSING",
    "payment_status": "PAID",
    "shipping_address": 12,
    "shipping_method": 1,
    "tracking_number": "TRK-20260221-88692",
    "customer_name": "Tahamidur Rahman Taief",
    "customer_email": "tahamidurtaief@gmail.com",
    "customer_phone": "+8801977794509",
    "ordered_at": "2026-02-21T07:56:53.978Z"
  }
},
{
  "model": "orders.order",
  "pk": 19,
  "fields": {
    "user": [
      "tahamidurtaiefvendor@gmail.com"
    ],
    "order_number": "ORD123739533",
    "total_amount": "755.00",
    "cart_subtotal": "695.00",
    "status": "DELIVERED",
    "payment_status": "PAID",
    "shipping_address": 13,
    "shipping_method": 1,
    "tracking_number": "TRK-20260225-91120",
    "customer_name": "Tahamidur Rahman Taief",
    "customer_email": "tahamidurtaief@gmail.com",
    "customer_phone": "+8801977794509",
    "ordered_at": "2026-02-25T06:37:39.130Z"
  }
},
{
  "model": "orders.orderitem",
  "pk": 7,
  "fields": {
    "order": 6,
    "product": "ee9c9de2-2943-4be9-8f2e-894b34a848b9",
    "color": null,
    "size": null,
    "quantity": 1,
    "unit_price": "400.00"
  }
},
{
  "model": "orders.orderitem",
  "pk": 8,
  "fields": {
    "order": 7,
    "product": "238ba507-3dab-42cc-b2d7-f52d977fd51f",
    "color": null,
    "size": null,
    "quantity": 1,
    "unit_price": "2300.00"
  }
},
{
  "model": "orders.orderitem",
  "pk": 9,
  "fields": {
    "order": 7,
    "product": "7272bd91-2941-46a6-ab51-e3e235b8fe75",
    "color": null,
    "size": null,
    "quantity": 1,
    "unit_price": "220.00"
  }
},
{
  "model": "orders.orderitem",
  "pk": 10,
  "fields": {
    "order": 8,
    "product": "d6ffe276-b3e6-4ddb-b6a5-25d1bc543372",
    "color": null,
    "size": null,
    "quantity": 1,
    "unit_price": "690.00"
  }
},
{
  "model": "orders.orderitem",
  "pk": 11,
  "fields": {
    "order": 9,
    "product": "4f32928b-bce7-4f62-8187-d6906982b16e",
    "color": null,
    "size": null,
    "quantity": 1,
    "unit_price": "3600.00"
  }
},
{
  "model": "orders.orderitem",
  "pk": 12,
  "fields": {
    "order": 10,
    "product": "7272bd91-2941-46a6-ab51-e3e235b8fe75",
    "color": null,
    "size": null,
    "quantity": 3,
    "unit_price": "220.00"
  }
},
{
  "model": "orders.orderitem",
  "pk": 13,
  "fields": {
    "order": 10,
    "product": "ee9c9de2-2943-4be9-8f2e-894b34a848b9",
    "color": null,
    "size": null,
    "quantity": 1,
    "unit_price": "400.00"
  }
},
{
  "model": "orders.orderitem",
  "pk": 14,
  "fields": {
    "order": 10,
    "product": "745c20e0-19f4-435c-b07f-26149f7da908",
    "color": null,
    "size": null,
    "quantity": 1,
    "unit_price": "2900.00"
  }
},
{
  "model": "orders.orderitem",
  "pk": 15,
  "fields": {
    "order": 10,
    "product": "0cc4273d-48f5-45ef-9ff4-401fb64de6fd",
    "color": null,
    "size": null,
    "quantity": 4,
    "unit_price": "620.00"
  }
},
{
  "model": "orders.orderitem",
  "pk": 16,
  "fields": {
    "order": 10,
    "product": "e1ce292e-6bdb-47f5-9d2f-b03928fc656b",
    "color": null,
    "size": null,
    "quantity": 1,
    "unit_price": "430.00"
  }
},
{
  "model": "orders.orderitem",
  "pk": 17,
  "fields": {
    "order": 10,
    "product": "4f32928b-bce7-4f62-8187-d6906982b16e",
    "color": null,
    "size": null,
    "quantity": 1,
    "unit_price": "3600.00"
  }
},
{
  "model": "orders.orderitem",
  "pk": 18,
  "fields": {
    "order": 11,
    "product": "4f32928b-bce7-4f62-8187-d6906982b16e",
    "color": null,
    "size": null,
    "quantity": 4,
    "unit_price": "3600.00"
  }
},
{
  "model": "orders.orderitem",
  "pk": 19,
  "fields": {
    "order": 12,
    "product": "745c20e0-19f4-435c-b07f-26149f7da908",
    "color": null,
    "size": null,
    "quantity": 10,
    "unit_price": "599.00"
  }
},
{
  "model": "orders.orderitem",
  "pk": 20,
  "fields": {
    "order": 13,
    "product": "4f32928b-bce7-4f62-8187-d6906982b16e",
    "color": null,
    "size": null,
    "quantity": 1,
    "unit_price": "3600.00"
  }
},
{
  "model": "orders.orderitem",
  "pk": 21,
  "fields": {
    "order": 13,
    "product": "4f32928b-bce7-4f62-8187-d6906982b16e",
    "color": null,
    "size": null,
    "quantity": 5,
    "unit_price": "3040.00"
  }
},
{
  "model": "orders.orderitem",
  "pk": 22,
  "fields": {
    "order": 13,
    "product": "238ba507-3dab-42cc-b2d7-f52d977fd51f",
    "color": null,
    "size": null,
    "quantity": 1,
    "unit_price": "2300.00"
  }
},
{
  "model": "orders.orderitem",
  "pk": 23,
  "fields": {
    "order": 13,
    "product": "745c20e0-19f4-435c-b07f-26149f7da908",
    "color": null,
    "size": null,
    "quantity": 10,
    "unit_price": "599.00"
  }
},
{
  "model": "orders.orderitem",
  "pk": 24,
  "fields": {
    "order": 14,
    "product": "e1ce292e-6bdb-47f5-9d2f-b03928fc656b",
    "color": null,
    "size": null,
    "quantity": 1,
    "unit_price": "430.00"
  }
},
{
  "model": "orders.orderitem",
  "pk": 25,
  "fields": {
    "order": 14,
    "product": "d6ffe276-b3e6-4ddb-b6a5-25d1bc543372",
    "color": null,
    "size": null,
    "quantity": 1,
    "unit_price": "690.00"
  }
},
{
  "model": "orders.orderitem",
  "pk": 26,
  "fields": {
    "order": 14,
    "product": "a45a73b4-b98f-470f-9ded-e228b8eaa683",
    "color": null,
    "size": null,
    "quantity": 10,
    "unit_price": "1744.00"
  }
},
{
  "model": "orders.orderitem",
  "pk": 27,
  "fields": {
    "order": 14,
    "product": "ee9c9de2-2943-4be9-8f2e-894b34a848b9",
    "color": null,
    "size": null,
    "quantity": 20,
    "unit_price": "360.00"
  }
},
{
  "model": "orders.orderitem",
  "pk": 28,
  "fields": {
    "order": 14,
    "product": "745c20e0-19f4-435c-b07f-26149f7da908",
    "color": null,
    "size": null,
    "quantity": 10,
    "unit_price": "599.00"
  }
},
{
  "model": "orders.orderitem",
  "pk": 29,
  "fields": {
    "order": 15,
    "product": "a393e242-08cb-4ee9-96ec-bd3d3a9c5a12",
    "color": null,
    "size": null,
    "quantity": 2,
    "unit_price": "240.00"
  }
},
{
  "model": "orders.orderitem",
  "pk": 30,
  "fields": {
    "order": 15,
    "product": "c9470ac2-0255-45a9-88b9-5105914fa8d7",
    "color": null,
    "size": null,
    "quantity": 2,
    "unit_price": "750.00"
  }
},
{
  "model": "orders.orderitem",
  "pk": 31,
  "fields": {
    "order": 15,
    "product": "7272bd91-2941-46a6-ab51-e3e235b8fe75",
    "color": null,
    "size": null,
    "quantity": 1,
    "unit_price": "220.00"
  }
},
{
  "model": "orders.orderitem",
  "pk": 32,
  "fields": {
    "order": 16,
    "product": "a393e242-08cb-4ee9-96ec-bd3d3a9c5a12",
    "color": null,
    "size": null,
    "quantity": 1,
    "unit_price": "240.00"
  }
},
{
  "model": "orders.orderitem",
  "pk": 33,
  "fields": {
    "order": 17,
    "product": "a393e242-08cb-4ee9-96ec-bd3d3a9c5a12",
    "color": null,
    "size": null,
    "quantity": 1,
    "unit_price": "240.00"
  }
},
{
  "model": "orders.orderitem",
  "pk": 34,
  "fields": {
    "order": 18,
    "product": "a45a73b4-b98f-470f-9ded-e228b8eaa683",
    "color": null,
    "size": null,
    "quantity": 1,
    "unit_price": "2100.00"
  }
},
{
  "model": "orders.orderitem",
  "pk": 35,
  "fields": {
    "order": 19,
    "product": "309e2b52-4b38-4a30-8081-1a7d584e0a18",
    "color": null,
    "size": null,
    "quantity": 1,
    "unit_price": "695.00"
  }
},
{
  "model": "orders.orderupdate",
  "pk": 6,
  "fields": {
    "order": 6,
    "status": "PROCESSING",
    "notes": "Payment confirmed. Transaction ID: TAIEF998. ",
    "timestamp": "2025-09-24T11:44:51.972Z"
  }
},
{
  "model": "orders.orderupdate",
  "pk": 7,
  "fields": {
    "order": 7,
    "status": "PROCESSING",
    "notes": "Payment confirmed. Transaction ID: 7423878473.",
    "timestamp": "2025-09-24T11:59:19.355Z"
  }
},
{
  "model": "orders.orderupdate",
  "pk": 8,
  "fields": {
    "order": 7,
    "status": "PENDING",
    "notes": "",
    "timestamp": "2025-09-24T12:00:27.687Z"
  }
},
{
  "model": "orders.orderupdate",
  "pk": 9,
  "fields": {
    "order": 7,
    "status": "PENDING",
    "notes": "",
    "timestamp": "2025-09-24T12:01:04.905Z"
  }
},
{
  "model": "orders.orderupdate",
  "pk": 10,
  "fields": {
    "order": 8,
    "status": "PROCESSING",
    "notes": "Payment confirmed. Transaction ID: TAIEFKKL009.",
    "timestamp": "2025-09-24T16:29:33.123Z"
  }
},
{
  "model": "orders.orderupdate",
  "pk": 11,
  "fields": {
    "order": 8,
    "status": "PENDING",
    "notes": "",
    "timestamp": "2025-09-24T16:30:39.999Z"
  }
},
{
  "model": "orders.orderupdate",
  "pk": 12,
  "fields": {
    "order": 9,
    "status": "PROCESSING",
    "notes": "Payment confirmed. Transaction ID: 252325523vgfhgv.",
    "timestamp": "2025-09-25T06:34:56.619Z"
  }
},
{
  "model": "orders.orderupdate",
  "pk": 13,
  "fields": {
    "order": 9,
    "status": "PENDING",
    "notes": "",
    "timestamp": "2025-09-25T06:36:06.497Z"
  }
},
{
  "model": "orders.orderupdate",
  "pk": 14,
  "fields": {
    "order": 10,
    "status": "PROCESSING",
    "notes": "Payment confirmed. Transaction ID: TAIEF9985.",
    "timestamp": "2025-10-01T12:47:36.841Z"
  }
},
{
  "model": "orders.orderupdate",
  "pk": 15,
  "fields": {
    "order": 10,
    "status": "PENDING",
    "notes": "",
    "timestamp": "2025-10-01T12:48:42.803Z"
  }
},
{
  "model": "orders.orderupdate",
  "pk": 16,
  "fields": {
    "order": 11,
    "status": "PROCESSING",
    "notes": "Payment confirmed. Transaction ID: TAIEFBUY998.",
    "timestamp": "2025-10-11T15:40:10.058Z"
  }
},
{
  "model": "orders.orderupdate",
  "pk": 17,
  "fields": {
    "order": 11,
    "status": "PENDING",
    "notes": "",
    "timestamp": "2025-10-11T15:40:54.696Z"
  }
},
{
  "model": "orders.orderupdate",
  "pk": 18,
  "fields": {
    "order": 11,
    "status": "PENDING",
    "notes": "",
    "timestamp": "2025-10-11T15:41:23.276Z"
  }
},
{
  "model": "orders.orderupdate",
  "pk": 19,
  "fields": {
    "order": 12,
    "status": "PROCESSING",
    "notes": "Payment confirmed. Transaction ID: TAIEFSELLBUY778. ",
    "timestamp": "2025-10-22T05:48:33.568Z"
  }
},
{
  "model": "orders.orderupdate",
  "pk": 20,
  "fields": {
    "order": 13,
    "status": "PROCESSING",
    "notes": "Payment confirmed. Transaction ID: Exercitationem paria. ",
    "timestamp": "2025-10-23T09:11:39.041Z"
  }
},
{
  "model": "orders.orderupdate",
  "pk": 21,
  "fields": {
    "order": 14,
    "status": "PROCESSING",
    "notes": "Payment confirmed. Transaction ID: Quidem ex a nostrum.",
    "timestamp": "2025-10-23T09:22:55.296Z"
  }
},
{
  "model": "orders.orderupdate",
  "pk": 22,
  "fields": {
    "order": 14,
    "status": "PENDING",
    "notes": "",
    "timestamp": "2025-10-23T09:34:12.033Z"
  }
},
{
  "model": "orders.orderupdate",
  "pk": 23,
  "fields": {
    "order": 15,
    "status": "PROCESSING",
    "notes": "Payment confirmed. Transaction ID: TAIEF8899. ",
    "timestamp": "2025-11-19T06:07:03.878Z"
  }
},
{
  "model": "orders.orderupdate",
  "pk": 24,
  "fields": {
    "order": 16,
    "status": "PROCESSING",
    "notes": "Payment confirmed. Transaction ID: 12345. ",
    "timestamp": "2025-12-15T18:53:18.570Z"
  }
},
{
  "model": "orders.orderupdate",
  "pk": 25,
  "fields": {
    "order": 17,
    "status": "PROCESSING",
    "notes": "Payment confirmed. Transaction ID: 645645.",
    "timestamp": "2025-12-18T15:51:19.624Z"
  }
},
{
  "model": "orders.orderupdate",
  "pk": 26,
  "fields": {
    "order": 17,
    "status": "PENDING",
    "notes": "",
    "timestamp": "2025-12-23T06:38:06.958Z"
  }
},
{
  "model": "orders.orderupdate",
  "pk": 27,
  "fields": {
    "order": 18,
    "status": "PROCESSING",
    "notes": "Payment confirmed. Transaction ID: rwrtwesaf. ",
    "timestamp": "2026-02-21T07:56:53.986Z"
  }
},
{
  "model": "orders.orderupdate",
  "pk": 28,
  "fields": {
    "order": 19,
    "status": "PROCESSING",
    "notes": "Payment confirmed. Transaction ID: TAOEF558. ",
    "timestamp": "2026-02-25T06:37:39.176Z"
  }
},
{
  "model": "orders.orderpayment",
  "pk": 6,
  "fields": {
    "order": 6,
    "admin_account_number": "",
    "sender_number": "0278940903",
    "transaction_id": "TAIEF998",
    "payment_method": "bkash",
    "created_at": "2025-09-24T11:44:51.969Z",
    "updated_at": "2025-09-24T11:44:51.969Z"
  }
},
{
  "model": "orders.orderpayment",
  "pk": 7,
  "fields": {
    "order": 7,
    "admin_account_number": "",
    "sender_number": "01887777777",
    "transaction_id": "7423878473",
    "payment_method": "bkash",
    "created_at": "2025-09-24T11:59:19.353Z",
    "updated_at": "2025-09-24T11:59:19.353Z"
  }
},
{
  "model": "orders.orderpayment",
  "pk": 8,
  "fields": {
    "order": 8,
    "admin_account_number": "",
    "sender_number": "0197738994",
    "transaction_id": "TAIEFKKL009",
    "payment_method": "nagad",
    "created_at": "2025-09-24T16:29:33.121Z",
    "updated_at": "2025-09-24T16:29:33.121Z"
  }
},
{
  "model": "orders.orderpayment",
  "pk": 9,
  "fields": {
    "order": 9,
    "admin_account_number": "",
    "sender_number": "45633225225",
    "transaction_id": "252325523vgfhgv",
    "payment_method": "bkash",
    "created_at": "2025-09-25T06:34:56.616Z",
    "updated_at": "2025-09-25T06:34:56.616Z"
  }
},
{
  "model": "orders.orderpayment",
  "pk": 10,
  "fields": {
    "order": 10,
    "admin_account_number": "",
    "sender_number": "09782990432",
    "transaction_id": "TAIEF9985",
    "payment_method": "rocket",
    "created_at": "2025-10-01T12:47:36.838Z",
    "updated_at": "2025-10-01T12:47:36.838Z"
  }
},
{
  "model": "orders.orderpayment",
  "pk": 11,
  "fields": {
    "order": 11,
    "admin_account_number": "",
    "sender_number": "09837689494",
    "transaction_id": "TAIEFBUY998",
    "payment_method": "rocket",
    "created_at": "2025-10-11T15:40:10.054Z",
    "updated_at": "2025-10-11T15:40:10.054Z"
  }
},
{
  "model": "orders.orderpayment",
  "pk": 12,
  "fields": {
    "order": 12,
    "admin_account_number": "",
    "sender_number": "01970080484",
    "transaction_id": "TAIEFSELLBUY778",
    "payment_method": "nagad",
    "created_at": "2025-10-22T05:48:33.560Z",
    "updated_at": "2025-10-22T05:48:33.560Z"
  }
},
{
  "model": "orders.orderpayment",
  "pk": 13,
  "fields": {
    "order": 13,
    "admin_account_number": "",
    "sender_number": "Sint aliquid est ut",
    "transaction_id": "Exercitationem paria",
    "payment_method": "bkash",
    "created_at": "2025-10-23T09:11:39.038Z",
    "updated_at": "2025-10-23T09:11:39.038Z"
  }
},
{
  "model": "orders.orderpayment",
  "pk": 14,
  "fields": {
    "order": 14,
    "admin_account_number": "",
    "sender_number": "Quia maiores nulla m",
    "transaction_id": "Quidem ex a nostrum",
    "payment_method": "bkash",
    "created_at": "2025-10-23T09:22:55.292Z",
    "updated_at": "2025-10-23T09:22:55.292Z"
  }
},
{
  "model": "orders.orderpayment",
  "pk": 15,
  "fields": {
    "order": 15,
    "admin_account_number": "",
    "sender_number": "01970080484",
    "transaction_id": "TAIEF8899",
    "payment_method": "bkash",
    "created_at": "2025-11-19T06:07:03.875Z",
    "updated_at": "2025-11-19T06:07:03.875Z"
  }
},
{
  "model": "orders.orderpayment",
  "pk": 16,
  "fields": {
    "order": 16,
    "admin_account_number": "",
    "sender_number": "01856391996",
    "transaction_id": "12345",
    "payment_method": "bkash",
    "created_at": "2025-12-15T18:53:18.567Z",
    "updated_at": "2025-12-15T18:53:18.567Z"
  }
},
{
  "model": "orders.orderpayment",
  "pk": 17,
  "fields": {
    "order": 17,
    "admin_account_number": "",
    "sender_number": "654645",
    "transaction_id": "645645",
    "payment_method": "bkash",
    "created_at": "2025-12-18T15:51:19.622Z",
    "updated_at": "2025-12-18T15:51:19.622Z"
  }
},
{
  "model": "orders.orderpayment",
  "pk": 18,
  "fields": {
    "order": 18,
    "admin_account_number": "",
    "sender_number": "01989490004",
    "transaction_id": "rwrtwesaf",
    "payment_method": "nagad",
    "created_at": "2026-02-21T07:56:53.983Z",
    "updated_at": "2026-02-21T07:56:53.983Z"
  }
},
{
  "model": "orders.orderpayment",
  "pk": 19,
  "fields": {
    "order": 19,
    "admin_account_number": "",
    "sender_number": "01970080484",
    "transaction_id": "TAOEF558",
    "payment_method": "nagad",
    "created_at": "2026-02-25T06:37:39.168Z",
    "updated_at": "2026-02-25T06:37:39.168Z"
  }
},
{
  "model": "website.offercategory",
  "pk": "0a898908-d7f0-4d0a-8a8b-d7d8f32c21b6",
  "fields": {
    "created_at": "2025-10-22T07:08:40.321Z",
    "updated_at": "2026-04-02T16:05:25.654Z",
    "is_active": true,
    "name": "Super Deals",
    "title": "Super Deals",
    "category": null,
    "slug": "SuperDeals",
    "description": "SuperDeals\r\n11.11 Sale · Up to 80% off - for every products  and all category products.",
    "link": "https://www.icommerce.com/",
    "order": 1,
    "is_featured": true,
    "badge_text": "NEW",
    "badge_color": "red",
    "icon_class": "fa-solid fa-cart-shopping"
  }
},
{
  "model": "website.herobanner",
  "pk": "2a8f5e70-36de-44e9-837f-6e4c3ef1782a",
  "fields": {
    "created_at": "2026-04-04T07:24:51.008Z",
    "updated_at": "2026-04-04T07:29:21.962Z",
    "is_active": true,
    "title": null,
    "subtitle": null,
    "description": "",
    "image": "banners/hero/hero4.avif",
    "image_url": null,
    "button_text": null,
    "button_url": null,
    "order": 5,
    "autoplay_duration": 3000
  }
},
{
  "model": "website.herobanner",
  "pk": "4c338f5b-c89d-40cb-a310-d9d917cd2f70",
  "fields": {
    "created_at": "2026-04-04T07:24:58.714Z",
    "updated_at": "2026-04-04T07:29:21.904Z",
    "is_active": true,
    "title": null,
    "subtitle": null,
    "description": "",
    "image": "banners/hero/hero5.avif",
    "image_url": null,
    "button_text": null,
    "button_url": null,
    "order": 6,
    "autoplay_duration": 3000
  }
},
{
  "model": "website.herobanner",
  "pk": "54d6d8cf-abb9-48dc-aecd-efbee5adf69e",
  "fields": {
    "created_at": "2026-04-04T07:14:29.571Z",
    "updated_at": "2026-04-04T07:29:22.156Z",
    "is_active": true,
    "title": null,
    "subtitle": null,
    "description": "",
    "image": "banners/hero/83a375e7-b574-493f-8143-042e05457eeb_BD-1976-688.jpg_2200x2200q80.jpg_.avif",
    "image_url": null,
    "button_text": null,
    "button_url": null,
    "order": 2,
    "autoplay_duration": 3000
  }
},
{
  "model": "website.herobanner",
  "pk": "63e1cd6f-fb02-4e39-a282-0c3576c97d95",
  "fields": {
    "created_at": "2026-04-04T07:24:33.350Z",
    "updated_at": "2026-04-04T07:29:22.088Z",
    "is_active": true,
    "title": null,
    "subtitle": null,
    "description": "",
    "image": "banners/hero/hero-2.avif",
    "image_url": null,
    "button_text": null,
    "button_url": null,
    "order": 3,
    "autoplay_duration": 3000
  }
},
{
  "model": "website.herobanner",
  "pk": "ea7cfd34-7a4f-42df-82d0-590513086178",
  "fields": {
    "created_at": "2026-04-04T07:24:42.665Z",
    "updated_at": "2026-04-04T07:29:22.018Z",
    "is_active": true,
    "title": null,
    "subtitle": null,
    "description": "",
    "image": "banners/hero/hero3.avif",
    "image_url": null,
    "button_text": null,
    "button_url": null,
    "order": 4,
    "autoplay_duration": 3000
  }
},
{
  "model": "website.herobanner",
  "pk": "f37d159e-b229-439a-881a-ccadc2bd4e93",
  "fields": {
    "created_at": "2025-09-13T06:25:27.213Z",
    "updated_at": "2025-09-24T11:17:20.192Z",
    "is_active": true,
    "title": null,
    "subtitle": null,
    "description": "",
    "image": "banners/hero/WhatsApp_Image_2025-09-24_at_4.27.18_PM.jpeg",
    "image_url": null,
    "button_text": null,
    "button_url": null,
    "order": 1,
    "autoplay_duration": 3000
  }
},
{
  "model": "website.offerbanner",
  "pk": "3331d3d4-e38a-4320-a5e4-a7d31aea4346",
  "fields": {
    "created_at": "2025-11-25T07:03:50.178Z",
    "updated_at": "2026-04-04T07:44:43.480Z",
    "is_active": true,
    "title": "Pohela Baisakh",
    "subtitle": "Pohela baisakh Hot offer",
    "description": "",
    "banner_type": "horizontal",
    "image": "banners/offers/Screenshot_2025-11-25_130109.png",
    "image_url": null,
    "alt_text": "Pohela Baisakh - ICOMMERCE",
    "discount_text": "UP TO 40% OFF",
    "coupon_code": "POHELA",
    "button_text": "Take it",
    "button_url": null,
    "gradient_colors": "from-amber-500 to-orange-600",
    "order": 2,
    "show_on_mobile": true,
    "show_on_desktop": true,
    "meta_title": "Pohela Baisakh",
    "meta_description": null
  }
},
{
  "model": "website.offerbanner",
  "pk": "3e15d8b5-8bf7-4ff2-b0c6-e40afccc5e53",
  "fields": {
    "created_at": "2026-04-04T07:37:18.973Z",
    "updated_at": "2026-04-04T07:45:28.531Z",
    "is_active": true,
    "title": "Madhumay",
    "subtitle": null,
    "description": "",
    "banner_type": "horizontal",
    "image": "banners/offers/c30ae1159582369.63a1ac62c74ec.png",
    "image_url": null,
    "alt_text": "Madhumay - UP TO 20%",
    "discount_text": "UP TO 20%",
    "coupon_code": null,
    "button_text": "Order now",
    "button_url": null,
    "gradient_colors": "from-amber-500 to-orange-600",
    "order": 3,
    "show_on_mobile": true,
    "show_on_desktop": true,
    "meta_title": "Madhumay",
    "meta_description": null
  }
},
{
  "model": "website.offerbanner",
  "pk": "716a04dd-3c57-4a50-a473-36d8404e89b5",
  "fields": {
    "created_at": "2026-04-04T07:38:12.562Z",
    "updated_at": "2026-04-04T07:45:17.919Z",
    "is_active": true,
    "title": "Moringa Powder",
    "subtitle": null,
    "description": "",
    "banner_type": "horizontal",
    "image": "banners/offers/7871ab195862821.66156f7ca3549.jpg",
    "image_url": null,
    "alt_text": "Moringa Powder - UP TO 40% OF",
    "discount_text": "UP TO 40% OF",
    "coupon_code": "ICOM-MORINGA",
    "button_text": "Shop Now",
    "button_url": null,
    "gradient_colors": "from-amber-500 to-orange-600",
    "order": 4,
    "show_on_mobile": true,
    "show_on_desktop": true,
    "meta_title": "Moringa Powder",
    "meta_description": null
  }
},
{
  "model": "website.offerbanner",
  "pk": "bda387aa-2cf3-4695-9677-b7a89491ad40",
  "fields": {
    "created_at": "2026-04-04T07:47:11.817Z",
    "updated_at": "2026-04-04T07:50:09.373Z",
    "is_active": true,
    "title": "Khejur Gur Patali",
    "subtitle": "Khejur Gur Patali",
    "description": "",
    "banner_type": "horizontal",
    "image": "banners/offers/OIP_5.webp",
    "image_url": null,
    "alt_text": "Khejur Gur Patali - UP TO 90% OFF",
    "discount_text": "UP TO 90% OFF",
    "coupon_code": "ICOM-KHEJUR_GUR",
    "button_text": "Shop Now",
    "button_url": null,
    "gradient_colors": "from-amber-500 to-orange-600",
    "order": 1,
    "show_on_mobile": true,
    "show_on_desktop": true,
    "meta_title": "Khejur Gur Patali",
    "meta_description": null
  }
},
{
  "model": "sections.section",
  "pk": "1cd9a2cc-b277-4a8b-bff6-95f266183577",
  "fields": {
    "name": "Grocery Items",
    "slug": "grocery-items",
    "description": "",
    "section_type": "product",
    "title_display": "Grocery Collections",
    "subtitle_display": "",
    "is_active": true,
    "order": 2,
    "max_items": 5,
    "discount_percentage": null,
    "offer_start_date": null,
    "offer_end_date": null,
    "created_at": "2026-04-04T08:03:29.225Z",
    "updated_at": "2026-04-04T08:04:10.695Z"
  }
},
{
  "model": "sections.section",
  "pk": "1f660e3f-714f-4732-9048-cfdbd4ebdaac",
  "fields": {
    "name": "featured-categories",
    "slug": "featured-categories",
    "description": "",
    "section_type": "category",
    "title_display": "Featured Categories",
    "subtitle_display": "Explore our categories",
    "is_active": true,
    "order": 0,
    "max_items": 4,
    "discount_percentage": null,
    "offer_start_date": null,
    "offer_end_date": null,
    "created_at": "2025-09-23T10:59:13.901Z",
    "updated_at": "2025-09-23T10:59:13.901Z"
  }
},
{
  "model": "sections.section",
  "pk": "8f5ab2c5-5f6e-4a70-88fb-b4c10e86eaaf",
  "fields": {
    "name": "Featured Products Test",
    "slug": "featured-products-test",
    "description": "<div>Test section for featured products</div>",
    "section_type": "product",
    "title_display": "Featured Products",
    "subtitle_display": "Best selling items",
    "is_active": true,
    "order": 1,
    "max_items": 5,
    "discount_percentage": null,
    "offer_start_date": null,
    "offer_end_date": null,
    "created_at": "2025-09-23T05:45:19.714Z",
    "updated_at": "2025-09-23T10:38:56.776Z"
  }
},
{
  "model": "sections.section",
  "pk": "aba84376-5c15-446e-ae70-6434b523a382",
  "fields": {
    "name": "Test Featured Products",
    "slug": "test-featured-products",
    "description": "Test section",
    "section_type": "product",
    "title_display": "Featured Products",
    "subtitle_display": "",
    "is_active": true,
    "order": 0,
    "max_items": 10,
    "discount_percentage": null,
    "offer_start_date": null,
    "offer_end_date": null,
    "created_at": "2025-09-23T05:51:24.804Z",
    "updated_at": "2025-09-23T05:51:24.804Z"
  }
},
{
  "model": "sections.section",
  "pk": "ed80e9a9-9cfb-4102-89c4-5f9da6608e4b",
  "fields": {
    "name": "Popular Categories",
    "slug": "popular-categories",
    "description": "<div>Our all popular categories</div>",
    "section_type": "category",
    "title_display": "Popular Categories",
    "subtitle_display": "",
    "is_active": true,
    "order": 2,
    "max_items": 5,
    "discount_percentage": null,
    "offer_start_date": null,
    "offer_end_date": null,
    "created_at": "2025-09-23T05:45:19.936Z",
    "updated_at": "2026-04-04T08:33:04.820Z"
  }
},
{
  "model": "sections.sectionitem",
  "pk": "0417ded5-b3e1-408c-97f6-805fe8bff031",
  "fields": {
    "section": "ed80e9a9-9cfb-4102-89c4-5f9da6608e4b",
    "product": null,
    "category": 5,
    "order": 2,
    "is_featured": true,
    "custom_title": "",
    "custom_description": "",
    "special_price": null,
    "created_at": "2025-09-23T05:45:20.005Z",
    "updated_at": "2026-04-04T08:01:13.386Z"
  }
},
{
  "model": "sections.sectionitem",
  "pk": "0552d712-7dbd-4b4f-8039-cd38dbcd5e3e",
  "fields": {
    "section": "8f5ab2c5-5f6e-4a70-88fb-b4c10e86eaaf",
    "product": "e1ce292e-6bdb-47f5-9d2f-b03928fc656b",
    "category": null,
    "order": 0,
    "is_featured": false,
    "custom_title": "",
    "custom_description": "",
    "special_price": null,
    "created_at": "2025-09-23T10:38:56.839Z",
    "updated_at": "2025-09-23T10:38:56.839Z"
  }
},
{
  "model": "sections.sectionitem",
  "pk": "0e94abc6-b059-4c8a-9042-b27738f85cc1",
  "fields": {
    "section": "ed80e9a9-9cfb-4102-89c4-5f9da6608e4b",
    "product": null,
    "category": 11,
    "order": 1,
    "is_featured": true,
    "custom_title": "",
    "custom_description": "",
    "special_price": null,
    "created_at": "2025-09-23T05:45:19.971Z",
    "updated_at": "2026-04-04T07:59:32.295Z"
  }
},
{
  "model": "sections.sectionitem",
  "pk": "1932bbe0-d519-4de8-b12c-625bd6270c15",
  "fields": {
    "section": "8f5ab2c5-5f6e-4a70-88fb-b4c10e86eaaf",
    "product": "32a7f16b-52d2-48d4-858d-50b29b200a9d",
    "category": null,
    "order": 0,
    "is_featured": false,
    "custom_title": "",
    "custom_description": "",
    "special_price": null,
    "created_at": "2025-09-23T10:38:56.844Z",
    "updated_at": "2025-09-23T10:38:56.844Z"
  }
},
{
  "model": "sections.sectionitem",
  "pk": "2089eb37-a1c0-4fc6-b7bf-60ad492e63d8",
  "fields": {
    "section": "ed80e9a9-9cfb-4102-89c4-5f9da6608e4b",
    "product": null,
    "category": 3,
    "order": 5,
    "is_featured": true,
    "custom_title": "",
    "custom_description": "",
    "special_price": null,
    "created_at": "2026-04-04T08:05:27.690Z",
    "updated_at": "2026-04-04T08:05:27.690Z"
  }
},
{
  "model": "sections.sectionitem",
  "pk": "37c00eb7-67c5-4d6c-a3ef-bc851c9b78b9",
  "fields": {
    "section": "8f5ab2c5-5f6e-4a70-88fb-b4c10e86eaaf",
    "product": "a45a73b4-b98f-470f-9ded-e228b8eaa683",
    "category": null,
    "order": 2,
    "is_featured": false,
    "custom_title": "",
    "custom_description": "",
    "special_price": null,
    "created_at": "2025-09-23T05:45:19.883Z",
    "updated_at": "2025-09-23T05:45:19.883Z"
  }
},
{
  "model": "sections.sectionitem",
  "pk": "583f258e-9bf5-4db9-8671-405caaf382f2",
  "fields": {
    "section": "8f5ab2c5-5f6e-4a70-88fb-b4c10e86eaaf",
    "product": "4f32928b-bce7-4f62-8187-d6906982b16e",
    "category": null,
    "order": 1,
    "is_featured": false,
    "custom_title": "",
    "custom_description": "",
    "special_price": null,
    "created_at": "2025-09-23T05:45:19.847Z",
    "updated_at": "2025-09-23T05:45:19.847Z"
  }
},
{
  "model": "sections.sectionitem",
  "pk": "8a918f64-e159-4e96-baf9-c925915e8d91",
  "fields": {
    "section": "ed80e9a9-9cfb-4102-89c4-5f9da6608e4b",
    "product": null,
    "category": 8,
    "order": 4,
    "is_featured": true,
    "custom_title": "",
    "custom_description": "",
    "special_price": null,
    "created_at": "2025-09-23T10:40:40.725Z",
    "updated_at": "2026-04-04T08:01:13.392Z"
  }
},
{
  "model": "sections.sectionitem",
  "pk": "8da86440-7999-4a7b-8f3f-881c54ac370a",
  "fields": {
    "section": "8f5ab2c5-5f6e-4a70-88fb-b4c10e86eaaf",
    "product": "d6ffe276-b3e6-4ddb-b6a5-25d1bc543372",
    "category": null,
    "order": 0,
    "is_featured": true,
    "custom_title": "",
    "custom_description": "",
    "special_price": null,
    "created_at": "2025-09-23T05:45:19.804Z",
    "updated_at": "2025-09-23T05:45:19.804Z"
  }
},
{
  "model": "sections.sectionitem",
  "pk": "9fec2d13-dcb5-4a8c-9314-e6bd7ab631cb",
  "fields": {
    "section": "8f5ab2c5-5f6e-4a70-88fb-b4c10e86eaaf",
    "product": "31cd3ed9-a6ff-47f1-baac-4e98ba5d24c1",
    "category": null,
    "order": 0,
    "is_featured": false,
    "custom_title": "",
    "custom_description": "",
    "special_price": null,
    "created_at": "2025-09-23T10:38:56.854Z",
    "updated_at": "2025-09-23T10:38:56.854Z"
  }
},
{
  "model": "sections.sectionitem",
  "pk": "abbf336a-3ed5-4c96-9cbc-0dcf0a17deb1",
  "fields": {
    "section": "8f5ab2c5-5f6e-4a70-88fb-b4c10e86eaaf",
    "product": "ee9c9de2-2943-4be9-8f2e-894b34a848b9",
    "category": null,
    "order": 0,
    "is_featured": false,
    "custom_title": "",
    "custom_description": "",
    "special_price": null,
    "created_at": "2025-09-23T10:38:56.861Z",
    "updated_at": "2025-09-23T10:38:56.861Z"
  }
},
{
  "model": "sections.sectionitem",
  "pk": "b446d5e1-c7f1-47d2-a533-b4884898bb54",
  "fields": {
    "section": "1cd9a2cc-b277-4a8b-bff6-95f266183577",
    "product": "6ea35273-a206-45c1-b788-d48ffe6c9065",
    "category": null,
    "order": 0,
    "is_featured": false,
    "custom_title": "",
    "custom_description": "",
    "special_price": null,
    "created_at": "2026-04-04T08:03:29.238Z",
    "updated_at": "2026-04-04T08:03:29.238Z"
  }
},
{
  "model": "sections.sectionitem",
  "pk": "b5853cb8-26c4-48a9-bb82-9844cdbe1752",
  "fields": {
    "section": "1cd9a2cc-b277-4a8b-bff6-95f266183577",
    "product": "f0d9a9ec-85f8-4855-92e3-a38313cf68e9",
    "category": null,
    "order": 0,
    "is_featured": false,
    "custom_title": "",
    "custom_description": "",
    "special_price": null,
    "created_at": "2026-04-04T08:03:29.235Z",
    "updated_at": "2026-04-04T08:03:29.235Z"
  }
},
{
  "model": "sections.sectionitem",
  "pk": "b8d3a2ce-ae95-4912-974e-31a5b6e0eec6",
  "fields": {
    "section": "ed80e9a9-9cfb-4102-89c4-5f9da6608e4b",
    "product": null,
    "category": 1,
    "order": 3,
    "is_featured": true,
    "custom_title": "",
    "custom_description": "",
    "special_price": null,
    "created_at": "2025-09-23T10:40:40.711Z",
    "updated_at": "2026-04-04T08:01:13.389Z"
  }
},
{
  "model": "sections.sectionitem",
  "pk": "ddc4ce4b-637c-4e5b-8c5b-c3a261f02a78",
  "fields": {
    "section": "1cd9a2cc-b277-4a8b-bff6-95f266183577",
    "product": "87c835c8-9afa-4c87-93ae-ac23d50090ef",
    "category": null,
    "order": 0,
    "is_featured": false,
    "custom_title": "",
    "custom_description": "",
    "special_price": null,
    "created_at": "2026-04-04T08:03:29.233Z",
    "updated_at": "2026-04-04T08:03:29.233Z"
  }
},
{
  "model": "sections.sectionitem",
  "pk": "ec9c1f76-e159-41cd-bd73-f23b6824c4ea",
  "fields": {
    "section": "1cd9a2cc-b277-4a8b-bff6-95f266183577",
    "product": "ee9c9de2-2943-4be9-8f2e-894b34a848b9",
    "category": null,
    "order": 0,
    "is_featured": false,
    "custom_title": "",
    "custom_description": "",
    "special_price": null,
    "created_at": "2026-04-04T08:04:10.699Z",
    "updated_at": "2026-04-04T08:04:10.699Z"
  }
},
{
  "model": "sections.sectionitem",
  "pk": "f6dca52f-4a4f-4dd2-ac23-74e058e8b8ea",
  "fields": {
    "section": "1cd9a2cc-b277-4a8b-bff6-95f266183577",
    "product": "12cb6a2b-c148-4f1a-8bad-b686ac672f52",
    "category": null,
    "order": 1,
    "is_featured": false,
    "custom_title": "",
    "custom_description": "",
    "special_price": null,
    "created_at": "2026-04-04T08:03:29.229Z",
    "updated_at": "2026-04-04T08:03:29.230Z"
  }
},
{
  "model": "sections.pagesection",
  "pk": "36e44dfc-e795-42b5-a4fd-0491bc829692",
  "fields": {
    "section": "1cd9a2cc-b277-4a8b-bff6-95f266183577",
    "page_name": "home",
    "is_active": true,
    "order": 3,
    "items_per_row": 5,
    "show_title": true,
    "show_subtitle": true,
    "show_view_all": true,
    "created_at": "2026-04-04T08:03:29.239Z",
    "updated_at": "2026-04-04T08:04:10.700Z"
  }
},
{
  "model": "sections.pagesection",
  "pk": "7cc436e2-6fe1-4dbe-a439-af4b3fd6ed7f",
  "fields": {
    "section": "ed80e9a9-9cfb-4102-89c4-5f9da6608e4b",
    "page_name": "home",
    "is_active": false,
    "order": 2,
    "items_per_row": 5,
    "show_title": true,
    "show_subtitle": true,
    "show_view_all": true,
    "created_at": "2025-09-23T10:40:40.913Z",
    "updated_at": "2026-04-04T08:33:04.822Z"
  }
},
{
  "model": "sections.pagesection",
  "pk": "8546ee9c-ba22-413d-a3d1-e677416c6621",
  "fields": {
    "section": "8f5ab2c5-5f6e-4a70-88fb-b4c10e86eaaf",
    "page_name": "cart",
    "is_active": true,
    "order": 0,
    "items_per_row": 4,
    "show_title": true,
    "show_subtitle": true,
    "show_view_all": true,
    "created_at": "2025-09-23T10:38:56.862Z",
    "updated_at": "2025-09-23T10:38:56.862Z"
  }
},
{
  "model": "sections.pagesection",
  "pk": "afd119dc-4e23-4f57-bbb9-0ac0f7ebb2b9",
  "fields": {
    "section": "8f5ab2c5-5f6e-4a70-88fb-b4c10e86eaaf",
    "page_name": "home",
    "is_active": true,
    "order": 1,
    "items_per_row": 5,
    "show_title": true,
    "show_subtitle": true,
    "show_view_all": true,
    "created_at": "2025-09-23T05:45:19.910Z",
    "updated_at": "2025-09-23T10:35:31.552Z"
  }
},
{
  "model": "sections.pagesection",
  "pk": "e76047a0-aa9f-42cb-8a79-bc830b41f152",
  "fields": {
    "section": "aba84376-5c15-446e-ae70-6434b523a382",
    "page_name": "home",
    "is_active": true,
    "order": 2,
    "items_per_row": 4,
    "show_title": true,
    "show_subtitle": true,
    "show_view_all": true,
    "created_at": "2025-09-23T05:51:24.842Z",
    "updated_at": "2025-09-23T10:35:39.415Z"
  }
},
{
  "model": "token_blacklist.outstandingtoken",
  "pk": 1,
  "fields": {
    "user": null,
    "jti": "610aa28f879043a5844deb7dee83f21c",
    "token": "eyJhbGciOiJIUzI1NiIsInR5cCI6IkpXVCJ9.eyJ0b2tlbl90eXBlIjoicmVmcmVzaCIsImV4cCI6MTc1ODUxNTQzMCwiaWF0IjoxNzU3OTEwNjMwLCJqdGkiOiI2MTBhYTI4Zjg3OTA0M2E1ODQ0ZGViN2RlZTgzZjIxYyIsInVzZXJfaWQiOjJ9.zKd_5JPvSD79pPv-2Tzh3rfzmVhktE2DUT64I5AOge4",
    "created_at": "2025-09-15T04:30:30.394Z",
    "expires_at": "2025-09-22T04:30:30Z"
  }
},
{
  "model": "token_blacklist.outstandingtoken",
  "pk": 2,
  "fields": {
    "user": null,
    "jti": "03a74e0d06404c8dbda20502dfc988fb",
    "token": "eyJhbGciOiJIUzI1NiIsInR5cCI6IkpXVCJ9.eyJ0b2tlbl90eXBlIjoicmVmcmVzaCIsImV4cCI6MTc1ODUxNTQ0MSwiaWF0IjoxNzU3OTEwNjQxLCJqdGkiOiIwM2E3NGUwZDA2NDA0YzhkYmRhMjA1MDJkZmM5ODhmYiIsInVzZXJfaWQiOjJ9.4AAvfJJHHIDR_Fy8G8_rMHov4zC1vKaMj0jE6zuSClM",
    "created_at": "2025-09-15T04:30:41.912Z",
    "expires_at": "2025-09-22T04:30:41Z"
  }
},
{
  "model": "token_blacklist.outstandingtoken",
  "pk": 3,
  "fields": {
    "user": null,
    "jti": "c3009b76f1db40ad9e5235a928c0287b",
    "token": "eyJhbGciOiJIUzI1NiIsInR5cCI6IkpXVCJ9.eyJ0b2tlbl90eXBlIjoicmVmcmVzaCIsImV4cCI6MTc1ODUyOTE1NiwiaWF0IjoxNzU3OTI0MzU2LCJqdGkiOiJjMzAwOWI3NmYxZGI0MGFkOWU1MjM1YTkyOGMwMjg3YiIsInVzZXJfaWQiOjU2LCJlbWFpbCI6InRhaWZraGFuNjc4OUBnbWFpbC5jb20iLCJuYW1lIjoiVGFpZWYgS2hhbiIsInVzZXJfdHlwZSI6IkNVU1RPTUVSIn0.DSIAC5kEwnqPSW0ZqzSt6M9KoP3RtmoiX_BJ7G6WR6o",
    "created_at": null,
    "expires_at": "2025-09-22T08:19:16Z"
  }
},
{
  "model": "token_blacklist.outstandingtoken",
  "pk": 4,
  "fields": {
    "user": null,
    "jti": "b7fce50aad434148885c02ce83b208f0",
    "token": "eyJhbGciOiJIUzI1NiIsInR5cCI6IkpXVCJ9.eyJ0b2tlbl90eXBlIjoicmVmcmVzaCIsImV4cCI6MTc1ODUzMDY3MywiaWF0IjoxNzU3OTI1ODczLCJqdGkiOiJiN2ZjZTUwYWFkNDM0MTQ4ODg1YzAyY2U4M2IyMDhmMCIsInVzZXJfaWQiOjJ9.l46dFbRsEJs5BJpAmZfciZtyx02P02wPgMOlE1kHZd0",
    "created_at": "2025-09-15T08:44:33.735Z",
    "expires_at": "2025-09-22T08:44:33Z"
  }
},
{
  "model": "token_blacklist.outstandingtoken",
  "pk": 5,
  "fields": {
    "user": [
      "shawkatizoom@gmail.com"
    ],
    "jti": "9f4ff8cb1cb745418e79bf5781ae3feb",
    "token": "eyJhbGciOiJIUzI1NiIsInR5cCI6IkpXVCJ9.eyJ0b2tlbl90eXBlIjoicmVmcmVzaCIsImV4cCI6MTc1ODUzMzEyNywiaWF0IjoxNzU3OTI4MzI3LCJqdGkiOiI5ZjRmZjhjYjFjYjc0NTQxOGU3OWJmNTc4MWFlM2ZlYiIsInVzZXJfaWQiOjN9.3m8eWTIEXTYE5v7wqDg0j-yvdbykEBAOA3HwVNYB65g",
    "created_at": "2025-09-15T09:25:27.093Z",
    "expires_at": "2025-09-22T09:25:27Z"
  }
},
{
  "model": "token_blacklist.outstandingtoken",
  "pk": 6,
  "fields": {
    "user": null,
    "jti": "f7cfd157e19947dd822785a2a38a3c90",
    "token": "eyJhbGciOiJIUzI1NiIsInR5cCI6IkpXVCJ9.eyJ0b2tlbl90eXBlIjoicmVmcmVzaCIsImV4cCI6MTc1ODU1NTI3MCwiaWF0IjoxNzU3OTUwNDcwLCJqdGkiOiJmN2NmZDE1N2UxOTk0N2RkODIyNzg1YTJhMzhhM2M5MCIsInVzZXJfaWQiOjJ9.WVKs46tvOFfwAp0Q0VkuwAChgJCmRzNir5yTKMPfXe8",
    "created_at": "2025-09-15T15:34:30.081Z",
    "expires_at": "2025-09-22T15:34:30Z"
  }
},
{
  "model": "token_blacklist.outstandingtoken",
  "pk": 7,
  "fields": {
    "user": [
      "shawkatizoom@gmail.com"
    ],
    "jti": "49c69d4c14f947b185844736f8fa4b1c",
    "token": "eyJhbGciOiJIUzI1NiIsInR5cCI6IkpXVCJ9.eyJ0b2tlbl90eXBlIjoicmVmcmVzaCIsImV4cCI6MTc1ODY5NTQ1OCwiaWF0IjoxNzU4MDkwNjU4LCJqdGkiOiI0OWM2OWQ0YzE0Zjk0N2IxODU4NDQ3MzZmOGZhNGIxYyIsInVzZXJfaWQiOjN9.5BCY3oh4FP3W0_-U0GtEEZD37KHvSdX-SMpnE-k-Qe4",
    "created_at": "2025-09-17T06:30:58.493Z",
    "expires_at": "2025-09-24T06:30:58Z"
  }
},
{
  "model": "token_blacklist.outstandingtoken",
  "pk": 8,
  "fields": {
    "user": [
      "tahamidurtaief@gmail.com"
    ],
    "jti": "98228ee67b0f41648d4f49f3c647cb41",
    "token": "eyJhbGciOiJIUzI1NiIsInR5cCI6IkpXVCJ9.eyJ0b2tlbl90eXBlIjoicmVmcmVzaCIsImV4cCI6MTc1ODcxMDY2NywiaWF0IjoxNzU4MTA1ODY3LCJqdGkiOiI5ODIyOGVlNjdiMGY0MTY0OGQ0ZjQ5ZjNjNjQ3Y2I0MSIsInVzZXJfaWQiOjR9.srXhtJj1MLaPew-wqARtfXXCg_PCx--gWtNuC_jHA2U",
    "created_at": "2025-09-17T10:44:27.199Z",
    "expires_at": "2025-09-24T10:44:27Z"
  }
},
{
  "model": "token_blacklist.outstandingtoken",
  "pk": 9,
  "fields": {
    "user": [
      "suhatabilhaque@gmail.com"
    ],
    "jti": "2af9dd98116d4885b76fdacb122dd398",
    "token": "eyJhbGciOiJIUzI1NiIsInR5cCI6IkpXVCJ9.eyJ0b2tlbl90eXBlIjoicmVmcmVzaCIsImV4cCI6MTc1ODcyNzI2OSwiaWF0IjoxNzU4MTIyNDY5LCJqdGkiOiIyYWY5ZGQ5ODExNmQ0ODg1Yjc2ZmRhY2IxMjJkZDM5OCIsInVzZXJfaWQiOjV9.iCoUldMn1vwkBrKhUmaGC7vqjaYfCHDgtLAUZ2udqMo",
    "created_at": "2025-09-17T15:21:09.122Z",
    "expires_at": "2025-09-24T15:21:09Z"
  }
},
{
  "model": "token_blacklist.outstandingtoken",
  "pk": 10,
  "fields": {
    "user": [
      "ali@peoplentech.com.bd"
    ],
    "jti": "9db1d46b5b9d403cba7d700606b89d0b",
    "token": "eyJhbGciOiJIUzI1NiIsInR5cCI6IkpXVCJ9.eyJ0b2tlbl90eXBlIjoicmVmcmVzaCIsImV4cCI6MTc1ODc4OTA5MCwiaWF0IjoxNzU4MTg0MjkwLCJqdGkiOiI5ZGIxZDQ2YjViOWQ0MDNjYmE3ZDcwMDYwNmI4OWQwYiIsInVzZXJfaWQiOjZ9.5_E0yIs2JnWcRF4FdF9rA4wxZoLVbrp9VY5tMZvBdUw",
    "created_at": "2025-09-18T08:31:30.301Z",
    "expires_at": "2025-09-25T08:31:30Z"
  }
},
{
  "model": "token_blacklist.outstandingtoken",
  "pk": 11,
  "fields": {
    "user": [
      "tahamidurtaief@gmail.com"
    ],
    "jti": "0b8201d33f8d40cb84af24e392848436",
    "token": "eyJhbGciOiJIUzI1NiIsInR5cCI6IkpXVCJ9.eyJ0b2tlbl90eXBlIjoicmVmcmVzaCIsImV4cCI6MTc1ODk3NTgxNSwiaWF0IjoxNzU4MzcxMDE1LCJqdGkiOiIwYjgyMDFkMzNmOGQ0MGNiODRhZjI0ZTM5Mjg0ODQzNiIsInVzZXJfaWQiOjR9.0K2xBj2drb7rHFzwi32jd0XD2tn64dB9-FoSmtR-3OY",
    "created_at": "2025-09-20T12:23:35.911Z",
    "expires_at": "2025-09-27T12:23:35Z"
  }
},
{
  "model": "token_blacklist.outstandingtoken",
  "pk": 12,
  "fields": {
    "user": [
      "taifkhan6789@gmail.com"
    ],
    "jti": "96ef7143a52c464183b19fd2bb4e26b6",
    "token": "eyJhbGciOiJIUzI1NiIsInR5cCI6IkpXVCJ9.eyJ0b2tlbl90eXBlIjoicmVmcmVzaCIsImV4cCI6MTc1OTI5NTM1OSwiaWF0IjoxNzU4NjkwNTU5LCJqdGkiOiI5NmVmNzE0M2E1MmM0NjQxODNiMTlmZDJiYjRlMjZiNiIsInVzZXJfaWQiOjd9.Sper1kIPRjj1GEBvTaf6LgdtjUHXRGjSNCy4KzsEpfs",
    "created_at": "2025-09-24T05:09:19.833Z",
    "expires_at": "2025-10-01T05:09:19Z"
  }
},
{
  "model": "token_blacklist.outstandingtoken",
  "pk": 13,
  "fields": {
    "user": [
      "taifkhan6789@gmail.com"
    ],
    "jti": "a463e7ea1d814e4aba45509fe895b910",
    "token": "eyJhbGciOiJIUzI1NiIsInR5cCI6IkpXVCJ9.eyJ0b2tlbl90eXBlIjoicmVmcmVzaCIsImV4cCI6MTc1OTI5NzIwNCwiaWF0IjoxNzU4NjkyNDA0LCJqdGkiOiJhNDYzZTdlYTFkODE0ZTRhYmE0NTUwOWZlODk1YjkxMCIsInVzZXJfaWQiOjd9.ZJjgtxc6LeXPV2qU9LQKQqfe_dpveqt7PNSkflJcImg",
    "created_at": "2025-09-24T05:40:04.255Z",
    "expires_at": "2025-10-01T05:40:04Z"
  }
},
{
  "model": "token_blacklist.outstandingtoken",
  "pk": 14,
  "fields": {
    "user": [
      "taifkhan6789@gmail.com"
    ],
    "jti": "0b738a9eb5694f6ebb714b3179c3b750",
    "token": "eyJhbGciOiJIUzI1NiIsInR5cCI6IkpXVCJ9.eyJ0b2tlbl90eXBlIjoicmVmcmVzaCIsImV4cCI6MTc1OTI5ODkxOCwiaWF0IjoxNzU4Njk0MTE4LCJqdGkiOiIwYjczOGE5ZWI1Njk0ZjZlYmI3MTRiMzE3OWMzYjc1MCIsInVzZXJfaWQiOjd9.JyWAK7en5je-UG7ey0Nz1r2Zw9gKzW5wO8N7edgLwRo",
    "created_at": "2025-09-24T06:08:38.539Z",
    "expires_at": "2025-10-01T06:08:38Z"
  }
},
{
  "model": "token_blacklist.outstandingtoken",
  "pk": 15,
  "fields": {
    "user": [
      "munnatraderforqoutex@gmail.com"
    ],
    "jti": "59cc09909ea648609bcd406340c2c2c1",
    "token": "eyJhbGciOiJIUzI1NiIsInR5cCI6IkpXVCJ9.eyJ0b2tlbl90eXBlIjoicmVmcmVzaCIsImV4cCI6MTc1OTMxNzY0MCwiaWF0IjoxNzU4NzEyODQwLCJqdGkiOiI1OWNjMDk5MDllYTY0ODYwOWJjZDQwNjM0MGMyYzJjMSIsInVzZXJfaWQiOjl9.WgvTYCq-wt-KQPMhlVlrnxpMI3spwIOqgjQons10qSU",
    "created_at": "2025-09-24T11:20:40.122Z",
    "expires_at": "2025-10-01T11:20:40Z"
  }
},
{
  "model": "token_blacklist.outstandingtoken",
  "pk": 16,
  "fields": {
    "user": [
      "theasapurbo@gmail.com"
    ],
    "jti": "fca665df4943407591b9718b9101e458",
    "token": "eyJhbGciOiJIUzI1NiIsInR5cCI6IkpXVCJ9.eyJ0b2tlbl90eXBlIjoicmVmcmVzaCIsImV4cCI6MTc1OTMxNzY0MiwiaWF0IjoxNzU4NzEyODQyLCJqdGkiOiJmY2E2NjVkZjQ5NDM0MDc1OTFiOTcxOGI5MTAxZTQ1OCIsInVzZXJfaWQiOjEwfQ.ibMP-0GJQ4uUnaG6GEp810RtzqBt6jjqpSp5gI0QI6s",
    "created_at": "2025-09-24T11:20:42.898Z",
    "expires_at": "2025-10-01T11:20:42Z"
  }
},
{
  "model": "token_blacklist.outstandingtoken",
  "pk": 17,
  "fields": {
    "user": [
      "munnatraderforqoutex@gmail.com"
    ],
    "jti": "7289de64f0534751b47ccbeb3e46b6d7",
    "token": "eyJhbGciOiJIUzI1NiIsInR5cCI6IkpXVCJ9.eyJ0b2tlbl90eXBlIjoicmVmcmVzaCIsImV4cCI6MTc1OTMxODk2OSwiaWF0IjoxNzU4NzE0MTY5LCJqdGkiOiI3Mjg5ZGU2NGYwNTM0NzUxYjQ3Y2NiZWIzZTQ2YjZkNyIsInVzZXJfaWQiOjl9.xEkYauLtujDtLnlf4Via1JMgiIYzSsLCCPW7YNLyxiU",
    "created_at": "2025-09-24T11:42:49.264Z",
    "expires_at": "2025-10-01T11:42:49Z"
  }
},
{
  "model": "token_blacklist.outstandingtoken",
  "pk": 18,
  "fields": {
    "user": [
      "tahamidurtaief@gmail.com"
    ],
    "jti": "24a9997c6602454f879352f93d1e810a",
    "token": "eyJhbGciOiJIUzI1NiIsInR5cCI6IkpXVCJ9.eyJ0b2tlbl90eXBlIjoicmVmcmVzaCIsImV4cCI6MTc1OTMxOTAyOSwiaWF0IjoxNzU4NzE0MjI5LCJqdGkiOiIyNGE5OTk3YzY2MDI0NTRmODc5MzUyZjkzZDFlODEwYSIsInVzZXJfaWQiOjR9.KVcth65rkofH5zz3BfHA__tjZkIUd4uKolKGDPX8BnU",
    "created_at": "2025-09-24T11:43:49.647Z",
    "expires_at": "2025-10-01T11:43:49Z"
  }
},
{
  "model": "token_blacklist.outstandingtoken",
  "pk": 19,
  "fields": {
    "user": [
      "tahamidurtaief@gmail.com"
    ],
    "jti": "ae0b9a1d631d476e8825646a0150e61d",
    "token": "eyJhbGciOiJIUzI1NiIsInR5cCI6IkpXVCJ9.eyJ0b2tlbl90eXBlIjoicmVmcmVzaCIsImV4cCI6MTc1OTMxOTc4NCwiaWF0IjoxNzU4NzE0OTg0LCJqdGkiOiJhZTBiOWExZDYzMWQ0NzZlODgyNTY0NmEwMTUwZTYxZCIsInVzZXJfaWQiOjR9.EdxVZDfo53ZW90wGZfgQLvyIR-3viQZwuLuWkY83SKw",
    "created_at": "2025-09-24T11:56:24.556Z",
    "expires_at": "2025-10-01T11:56:24Z"
  }
},
{
  "model": "token_blacklist.outstandingtoken",
  "pk": 20,
  "fields": {
    "user": [
      "theasapurbo@gmail.com"
    ],
    "jti": "1162b9f9f17f4fc6b4c5cfa83c402cf2",
    "token": "eyJhbGciOiJIUzI1NiIsInR5cCI6IkpXVCJ9.eyJ0b2tlbl90eXBlIjoicmVmcmVzaCIsImV4cCI6MTc1OTMxOTgzNiwiaWF0IjoxNzU4NzE1MDM2LCJqdGkiOiIxMTYyYjlmOWYxN2Y0ZmM2YjRjNWNmYTgzYzQwMmNmMiIsInVzZXJfaWQiOjEwfQ.LULo99wg4Wu7Eg-3_4QdpR9FMmplqGFrqxGfCbv1GyA",
    "created_at": "2025-09-24T11:57:16.692Z",
    "expires_at": "2025-10-01T11:57:16Z"
  }
},
{
  "model": "token_blacklist.outstandingtoken",
  "pk": 21,
  "fields": {
    "user": [
      "munnatraderforqoutex@gmail.com"
    ],
    "jti": "1f6013746f984c05b875c9b7c80e048f",
    "token": "eyJhbGciOiJIUzI1NiIsInR5cCI6IkpXVCJ9.eyJ0b2tlbl90eXBlIjoicmVmcmVzaCIsImV4cCI6MTc1OTMyMDAzMywiaWF0IjoxNzU4NzE1MjMzLCJqdGkiOiIxZjYwMTM3NDZmOTg0YzA1Yjg3NWM5YjdjODBlMDQ4ZiIsInVzZXJfaWQiOjl9.rHmub5iEQgMOCm2KkphyBly_HiQ_oD8Q3hZZv6jBujk",
    "created_at": "2025-09-24T12:00:33.557Z",
    "expires_at": "2025-10-01T12:00:33Z"
  }
},
{
  "model": "token_blacklist.outstandingtoken",
  "pk": 22,
  "fields": {
    "user": [
      "tahamidurtaief@gmail.com"
    ],
    "jti": "f2e113c49e464006888a83a9053a62be",
    "token": "eyJhbGciOiJIUzI1NiIsInR5cCI6IkpXVCJ9.eyJ0b2tlbl90eXBlIjoicmVmcmVzaCIsImV4cCI6MTc1OTMzNjE0NCwiaWF0IjoxNzU4NzMxMzQ0LCJqdGkiOiJmMmUxMTNjNDllNDY0MDA2ODg4YTgzYTkwNTNhNjJiZSIsInVzZXJfaWQiOjR9.K8d8bIYxJ9aR0sWaT4VQuv0r0bH-3mmsjE3uH3ydNp8",
    "created_at": "2025-09-24T16:29:04.454Z",
    "expires_at": "2025-10-01T16:29:04Z"
  }
},
{
  "model": "token_blacklist.outstandingtoken",
  "pk": 23,
  "fields": {
    "user": [
      "abdulhamid.cse1@gmail.com"
    ],
    "jti": "3adfa1eca2124f75bf4d7251af201a10",
    "token": "eyJhbGciOiJIUzI1NiIsInR5cCI6IkpXVCJ9.eyJ0b2tlbl90eXBlIjoicmVmcmVzaCIsImV4cCI6MTc1OTM4Njc1OCwiaWF0IjoxNzU4NzgxOTU4LCJqdGkiOiIzYWRmYTFlY2EyMTI0Zjc1YmY0ZDcyNTFhZjIwMWExMCIsInVzZXJfaWQiOjExfQ.tlWZ8NTlaFoArTPHLa4_R1yscFJbiNpu_lLBxuN_YQ0",
    "created_at": "2025-09-25T06:32:38.447Z",
    "expires_at": "2025-10-02T06:32:38Z"
  }
},
{
  "model": "token_blacklist.outstandingtoken",
  "pk": 24,
  "fields": {
    "user": [
      "tahamidurtaief@gmail.com"
    ],
    "jti": "0e4e3a6ee58a418084c5b39d1a674a1d",
    "token": "eyJhbGciOiJIUzI1NiIsInR5cCI6IkpXVCJ9.eyJ0b2tlbl90eXBlIjoicmVmcmVzaCIsImV4cCI6MTc1OTY0NjY2MiwiaWF0IjoxNzU5MDQxODYyLCJqdGkiOiIwZTRlM2E2ZWU1OGE0MTgwODRjNWIzOWQxYTY3NGExZCIsInVzZXJfaWQiOjR9.PmiQ9IO4EgeC4w7oNVi_hh78fwXUwV3UGZe3eduVG24",
    "created_at": "2025-09-28T06:44:22.993Z",
    "expires_at": "2025-10-05T06:44:22Z"
  }
},
{
  "model": "token_blacklist.outstandingtoken",
  "pk": 25,
  "fields": {
    "user": [
      "abdulhamid.cse1@gmail.com"
    ],
    "jti": "df9be26a078344d78ce80d8bd8d58210",
    "token": "eyJhbGciOiJIUzI1NiIsInR5cCI6IkpXVCJ9.eyJ0b2tlbl90eXBlIjoicmVmcmVzaCIsImV4cCI6MTc1OTY0OTgyNSwiaWF0IjoxNzU5MDQ1MDI1LCJqdGkiOiJkZjliZTI2YTA3ODM0NGQ3OGNlODBkOGJkOGQ1ODIxMCIsInVzZXJfaWQiOjExfQ.UuAiEmUoRS3vrPXId-J3ySdf3MzYoX0TNPcvu-SFc2w",
    "created_at": "2025-09-28T07:37:05.751Z",
    "expires_at": "2025-10-05T07:37:05Z"
  }
},
{
  "model": "token_blacklist.outstandingtoken",
  "pk": 26,
  "fields": {
    "user": [
      "tahamidurtaief@gmail.com"
    ],
    "jti": "53f3e8e1a04244da9dc0f36aa56a0c5b",
    "token": "eyJhbGciOiJIUzI1NiIsInR5cCI6IkpXVCJ9.eyJ0b2tlbl90eXBlIjoicmVmcmVzaCIsImV4cCI6MTc1OTkyNjM5OSwiaWF0IjoxNzU5MzIxNTk5LCJqdGkiOiI1M2YzZThlMWEwNDI0NGRhOWRjMGYzNmFhNTZhMGM1YiIsInVzZXJfaWQiOjR9.DJxN5DTSTHXdkNtNxtJfB1esPSkriuUmp91RP1LShsI",
    "created_at": "2025-10-01T12:26:39.379Z",
    "expires_at": "2025-10-08T12:26:39Z"
  }
},
{
  "model": "token_blacklist.outstandingtoken",
  "pk": 27,
  "fields": {
    "user": [
      "wwitunes4@gmail.com"
    ],
    "jti": "4aca9c8b3f6649909bb218bc19ef443b",
    "token": "eyJhbGciOiJIUzI1NiIsInR5cCI6IkpXVCJ9.eyJ0b2tlbl90eXBlIjoicmVmcmVzaCIsImV4cCI6MTc2MDI3NDQ2OCwiaWF0IjoxNzU5NjY5NjY4LCJqdGkiOiI0YWNhOWM4YjNmNjY0OTkwOWJiMjE4YmMxOWVmNDQzYiIsInVzZXJfaWQiOjEyfQ.mCfglqQULqClpTRF-LGGGWAAd-TQbz6xbjtw7LDMmKw",
    "created_at": "2025-10-05T13:07:48.233Z",
    "expires_at": "2025-10-12T13:07:48Z"
  }
},
{
  "model": "token_blacklist.outstandingtoken",
  "pk": 28,
  "fields": {
    "user": [
      "tahamidurtaief@gmail.com"
    ],
    "jti": "a89e9548be92453185ae28c342dd1e61",
    "token": "eyJhbGciOiJIUzI1NiIsInR5cCI6IkpXVCJ9.eyJ0b2tlbl90eXBlIjoicmVmcmVzaCIsImV4cCI6MTc2MDgwMTg3MywiaWF0IjoxNzYwMTk3MDczLCJqdGkiOiJhODllOTU0OGJlOTI0NTMxODVhZTI4YzM0MmRkMWU2MSIsInVzZXJfaWQiOjR9.qDB92uNP_0yt2gnJ0Z8kSgVHUUtWJoEs_C21157kFQk",
    "created_at": "2025-10-11T15:37:53.919Z",
    "expires_at": "2025-10-18T15:37:53Z"
  }
},
{
  "model": "token_blacklist.outstandingtoken",
  "pk": 29,
  "fields": {
    "user": null,
    "jti": "ea3084be480b434e954814b6af9793e6",
    "token": "eyJhbGciOiJIUzI1NiIsInR5cCI6IkpXVCJ9.eyJ0b2tlbl90eXBlIjoicmVmcmVzaCIsImV4cCI6MTc2MTEyNzk5NiwiaWF0IjoxNzYwNTIzMTk2LCJqdGkiOiJlYTMwODRiZTQ4MGI0MzRlOTU0ODE0YjZhZjk3OTNlNiIsInVzZXJfaWQiOjEyLCJlbWFpbCI6InRhaWVma2hhbjEyM0BnbWFpbC5jb20iLCJuYW1lIjoiVGFoYW1pZHVyIFJhaG1hbiIsInVzZXJfdHlwZSI6IkNVU1RPTUVSIn0.C4gUAABTpVdoCQysGCt4_tW3wK_PK02v36yErGcPdqs",
    "created_at": null,
    "expires_at": "2025-10-22T10:13:16Z"
  }
},
{
  "model": "token_blacklist.outstandingtoken",
  "pk": 30,
  "fields": {
    "user": [
      "taifkhan6789@gmail.com"
    ],
    "jti": "bf14e5b9ccd94283a2deed0c037e8f48",
    "token": "eyJhbGciOiJIUzI1NiIsInR5cCI6IkpXVCJ9.eyJ0b2tlbl90eXBlIjoicmVmcmVzaCIsImV4cCI6MTc2MTM3MjA4NCwiaWF0IjoxNzYwNzY3Mjg0LCJqdGkiOiJiZjE0ZTViOWNjZDk0MjgzYTJkZWVkMGMwMzdlOGY0OCIsInVzZXJfaWQiOjd9.FisIwZrM3_l1L2_w2eLF-cyU6U7d0IKH4Vs0a07maSc",
    "created_at": "2025-10-18T06:01:24.026Z",
    "expires_at": "2025-10-25T06:01:24Z"
  }
},
{
  "model": "token_blacklist.outstandingtoken",
  "pk": 31,
  "fields": {
    "user": [
      "tahamidurtaief@gmail.com"
    ],
    "jti": "9103850b71384aaeaab50c67c62e4e3b",
    "token": "eyJhbGciOiJIUzI1NiIsInR5cCI6IkpXVCJ9.eyJ0b2tlbl90eXBlIjoicmVmcmVzaCIsImV4cCI6MTc2MTM3MjExMiwiaWF0IjoxNzYwNzY3MzEyLCJqdGkiOiI5MTAzODUwYjcxMzg0YWFlYWFiNTBjNjdjNjJlNGUzYiIsInVzZXJfaWQiOjR9.6bmrTReMy6_PvhNw95pYqkKOoF8cfCJUUxuZLjdX78U",
    "created_at": "2025-10-18T06:01:52.295Z",
    "expires_at": "2025-10-25T06:01:52Z"
  }
},
{
  "model": "token_blacklist.outstandingtoken",
  "pk": 32,
  "fields": {
    "user": null,
    "jti": "c2a2c38f2a4242dcb0301bf3154d7e02",
    "token": "eyJhbGciOiJIUzI1NiIsInR5cCI6IkpXVCJ9.eyJ0b2tlbl90eXBlIjoicmVmcmVzaCIsImV4cCI6MTc2MTQ1NjU0MCwiaWF0IjoxNzYwODUxNzQwLCJqdGkiOiJjMmEyYzM4ZjJhNDI0MmRjYjAzMDFiZjMxNTRkN2UwMiIsInVzZXJfaWQiOjE2LCJlbWFpbCI6InRhaWVma2hhbjEyM0BnbWFpbC5jb20iLCJuYW1lIjoiVGFoYW1pZHVyIFJhaG1hbiBUYWllZiIsInVzZXJfdHlwZSI6IldIT0xFU0FMRVIifQ.Ir_y-AgSpRW-hU2OJsJo0roEGuyTLxiBR3tl_GpVMXc",
    "created_at": null,
    "expires_at": "2025-10-26T05:29:00Z"
  }
},
{
  "model": "token_blacklist.outstandingtoken",
  "pk": 33,
  "fields": {
    "user": [
      "taiefkhan123@gmail.com"
    ],
    "jti": "61bf845d69e84e818464d10df4d0e498",
    "token": "eyJhbGciOiJIUzI1NiIsInR5cCI6IkpXVCJ9.eyJ0b2tlbl90eXBlIjoicmVmcmVzaCIsImV4cCI6MTc2MTQ1NzI0OCwiaWF0IjoxNzYwODUyNDQ4LCJqdGkiOiI2MWJmODQ1ZDY5ZTg0ZTgxODQ2NGQxMGRmNGQwZTQ5OCIsInVzZXJfaWQiOjEzfQ.H-7kXui3NNf2evrqvEgSs5MY_eq25uK9cTteXyA4sKs",
    "created_at": "2025-10-19T05:40:48.862Z",
    "expires_at": "2025-10-26T05:40:48Z"
  }
},
{
  "model": "token_blacklist.outstandingtoken",
  "pk": 34,
  "fields": {
    "user": [
      "taiefkhan123@gmail.com"
    ],
    "jti": "2ba8b0475f5644f6bb396bff4ece4b13",
    "token": "eyJhbGciOiJIUzI1NiIsInR5cCI6IkpXVCJ9.eyJ0b2tlbl90eXBlIjoicmVmcmVzaCIsImV4cCI6MTc2MTQ1OTIyMSwiaWF0IjoxNzYwODU0NDIxLCJqdGkiOiIyYmE4YjA0NzVmNTY0NGY2YmIzOTZiZmY0ZWNlNGIxMyIsInVzZXJfaWQiOjEzfQ.aKlfQqjWA_t4rYFQEVT1SVKFYJvsrB5fJdkKiazaDIU",
    "created_at": "2025-10-19T06:13:41.717Z",
    "expires_at": "2025-10-26T06:13:41Z"
  }
},
{
  "model": "token_blacklist.outstandingtoken",
  "pk": 35,
  "fields": {
    "user": [
      "tahamidurtaief@gmail.com"
    ],
    "jti": "814e14747a7e43ccba7b47187c02fd8c",
    "token": "eyJhbGciOiJIUzI1NiIsInR5cCI6IkpXVCJ9.eyJ0b2tlbl90eXBlIjoicmVmcmVzaCIsImV4cCI6MTc2MTQ2MDE2OCwiaWF0IjoxNzYwODU1MzY4LCJqdGkiOiI4MTRlMTQ3NDdhN2U0M2NjYmE3YjQ3MTg3YzAyZmQ4YyIsInVzZXJfaWQiOjR9.MO9qu4nnqjb84nyH5oR_nvI7BrKDzdYzMcyVBaNjG34",
    "created_at": "2025-10-19T06:29:28.744Z",
    "expires_at": "2025-10-26T06:29:28Z"
  }
},
{
  "model": "token_blacklist.outstandingtoken",
  "pk": 36,
  "fields": {
    "user": [
      "taiefkhan123@gmail.com"
    ],
    "jti": "c5102f4d0d414db9845b81afd2b182ef",
    "token": "eyJhbGciOiJIUzI1NiIsInR5cCI6IkpXVCJ9.eyJ0b2tlbl90eXBlIjoicmVmcmVzaCIsImV4cCI6MTc2MTQ2MDE4MiwiaWF0IjoxNzYwODU1MzgyLCJqdGkiOiJjNTEwMmY0ZDBkNDE0ZGI5ODQ1YjgxYWZkMmIxODJlZiIsInVzZXJfaWQiOjEzfQ.gYwy8Vu1wTWLm-ZODKZ5Nu8lSlex0bBDCzMRB0ma2-k",
    "created_at": "2025-10-19T06:29:42.053Z",
    "expires_at": "2025-10-26T06:29:42Z"
  }
},
{
  "model": "token_blacklist.outstandingtoken",
  "pk": 37,
  "fields": {
    "user": [
      "taiefkhan123@gmail.com"
    ],
    "jti": "d5086121de0a496c9f4f0710c2f65e55",
    "token": "eyJhbGciOiJIUzI1NiIsInR5cCI6IkpXVCJ9.eyJ0b2tlbl90eXBlIjoicmVmcmVzaCIsImV4cCI6MTc2MTQ2MDQwNiwiaWF0IjoxNzYwODU1NjA2LCJqdGkiOiJkNTA4NjEyMWRlMGE0OTZjOWY0ZjA3MTBjMmY2NWU1NSIsInVzZXJfaWQiOjEzfQ.kccaKdWl-1CcXUiMVfm6AcHNQV9jHzXfgzPBHqhBEM8",
    "created_at": "2025-10-19T06:33:26.504Z",
    "expires_at": "2025-10-26T06:33:26Z"
  }
},
{
  "model": "token_blacklist.outstandingtoken",
  "pk": 38,
  "fields": {
    "user": [
      "tahamidurtaief@gmail.com"
    ],
    "jti": "e2d546b6a27d466089a0c2141de414e9",
    "token": "eyJhbGciOiJIUzI1NiIsInR5cCI6IkpXVCJ9.eyJ0b2tlbl90eXBlIjoicmVmcmVzaCIsImV4cCI6MTc2MTQ2MDQxOSwiaWF0IjoxNzYwODU1NjE5LCJqdGkiOiJlMmQ1NDZiNmEyN2Q0NjYwODlhMGMyMTQxZGU0MTRlOSIsInVzZXJfaWQiOjR9.uH1AB2EzQKhbbeEDakCMG_QdXqU7CzenSkqmHTKJGrg",
    "created_at": "2025-10-19T06:33:39.661Z",
    "expires_at": "2025-10-26T06:33:39Z"
  }
},
{
  "model": "token_blacklist.outstandingtoken",
  "pk": 39,
  "fields": {
    "user": [
      "taiefkhan123@gmail.com"
    ],
    "jti": "08a6b21e791046a7a2c16089eeab2763",
    "token": "eyJhbGciOiJIUzI1NiIsInR5cCI6IkpXVCJ9.eyJ0b2tlbl90eXBlIjoicmVmcmVzaCIsImV4cCI6MTc2MTQ2MDQzMCwiaWF0IjoxNzYwODU1NjMwLCJqdGkiOiIwOGE2YjIxZTc5MTA0NmE3YTJjMTYwODllZWFiMjc2MyIsInVzZXJfaWQiOjEzfQ.uUkC5rU5YPWs7_5eoYq6Y3RFC6voXNVhS5Us2Dguivc",
    "created_at": "2025-10-19T06:33:50.321Z",
    "expires_at": "2025-10-26T06:33:50Z"
  }
},
{
  "model": "token_blacklist.outstandingtoken",
  "pk": 40,
  "fields": {
    "user": [
      "test.wholesaler@example.com"
    ],
    "jti": "de78c03462454425aac29c10ef11a3c1",
    "token": "eyJhbGciOiJIUzI1NiIsInR5cCI6IkpXVCJ9.eyJ0b2tlbl90eXBlIjoicmVmcmVzaCIsImV4cCI6MTc2MTQ2MTc3NSwiaWF0IjoxNzYwODU2OTc1LCJqdGkiOiJkZTc4YzAzNDYyNDU0NDI1YWFjMjljMTBlZjExYTNjMSIsInVzZXJfaWQiOjE0fQ.97pbn9mA1v8t97TXmZ6S66e-DajZyMX7eopp2Rnp_hM",
    "created_at": "2025-10-19T06:56:15.446Z",
    "expires_at": "2025-10-26T06:56:15Z"
  }
},
{
  "model": "token_blacklist.outstandingtoken",
  "pk": 41,
  "fields": {
    "user": [
      "tahamidurtaief@gmail.com"
    ],
    "jti": "b6bd47befb474978a4140f80d24b330e",
    "token": "eyJhbGciOiJIUzI1NiIsInR5cCI6IkpXVCJ9.eyJ0b2tlbl90eXBlIjoicmVmcmVzaCIsImV4cCI6MTc2MTQ2MTc4NywiaWF0IjoxNzYwODU2OTg3LCJqdGkiOiJiNmJkNDdiZWZiNDc0OTc4YTQxNDBmODBkMjRiMzMwZSIsInVzZXJfaWQiOjR9.7PYMOehGBXBLQ7ja93CG-QBACDw0Zqp8jCEoU5zjlvU",
    "created_at": "2025-10-19T06:56:27.421Z",
    "expires_at": "2025-10-26T06:56:27Z"
  }
},
{
  "model": "token_blacklist.outstandingtoken",
  "pk": 42,
  "fields": {
    "user": [
      "test.wholesaler@example.com"
    ],
    "jti": "d069582f12644965a81779db35d1aeed",
    "token": "eyJhbGciOiJIUzI1NiIsInR5cCI6IkpXVCJ9.eyJ0b2tlbl90eXBlIjoicmVmcmVzaCIsImV4cCI6MTc2MTQ2MTgwMSwiaWF0IjoxNzYwODU3MDAxLCJqdGkiOiJkMDY5NTgyZjEyNjQ0OTY1YTgxNzc5ZGIzNWQxYWVlZCIsInVzZXJfaWQiOjE0fQ.-xS7SLOe_VK3KzQO_bvmspcUtGQrYdFGevaDbw58Gv4",
    "created_at": "2025-10-19T06:56:41.339Z",
    "expires_at": "2025-10-26T06:56:41Z"
  }
},
{
  "model": "token_blacklist.outstandingtoken",
  "pk": 43,
  "fields": {
    "user": [
      "taiefkhan123@gmail.com"
    ],
    "jti": "46f56672e3a841fbbe2d237ba8cd5f19",
    "token": "eyJhbGciOiJIUzI1NiIsInR5cCI6IkpXVCJ9.eyJ0b2tlbl90eXBlIjoicmVmcmVzaCIsImV4cCI6MTc2MTQ2MjgzMywiaWF0IjoxNzYwODU4MDMzLCJqdGkiOiI0NmY1NjY3MmUzYTg0MWZiYmUyZDIzN2JhOGNkNWYxOSIsInVzZXJfaWQiOjEzfQ.zMA12ddP6hbD1DnSbwc0mw1seUAom-eeoxDQTIiiwtQ",
    "created_at": "2025-10-19T07:13:53.050Z",
    "expires_at": "2025-10-26T07:13:53Z"
  }
},
{
  "model": "token_blacklist.outstandingtoken",
  "pk": 44,
  "fields": {
    "user": [
      "taiefkhan123@gmail.com"
    ],
    "jti": "737cf242a04e4e119a7c04c1bdb8a549",
    "token": "eyJhbGciOiJIUzI1NiIsInR5cCI6IkpXVCJ9.eyJ0b2tlbl90eXBlIjoicmVmcmVzaCIsImV4cCI6MTc2MTQ2OTUwNCwiaWF0IjoxNzYwODY0NzA0LCJqdGkiOiI3MzdjZjI0MmEwNGU0ZTExOWE3YzA0YzFiZGI4YTU0OSIsInVzZXJfaWQiOjEzfQ.Fq_AsaJ9jKpj1455qqa7cqIWWMfhCJomR2MwX1g67ps",
    "created_at": "2025-10-19T09:05:04.280Z",
    "expires_at": "2025-10-26T09:05:04Z"
  }
},
{
  "model": "token_blacklist.outstandingtoken",
  "pk": 45,
  "fields": {
    "user": [
      "taiefkhan123@gmail.com"
    ],
    "jti": "a2dbf594ee944aef92b052f279a03500",
    "token": "eyJhbGciOiJIUzI1NiIsInR5cCI6IkpXVCJ9.eyJ0b2tlbl90eXBlIjoicmVmcmVzaCIsImV4cCI6MTc2MTQ3MDk5OCwiaWF0IjoxNzYwODY2MTk4LCJqdGkiOiJhMmRiZjU5NGVlOTQ0YWVmOTJiMDUyZjI3OWEwMzUwMCIsInVzZXJfaWQiOjEzfQ.P6B02OTEMSycKh3yY4Mmg6ktGRGjghF0NI18OVFhF1s",
    "created_at": "2025-10-19T09:29:58.197Z",
    "expires_at": "2025-10-26T09:29:58Z"
  }
},
{
  "model": "token_blacklist.outstandingtoken",
  "pk": 46,
  "fields": {
    "user": [
      "taiefkhan123@gmail.com"
    ],
    "jti": "7a8f53a1000f4330a9e98d5ccb292318",
    "token": "eyJhbGciOiJIUzI1NiIsInR5cCI6IkpXVCJ9.eyJ0b2tlbl90eXBlIjoicmVmcmVzaCIsImV4cCI6MTc2MTQ3NTc3NSwiaWF0IjoxNzYwODcwOTc1LCJqdGkiOiI3YThmNTNhMTAwMGY0MzMwYTllOThkNWNjYjI5MjMxOCIsInVzZXJfaWQiOjEzfQ.7tDxCJkX9sqdO8WEP7dVtTnGvsyPBAH5PRcK1zzbZEY",
    "created_at": "2025-10-19T10:49:35.917Z",
    "expires_at": "2025-10-26T10:49:35Z"
  }
},
{
  "model": "token_blacklist.outstandingtoken",
  "pk": 47,
  "fields": {
    "user": [
      "taiefkhan123@gmail.com"
    ],
    "jti": "0e3616a43e774250b64260b2715b27d8",
    "token": "eyJhbGciOiJIUzI1NiIsInR5cCI6IkpXVCJ9.eyJ0b2tlbl90eXBlIjoicmVmcmVzaCIsImV4cCI6MTc2MTQ3ODM0OSwiaWF0IjoxNzYwODczNTQ5LCJqdGkiOiIwZTM2MTZhNDNlNzc0MjUwYjY0MjYwYjI3MTViMjdkOCIsInVzZXJfaWQiOjEzfQ.Qz7IlRlbPkdEj9Uqm-HpVw0Mz4fJ-0Xq4mqX4gs76r8",
    "created_at": "2025-10-19T11:32:29.067Z",
    "expires_at": "2025-10-26T11:32:29Z"
  }
},
{
  "model": "token_blacklist.outstandingtoken",
  "pk": 48,
  "fields": {
    "user": [
      "taiefkhan123@gmail.com"
    ],
    "jti": "fa8237ce59cd45179725cd23ed0a32db",
    "token": "eyJhbGciOiJIUzI1NiIsInR5cCI6IkpXVCJ9.eyJ0b2tlbl90eXBlIjoicmVmcmVzaCIsImV4cCI6MTc2MTU0MDE2MSwiaWF0IjoxNzYwOTM1MzYxLCJqdGkiOiJmYTgyMzdjZTU5Y2Q0NTE3OTcyNWNkMjNlZDBhMzJkYiIsInVzZXJfaWQiOjEzfQ.4SP3L5q-glUbAa_V3YouRGp15z9t3UCSpPkvv6s-xPk",
    "created_at": "2025-10-20T04:42:41.199Z",
    "expires_at": "2025-10-27T04:42:41Z"
  }
},
{
  "model": "token_blacklist.outstandingtoken",
  "pk": 49,
  "fields": {
    "user": [
      "taiefkhan123@gmail.com"
    ],
    "jti": "0e8765f8f4944abea18412b474ba9cd0",
    "token": "eyJhbGciOiJIUzI1NiIsInR5cCI6IkpXVCJ9.eyJ0b2tlbl90eXBlIjoicmVmcmVzaCIsImV4cCI6MTc2MTU1MjQwMSwiaWF0IjoxNzYwOTQ3NjAxLCJqdGkiOiIwZTg3NjVmOGY0OTQ0YWJlYTE4NDEyYjQ3NGJhOWNkMCIsInVzZXJfaWQiOjEzfQ.T7oAsBkcQVjMBEdeiAkqtU93Oz-Hi03bOvWZgfV5TMY",
    "created_at": "2025-10-20T08:06:41.663Z",
    "expires_at": "2025-10-27T08:06:41Z"
  }
},
{
  "model": "token_blacklist.outstandingtoken",
  "pk": 50,
  "fields": {
    "user": [
      "taiefkhan123@gmail.com"
    ],
    "jti": "e3c4b34f0eb24b079d6343c4da512e31",
    "token": "eyJhbGciOiJIUzI1NiIsInR5cCI6IkpXVCJ9.eyJ0b2tlbl90eXBlIjoicmVmcmVzaCIsImV4cCI6MTc2MTU1Mjk4NSwiaWF0IjoxNzYwOTQ4MTg1LCJqdGkiOiJlM2M0YjM0ZjBlYjI0YjA3OWQ2MzQzYzRkYTUxMmUzMSIsInVzZXJfaWQiOjEzfQ.zYq7_5e3VZ7-CcR6pZcCfW0jLfHAATqbGryMv3AmA6w",
    "created_at": "2025-10-20T08:16:25.708Z",
    "expires_at": "2025-10-27T08:16:25Z"
  }
},
{
  "model": "token_blacklist.outstandingtoken",
  "pk": 51,
  "fields": {
    "user": [
      "taiefkhan123@gmail.com"
    ],
    "jti": "fcad2de8b25644f8b608de8bcbca922e",
    "token": "eyJhbGciOiJIUzI1NiIsInR5cCI6IkpXVCJ9.eyJ0b2tlbl90eXBlIjoicmVmcmVzaCIsImV4cCI6MTc2MTU1NTU5OSwiaWF0IjoxNzYwOTUwNzk5LCJqdGkiOiJmY2FkMmRlOGIyNTY0NGY4YjYwOGRlOGJjYmNhOTIyZSIsInVzZXJfaWQiOjEzfQ.zGU_7faIHqE68MqT5yNFcoV0cA-knWxmFCUxn4XRips",
    "created_at": "2025-10-20T08:59:59.869Z",
    "expires_at": "2025-10-27T08:59:59Z"
  }
},
{
  "model": "token_blacklist.outstandingtoken",
  "pk": 52,
  "fields": {
    "user": [
      "taiefkhan123@gmail.com"
    ],
    "jti": "5bd8e698c8f7424eaf3d504d5a052640",
    "token": "eyJhbGciOiJIUzI1NiIsInR5cCI6IkpXVCJ9.eyJ0b2tlbl90eXBlIjoicmVmcmVzaCIsImV4cCI6MTc2MTU1NjE1NywiaWF0IjoxNzYwOTUxMzU3LCJqdGkiOiI1YmQ4ZTY5OGM4Zjc0MjRlYWYzZDUwNGQ1YTA1MjY0MCIsInVzZXJfaWQiOjEzfQ.jISi9xbOKGZmlzKB3vqFFllgKCrDhlRYzFqsjk03YM8",
    "created_at": "2025-10-20T09:09:17.954Z",
    "expires_at": "2025-10-27T09:09:17Z"
  }
},
{
  "model": "token_blacklist.outstandingtoken",
  "pk": 53,
  "fields": {
    "user": [
      "taiefkhan123@gmail.com"
    ],
    "jti": "28cd8275b8184b579733d040fda6af62",
    "token": "eyJhbGciOiJIUzI1NiIsInR5cCI6IkpXVCJ9.eyJ0b2tlbl90eXBlIjoicmVmcmVzaCIsImV4cCI6MTc2MTU1NjE3NSwiaWF0IjoxNzYwOTUxMzc1LCJqdGkiOiIyOGNkODI3NWI4MTg0YjU3OTczM2QwNDBmZGE2YWY2MiIsInVzZXJfaWQiOjEzfQ.ULJ2kEDDddT6w5euXL1hfAtuAC4VnM6Vgeg9AkNWHcM",
    "created_at": "2025-10-20T09:09:35.074Z",
    "expires_at": "2025-10-27T09:09:35Z"
  }
},
{
  "model": "token_blacklist.outstandingtoken",
  "pk": 54,
  "fields": {
    "user": [
      "taiefkhan123@gmail.com"
    ],
    "jti": "1e8dd2c7be12446caad2c96da056d08f",
    "token": "eyJhbGciOiJIUzI1NiIsInR5cCI6IkpXVCJ9.eyJ0b2tlbl90eXBlIjoicmVmcmVzaCIsImV4cCI6MTc2MTU1NjM4MSwiaWF0IjoxNzYwOTUxNTgxLCJqdGkiOiIxZThkZDJjN2JlMTI0NDZjYWFkMmM5NmRhMDU2ZDA4ZiIsInVzZXJfaWQiOjEzfQ.GfQevuqtH6EdnkgVRsvwjpQb2s_XBgUbwnns9ylGB18",
    "created_at": "2025-10-20T09:13:01.553Z",
    "expires_at": "2025-10-27T09:13:01Z"
  }
},
{
  "model": "token_blacklist.outstandingtoken",
  "pk": 55,
  "fields": {
    "user": [
      "taifkhan@gmail.com"
    ],
    "jti": "855df62ff5cd40d198533efdec740c50",
    "token": "eyJhbGciOiJIUzI1NiIsInR5cCI6IkpXVCJ9.eyJ0b2tlbl90eXBlIjoicmVmcmVzaCIsImV4cCI6MTc2MTU1Nzc4NCwiaWF0IjoxNzYwOTUyOTg0LCJqdGkiOiI4NTVkZjYyZmY1Y2Q0MGQxOTg1MzNlZmRlYzc0MGM1MCIsInVzZXJfaWQiOjE5fQ.u8QQQRErPmUf6rHkGDGEG21ziNxK5W_iWnD2rRU_BqA",
    "created_at": "2025-10-20T09:36:24.616Z",
    "expires_at": "2025-10-27T09:36:24Z"
  }
},
{
  "model": "token_blacklist.outstandingtoken",
  "pk": 56,
  "fields": {
    "user": null,
    "jti": "54b9bfa3044f45058ef425415387f59e",
    "token": "eyJhbGciOiJIUzI1NiIsInR5cCI6IkpXVCJ9.eyJ0b2tlbl90eXBlIjoicmVmcmVzaCIsImV4cCI6MTc2MTcxNDYzMywiaWF0IjoxNzYxMTA5ODMzLCJqdGkiOiI1NGI5YmZhMzA0NGY0NTA1OGVmNDI1NDE1Mzg3ZjU5ZSIsInVzZXJfaWQiOjIwLCJlbWFpbCI6InRhaWVma2hhbjMyMUBnbWFpbC5jb20iLCJuYW1lIjoiVGFpZWYga0hhbiIsInVzZXJfdHlwZSI6IldIT0xFU0FMRVIifQ.QLgRCdf4niLVHT_g6fg0u_rFYwAcYXA4tjXxtdz2Rhc",
    "created_at": null,
    "expires_at": "2025-10-29T05:10:33Z"
  }
},
{
  "model": "token_blacklist.outstandingtoken",
  "pk": 57,
  "fields": {
    "user": [
      "tahamidurtaief@gmail.com"
    ],
    "jti": "66993f87887c4f6aa2520e491e2514c2",
    "token": "eyJhbGciOiJIUzI1NiIsInR5cCI6IkpXVCJ9.eyJ0b2tlbl90eXBlIjoicmVmcmVzaCIsImV4cCI6MTc2MTcxNTI3NiwiaWF0IjoxNzYxMTEwNDc2LCJqdGkiOiI2Njk5M2Y4Nzg4N2M0ZjZhYTI1MjBlNDkxZTI1MTRjMiIsInVzZXJfaWQiOjR9.-D8nYEVcZUbcQi4O7iSIUms-ln9oDjYszKFU4KGNh44",
    "created_at": "2025-10-22T05:21:16.201Z",
    "expires_at": "2025-10-29T05:21:16Z"
  }
},
{
  "model": "token_blacklist.outstandingtoken",
  "pk": 58,
  "fields": {
    "user": [
      "tahamidurtaief123@gmail.com"
    ],
    "jti": "71f78230d5454d91af2fb360565d1757",
    "token": "eyJhbGciOiJIUzI1NiIsInR5cCI6IkpXVCJ9.eyJ0b2tlbl90eXBlIjoicmVmcmVzaCIsImV4cCI6MTc2MTcxNTMwNCwiaWF0IjoxNzYxMTEwNTA0LCJqdGkiOiI3MWY3ODIzMGQ1NDU0ZDkxYWYyZmIzNjA1NjVkMTc1NyIsInVzZXJfaWQiOjIwfQ.NkFSSG90CHMBNjbRZD5a-CBogzifBCeDt_aAzPENZ7E",
    "created_at": "2025-10-22T05:21:44.836Z",
    "expires_at": "2025-10-29T05:21:44Z"
  }
},
{
  "model": "token_blacklist.outstandingtoken",
  "pk": 59,
  "fields": {
    "user": [
      "tahamidurtaief123@gmail.com"
    ],
    "jti": "f440157a848e4a20b79799c80ca23260",
    "token": "eyJhbGciOiJIUzI1NiIsInR5cCI6IkpXVCJ9.eyJ0b2tlbl90eXBlIjoicmVmcmVzaCIsImV4cCI6MTc2MTcxNjI4NSwiaWF0IjoxNzYxMTExNDg1LCJqdGkiOiJmNDQwMTU3YTg0OGU0YTIwYjc5Nzk5YzgwY2EyMzI2MCIsInVzZXJfaWQiOjIwfQ.GUkpYzmAMyUgxboPbO-jWgRQ8nTJ9OYc-8mHG-BipZE",
    "created_at": "2025-10-22T05:38:05.897Z",
    "expires_at": "2025-10-29T05:38:05Z"
  }
},
{
  "model": "token_blacklist.outstandingtoken",
  "pk": 60,
  "fields": {
    "user": [
      "tahamidurtaief123@gmail.com"
    ],
    "jti": "6c7924777d7d4554af84ca1a608ef771",
    "token": "eyJhbGciOiJIUzI1NiIsInR5cCI6IkpXVCJ9.eyJ0b2tlbl90eXBlIjoicmVmcmVzaCIsImV4cCI6MTc2MTcxNzMxMSwiaWF0IjoxNzYxMTEyNTExLCJqdGkiOiI2Yzc5MjQ3NzdkN2Q0NTU0YWY4NGNhMWE2MDhlZjc3MSIsInVzZXJfaWQiOjIwfQ.WShfc_HNdGcYbiaPRyjq_1rmH3nu8QpDI3YphjUFC2o",
    "created_at": "2025-10-22T05:55:11.508Z",
    "expires_at": "2025-10-29T05:55:11Z"
  }
},
{
  "model": "token_blacklist.outstandingtoken",
  "pk": 61,
  "fields": {
    "user": [
      "tahamidurtaief123@gmail.com"
    ],
    "jti": "3b55861add9b4790a5904979f0f828b7",
    "token": "eyJhbGciOiJIUzI1NiIsInR5cCI6IkpXVCJ9.eyJ0b2tlbl90eXBlIjoicmVmcmVzaCIsImV4cCI6MTc2MTcxOTE3NCwiaWF0IjoxNzYxMTE0Mzc0LCJqdGkiOiIzYjU1ODYxYWRkOWI0NzkwYTU5MDQ5NzlmMGY4MjhiNyIsInVzZXJfaWQiOjIwfQ.m4EAFw99HRnnXrYqpP-ifvRy11f1CSmzaV5pIIGqucM",
    "created_at": "2025-10-22T06:26:14.893Z",
    "expires_at": "2025-10-29T06:26:14Z"
  }
},
{
  "model": "token_blacklist.outstandingtoken",
  "pk": 62,
  "fields": {
    "user": [
      "tahamidurtaief@gmail.com"
    ],
    "jti": "128042c046d240ce9b475e60074cfbff",
    "token": "eyJhbGciOiJIUzI1NiIsInR5cCI6IkpXVCJ9.eyJ0b2tlbl90eXBlIjoicmVmcmVzaCIsImV4cCI6MTc2MTcxOTE5NiwiaWF0IjoxNzYxMTE0Mzk2LCJqdGkiOiIxMjgwNDJjMDQ2ZDI0MGNlOWI0NzVlNjAwNzRjZmJmZiIsInVzZXJfaWQiOjR9.FeNwG0VBrf9s7ggX7H8uB9xeYxTxrDJO_mZym4_c8Ck",
    "created_at": "2025-10-22T06:26:36.795Z",
    "expires_at": "2025-10-29T06:26:36Z"
  }
},
{
  "model": "token_blacklist.outstandingtoken",
  "pk": 63,
  "fields": {
    "user": [
      "tahamidurtaief123@gmail.com"
    ],
    "jti": "3df5288aa96a4935b12a6997c26d2075",
    "token": "eyJhbGciOiJIUzI1NiIsInR5cCI6IkpXVCJ9.eyJ0b2tlbl90eXBlIjoicmVmcmVzaCIsImV4cCI6MTc2MTcxOTIzMCwiaWF0IjoxNzYxMTE0NDMwLCJqdGkiOiIzZGY1Mjg4YWE5NmE0OTM1YjEyYTY5OTdjMjZkMjA3NSIsInVzZXJfaWQiOjIwfQ.1Kh_voDoSY_PhWqLOz6As_NICGFmgWb4WCTxnzouixk",
    "created_at": "2025-10-22T06:27:10.044Z",
    "expires_at": "2025-10-29T06:27:10Z"
  }
},
{
  "model": "token_blacklist.outstandingtoken",
  "pk": 64,
  "fields": {
    "user": [
      "tahamidurtaief123@gmail.com"
    ],
    "jti": "810fd46a39034f5d996290263f67ae60",
    "token": "eyJhbGciOiJIUzI1NiIsInR5cCI6IkpXVCJ9.eyJ0b2tlbl90eXBlIjoicmVmcmVzaCIsImV4cCI6MTc2MTcxOTMxNCwiaWF0IjoxNzYxMTE0NTE0LCJqdGkiOiI4MTBmZDQ2YTM5MDM0ZjVkOTk2MjkwMjYzZjY3YWU2MCIsInVzZXJfaWQiOjIwfQ.GKsfp_zu5oZxW4MS-Hf_HdkB0wDpIu1D4Och9Yw7MH8",
    "created_at": "2025-10-22T06:28:34.288Z",
    "expires_at": "2025-10-29T06:28:34Z"
  }
},
{
  "model": "token_blacklist.outstandingtoken",
  "pk": 65,
  "fields": {
    "user": [
      "tahamidurtaief123@gmail.com"
    ],
    "jti": "9feb2b7646a44b78af901a94e60a0cb9",
    "token": "eyJhbGciOiJIUzI1NiIsInR5cCI6IkpXVCJ9.eyJ0b2tlbl90eXBlIjoicmVmcmVzaCIsImV4cCI6MTc2MTcxOTM4OSwiaWF0IjoxNzYxMTE0NTg5LCJqdGkiOiI5ZmViMmI3NjQ2YTQ0Yjc4YWY5MDFhOTRlNjBhMGNiOSIsInVzZXJfaWQiOjIwfQ.U6d692sGrvA0zGdzAqEMiTALTc4j-bFzLgTGd824KwE",
    "created_at": "2025-10-22T06:29:49.087Z",
    "expires_at": "2025-10-29T06:29:49Z"
  }
},
{
  "model": "token_blacklist.outstandingtoken",
  "pk": 66,
  "fields": {
    "user": [
      "tahamidurtaief123@gmail.com"
    ],
    "jti": "e6451a3a1d5744f690bf3ecda616456c",
    "token": "eyJhbGciOiJIUzI1NiIsInR5cCI6IkpXVCJ9.eyJ0b2tlbl90eXBlIjoicmVmcmVzaCIsImV4cCI6MTc2MTcyMzMwMiwiaWF0IjoxNzYxMTE4NTAyLCJqdGkiOiJlNjQ1MWEzYTFkNTc0NGY2OTBiZjNlY2RhNjE2NDU2YyIsInVzZXJfaWQiOjIwfQ.SZA7PVSlOa170iJCFH7fmowx0-pETykQiuGPlwfPr2o",
    "created_at": "2025-10-22T07:35:02.616Z",
    "expires_at": "2025-10-29T07:35:02Z"
  }
},
{
  "model": "token_blacklist.outstandingtoken",
  "pk": 67,
  "fields": {
    "user": [
      "tahamidurtaief123@gmail.com"
    ],
    "jti": "a267d0fadc3d403ab2d90535ff217163",
    "token": "eyJhbGciOiJIUzI1NiIsInR5cCI6IkpXVCJ9.eyJ0b2tlbl90eXBlIjoicmVmcmVzaCIsImV4cCI6MTc2MTczNTEwNSwiaWF0IjoxNzYxMTMwMzA1LCJqdGkiOiJhMjY3ZDBmYWRjM2Q0MDNhYjJkOTA1MzVmZjIxNzE2MyIsInVzZXJfaWQiOjIwfQ.uLvXL2qA6WaB_a9cTopU1jTLduBV6OaG2jSP2Ry7GgM",
    "created_at": "2025-10-22T10:51:45.456Z",
    "expires_at": "2025-10-29T10:51:45Z"
  }
},
{
  "model": "token_blacklist.outstandingtoken",
  "pk": 68,
  "fields": {
    "user": [
      "tahamidurtaief123@gmail.com"
    ],
    "jti": "d7b805befeea48ca91f815353e58f6c2",
    "token": "eyJhbGciOiJIUzI1NiIsInR5cCI6IkpXVCJ9.eyJ0b2tlbl90eXBlIjoicmVmcmVzaCIsImV4cCI6MTc2MTczODY0OCwiaWF0IjoxNzYxMTMzODQ4LCJqdGkiOiJkN2I4MDViZWZlZWE0OGNhOTFmODE1MzUzZTU4ZjZjMiIsInVzZXJfaWQiOjIwfQ.wnrfsGMeeNJ5pE3NulsV6Zu80Ww3cg0fIJYos9gX-I0",
    "created_at": "2025-10-22T11:50:48.658Z",
    "expires_at": "2025-10-29T11:50:48Z"
  }
},
{
  "model": "token_blacklist.outstandingtoken",
  "pk": 69,
  "fields": {
    "user": [
      "tahamidurtaief123@gmail.com"
    ],
    "jti": "0d9be094664d4be69ab9cf1c67700b3a",
    "token": "eyJhbGciOiJIUzI1NiIsInR5cCI6IkpXVCJ9.eyJ0b2tlbl90eXBlIjoicmVmcmVzaCIsImV4cCI6MTc2MTczODk1MSwiaWF0IjoxNzYxMTM0MTUxLCJqdGkiOiIwZDliZTA5NDY2NGQ0YmU2OWFiOWNmMWM2NzcwMGIzYSIsInVzZXJfaWQiOjIwfQ.gFOjf92_OFbC-EClOjDwZ35nierJOopu2IuF0GNObS0",
    "created_at": "2025-10-22T11:55:51.077Z",
    "expires_at": "2025-10-29T11:55:51Z"
  }
},
{
  "model": "token_blacklist.outstandingtoken",
  "pk": 70,
  "fields": {
    "user": [
      "tahamidurtaief123@gmail.com"
    ],
    "jti": "89a496d87fba45629dcdbcb8c22887ac",
    "token": "eyJhbGciOiJIUzI1NiIsInR5cCI6IkpXVCJ9.eyJ0b2tlbl90eXBlIjoicmVmcmVzaCIsImV4cCI6MTc2MTc0MTI2OSwiaWF0IjoxNzYxMTM2NDY5LCJqdGkiOiI4OWE0OTZkODdmYmE0NTYyOWRjZGJjYjhjMjI4ODdhYyIsInVzZXJfaWQiOjIwfQ.vP1ybO-fbsSuoWI7R6ui591kHrOWjOt0n14Cvv9yPVE",
    "created_at": "2025-10-22T12:34:29.104Z",
    "expires_at": "2025-10-29T12:34:29Z"
  }
},
{
  "model": "token_blacklist.outstandingtoken",
  "pk": 71,
  "fields": {
    "user": [
      "tahamidurtaief123@gmail.com"
    ],
    "jti": "09180569f8d242639137fa35e40f1b49",
    "token": "eyJhbGciOiJIUzI1NiIsInR5cCI6IkpXVCJ9.eyJ0b2tlbl90eXBlIjoicmVmcmVzaCIsImV4cCI6MTc2MTgxNTQzNywiaWF0IjoxNzYxMjEwNjM3LCJqdGkiOiIwOTE4MDU2OWY4ZDI0MjYzOTEzN2ZhMzVlNDBmMWI0OSIsInVzZXJfaWQiOjIwfQ.C0c5QUYESAsFgLYt41QpgTYbWLHNBqLhOd2wmpd2gvQ",
    "created_at": "2025-10-23T09:10:37.159Z",
    "expires_at": "2025-10-30T09:10:37Z"
  }
},
{
  "model": "token_blacklist.outstandingtoken",
  "pk": 72,
  "fields": {
    "user": [
      "tahamidurtaief123@gmail.com"
    ],
    "jti": "0b98c03ff8f64b71b2828f24493a3d8f",
    "token": "eyJhbGciOiJIUzI1NiIsInR5cCI6IkpXVCJ9.eyJ0b2tlbl90eXBlIjoicmVmcmVzaCIsImV4cCI6MTc2MTgxNjg1OSwiaWF0IjoxNzYxMjEyMDU5LCJqdGkiOiIwYjk4YzAzZmY4ZjY0YjcxYjI4MjhmMjQ0OTNhM2Q4ZiIsInVzZXJfaWQiOjIwfQ.AvUaMhk2ADgMHHA9kQ-tmU4VSny47edK0nMNQBWuveA",
    "created_at": "2025-10-23T09:34:19.495Z",
    "expires_at": "2025-10-30T09:34:19Z"
  }
},
{
  "model": "token_blacklist.outstandingtoken",
  "pk": 73,
  "fields": {
    "user": null,
    "jti": "71e7096a39b2461b82cbc110aceaf0cd",
    "token": "eyJhbGciOiJIUzI1NiIsInR5cCI6IkpXVCJ9.eyJ0b2tlbl90eXBlIjoicmVmcmVzaCIsImV4cCI6MTc2MTg1MjIxMSwiaWF0IjoxNzYxMjQ3NDExLCJqdGkiOiI3MWU3MDk2YTM5YjI0NjFiODJjYmMxMTBhY2VhZjBjZCIsInVzZXJfaWQiOjIwLCJlbWFpbCI6InRhaGFtaWR1cnRhaWVmMTIzQGdtYWlsLmNvbSIsIm5hbWUiOiJBY2N1c2FtdXMgbWludXMgcG9yciBRdWkgZXN0IG9tbmlzIHRvdGFtIiwidXNlcl90eXBlIjoiV0hPTEVTQUxFUiJ9.3ornFNEOduP3AzE3g4cD3lh72KQvQPvzgTk5zDJuplQ",
    "created_at": null,
    "expires_at": "2025-10-30T19:23:31Z"
  }
},
{
  "model": "token_blacklist.outstandingtoken",
  "pk": 74,
  "fields": {
    "user": [
      "tahamidurtaief123@gmail.com"
    ],
    "jti": "5ad41de348b44bf5911b656d9f4dcaf0",
    "token": "eyJhbGciOiJIUzI1NiIsInR5cCI6IkpXVCJ9.eyJ0b2tlbl90eXBlIjoicmVmcmVzaCIsImV4cCI6MTc2MjE4Njc5MiwiaWF0IjoxNzYxNTgxOTkyLCJqdGkiOiI1YWQ0MWRlMzQ4YjQ0YmY1OTExYjY1NmQ5ZjRkY2FmMCIsInVzZXJfaWQiOjIwfQ.Rq_wdaTzA5QuAjp43_ioupRFf_N_0zxVSQQnq4ovwME",
    "created_at": "2025-10-27T16:19:52.041Z",
    "expires_at": "2025-11-03T16:19:52Z"
  }
},
{
  "model": "token_blacklist.outstandingtoken",
  "pk": 75,
  "fields": {
    "user": [
      "arifwbtc@gmail.com"
    ],
    "jti": "738f5015f38a40688bd3400143125624",
    "token": "eyJhbGciOiJIUzI1NiIsInR5cCI6IkpXVCJ9.eyJ0b2tlbl90eXBlIjoicmVmcmVzaCIsImV4cCI6MTc2MjIzNTgzNywiaWF0IjoxNzYxNjMxMDM3LCJqdGkiOiI3MzhmNTAxNWYzOGE0MDY4OGJkMzQwMDE0MzEyNTYyNCIsInVzZXJfaWQiOjIxfQ.axz7lbyhS5lVPIXNO8PruiDiXSDEQwXWaIk6z3LMQS0",
    "created_at": "2025-10-28T05:57:17.257Z",
    "expires_at": "2025-11-04T05:57:17Z"
  }
},
{
  "model": "token_blacklist.outstandingtoken",
  "pk": 76,
  "fields": {
    "user": [
      "arifwbtc@gmail.com"
    ],
    "jti": "c3c38ec208bb4e179ff56ec7ad42f898",
    "token": "eyJhbGciOiJIUzI1NiIsInR5cCI6IkpXVCJ9.eyJ0b2tlbl90eXBlIjoicmVmcmVzaCIsImV4cCI6MTc2MjIzODkwMCwiaWF0IjoxNzYxNjM0MTAwLCJqdGkiOiJjM2MzOGVjMjA4YmI0ZTE3OWZmNTZlYzdhZDQyZjg5OCIsInVzZXJfaWQiOjIxfQ.IRHxmDR2NUMz8PqWfgxYe_xD8YMYZV9JkG36fr3eRF4",
    "created_at": "2025-10-28T06:48:20.885Z",
    "expires_at": "2025-11-04T06:48:20Z"
  }
},
{
  "model": "token_blacklist.outstandingtoken",
  "pk": 77,
  "fields": {
    "user": [
      "tahamidurtaief123@gmail.com"
    ],
    "jti": "e35493cf4ef5436dad5151ea5806a72b",
    "token": "eyJhbGciOiJIUzI1NiIsInR5cCI6IkpXVCJ9.eyJ0b2tlbl90eXBlIjoicmVmcmVzaCIsImV4cCI6MTc2Mzc4NjQ5NywiaWF0IjoxNzYzMTgxNjk3LCJqdGkiOiJlMzU0OTNjZjRlZjU0MzZkYWQ1MTUxZWE1ODA2YTcyYiIsInVzZXJfaWQiOjIwfQ.BB-v-wYjodf7GAjo5qnJyZbbMGOcMxo4XMexoX3yHqs",
    "created_at": "2025-11-15T04:41:37.997Z",
    "expires_at": "2025-11-22T04:41:37Z"
  }
},
{
  "model": "token_blacklist.outstandingtoken",
  "pk": 78,
  "fields": {
    "user": [
      "tahamidurtaief123@gmail.com"
    ],
    "jti": "4e10e9671837422c8abc7f23ea90ecf4",
    "token": "eyJhbGciOiJIUzI1NiIsInR5cCI6IkpXVCJ9.eyJ0b2tlbl90eXBlIjoicmVmcmVzaCIsImV4cCI6MTc2Mzc4Nzc2OSwiaWF0IjoxNzYzMTgyOTY5LCJqdGkiOiI0ZTEwZTk2NzE4Mzc0MjJjOGFiYzdmMjNlYTkwZWNmNCIsInVzZXJfaWQiOjIwfQ.w7_l3LM3I7A3vgOHVlnGIuCUc8HODm9EcC94I8lEJoc",
    "created_at": "2025-11-15T05:02:49.781Z",
    "expires_at": "2025-11-22T05:02:49Z"
  }
},
{
  "model": "token_blacklist.outstandingtoken",
  "pk": 79,
  "fields": {
    "user": [
      "cstapurbo@gmail.com"
    ],
    "jti": "9dfc2a843d0b43fa847451c88fa4576a",
    "token": "eyJhbGciOiJIUzI1NiIsInR5cCI6IkpXVCJ9.eyJ0b2tlbl90eXBlIjoicmVmcmVzaCIsImV4cCI6MTc2Mzc4ODAxOSwiaWF0IjoxNzYzMTgzMjE5LCJqdGkiOiI5ZGZjMmE4NDNkMGI0M2ZhODQ3NDUxYzg4ZmE0NTc2YSIsInVzZXJfaWQiOjIyfQ.r79QCmCYchWw-FMfM4fBdaDHPfKddp_7fxo3QB0MWNU",
    "created_at": "2025-11-15T05:06:59.723Z",
    "expires_at": "2025-11-22T05:06:59Z"
  }
},
{
  "model": "token_blacklist.outstandingtoken",
  "pk": 80,
  "fields": {
    "user": [
      "tahamidurtaief123@gmail.com"
    ],
    "jti": "243e724773cd4bd78b889394a6677f41",
    "token": "eyJhbGciOiJIUzI1NiIsInR5cCI6IkpXVCJ9.eyJ0b2tlbl90eXBlIjoicmVmcmVzaCIsImV4cCI6MTc2NDA2MjQ5MywiaWF0IjoxNzYzNDU3NjkzLCJqdGkiOiIyNDNlNzI0NzczY2Q0YmQ3OGI4ODkzOTRhNjY3N2Y0MSIsInVzZXJfaWQiOjIwfQ.wrSwdjbLmw-1M8CA8nC61AZA0UCaScVP5Odne928Y-w",
    "created_at": "2025-11-18T09:21:33.145Z",
    "expires_at": "2025-11-25T09:21:33Z"
  }
},
{
  "model": "token_blacklist.outstandingtoken",
  "pk": 81,
  "fields": {
    "user": [
      "tahamidurtaief123@gmail.com"
    ],
    "jti": "805ad016af9d41adae0c6be8b43176f0",
    "token": "eyJhbGciOiJIUzI1NiIsInR5cCI6IkpXVCJ9.eyJ0b2tlbl90eXBlIjoicmVmcmVzaCIsImV4cCI6MTc2NDA2Nzg2MiwiaWF0IjoxNzYzNDYzMDYyLCJqdGkiOiI4MDVhZDAxNmFmOWQ0MWFkYWUwYzZiZThiNDMxNzZmMCIsInVzZXJfaWQiOjIwfQ.GjgzDCWfRMtRqwMPuu7uBVRrgCKLulY0SESm-EfGRJ8",
    "created_at": "2025-11-18T10:51:02.989Z",
    "expires_at": "2025-11-25T10:51:02Z"
  }
},
{
  "model": "token_blacklist.outstandingtoken",
  "pk": 82,
  "fields": {
    "user": [
      "tahamidurtaief123@gmail.com"
    ],
    "jti": "a21c117bbe294c06b5e79c64b1430c1d",
    "token": "eyJhbGciOiJIUzI1NiIsInR5cCI6IkpXVCJ9.eyJ0b2tlbl90eXBlIjoicmVmcmVzaCIsImV4cCI6MTc2NDEzMzEyOCwiaWF0IjoxNzYzNTI4MzI4LCJqdGkiOiJhMjFjMTE3YmJlMjk0YzA2YjVlNzljNjRiMTQzMGMxZCIsInVzZXJfaWQiOjIwfQ.wD-mqRBVPQXr0sk3hk8_kYvgVJ0xS_bCYeRpa6yikVs",
    "created_at": "2025-11-19T04:58:48.965Z",
    "expires_at": "2025-11-26T04:58:48Z"
  }
},
{
  "model": "token_blacklist.outstandingtoken",
  "pk": 83,
  "fields": {
    "user": [
      "tahamidurtaief123@gmail.com"
    ],
    "jti": "ddecdb1a18d04f71b3861ed3da079933",
    "token": "eyJhbGciOiJIUzI1NiIsInR5cCI6IkpXVCJ9.eyJ0b2tlbl90eXBlIjoicmVmcmVzaCIsImV4cCI6MTc2NDEzNzExOSwiaWF0IjoxNzYzNTMyMzE5LCJqdGkiOiJkZGVjZGIxYTE4ZDA0ZjcxYjM4NjFlZDNkYTA3OTkzMyIsInVzZXJfaWQiOjIwfQ.EEeqePvwTB_pZjvvG8uTxVx-VBUDXCW46dkedS-Tn_c",
    "created_at": "2025-11-19T06:05:19.008Z",
    "expires_at": "2025-11-26T06:05:19Z"
  }
},
{
  "model": "token_blacklist.outstandingtoken",
  "pk": 84,
  "fields": {
    "user": [
      "tahamidurtaief123@gmail.com"
    ],
    "jti": "7c86b84eed4c498d97e3d0af1b65296c",
    "token": "eyJhbGciOiJIUzI1NiIsInR5cCI6IkpXVCJ9.eyJ0b2tlbl90eXBlIjoicmVmcmVzaCIsImV4cCI6MTc2NDEzNzMzMywiaWF0IjoxNzYzNTMyNTMzLCJqdGkiOiI3Yzg2Yjg0ZWVkNGM0OThkOTdlM2QwYWYxYjY1Mjk2YyIsInVzZXJfaWQiOjIwfQ.liO9elXnfTQgPpWnQeVkRV6Z2ZUx6eFH4ZLjxwh70uU",
    "created_at": "2025-11-19T06:08:53.871Z",
    "expires_at": "2025-11-26T06:08:53Z"
  }
},
{
  "model": "token_blacklist.outstandingtoken",
  "pk": 85,
  "fields": {
    "user": [
      "tahamidurtaief123@gmail.com"
    ],
    "jti": "136d5e636bd24ce3818ff2fa89b9fb87",
    "token": "eyJhbGciOiJIUzI1NiIsInR5cCI6IkpXVCJ9.eyJ0b2tlbl90eXBlIjoicmVmcmVzaCIsImV4cCI6MTc2NDIxOTY3MCwiaWF0IjoxNzYzNjE0ODcwLCJqdGkiOiIxMzZkNWU2MzZiZDI0Y2UzODE4ZmYyZmE4OWI5ZmI4NyIsInVzZXJfaWQiOjIwfQ.yLkvfLWEOef714SHIrd1cryB8v0oH3pQWWSvZEZYCzA",
    "created_at": "2025-11-20T05:01:10.606Z",
    "expires_at": "2025-11-27T05:01:10Z"
  }
},
{
  "model": "token_blacklist.outstandingtoken",
  "pk": 86,
  "fields": {
    "user": [
      "tahamidurtaief123@gmail.com"
    ],
    "jti": "1c6dcb5e5e9e494292758905fb9d5109",
    "token": "eyJhbGciOiJIUzI1NiIsInR5cCI6IkpXVCJ9.eyJ0b2tlbl90eXBlIjoicmVmcmVzaCIsImV4cCI6MTc2NDI0MjM0MCwiaWF0IjoxNzYzNjM3NTQwLCJqdGkiOiIxYzZkY2I1ZTVlOWU0OTQyOTI3NTg5MDVmYjlkNTEwOSIsInVzZXJfaWQiOjIwfQ.96HS9hsEPb2M0BddpDwUOTNTaSzD_QdqbER-JtyuI6w",
    "created_at": "2025-11-20T11:19:00.020Z",
    "expires_at": "2025-11-27T11:19:00Z"
  }
},
{
  "model": "token_blacklist.outstandingtoken",
  "pk": 87,
  "fields": {
    "user": [
      "tahamidurtaief123@gmail.com"
    ],
    "jti": "805bed8c201c430c9ed80b5f1d864dde",
    "token": "eyJhbGciOiJIUzI1NiIsInR5cCI6IkpXVCJ9.eyJ0b2tlbl90eXBlIjoicmVmcmVzaCIsImV4cCI6MTc2NDU4MjA3OCwiaWF0IjoxNzYzOTc3Mjc4LCJqdGkiOiI4MDViZWQ4YzIwMWM0MzBjOWVkODBiNWYxZDg2NGRkZSIsInVzZXJfaWQiOjIwfQ.iRnFy7H1LeZoECDBsK-96tl5kIgu33Kvj9QR3QwpeXI",
    "created_at": "2025-11-24T09:41:18.257Z",
    "expires_at": "2025-12-01T09:41:18Z"
  }
},
{
  "model": "token_blacklist.outstandingtoken",
  "pk": 88,
  "fields": {
    "user": [
      "arifwbtc@gmail.com"
    ],
    "jti": "d26228172f7e422189dc43538a2b4a73",
    "token": "eyJhbGciOiJIUzI1NiIsInR5cCI6IkpXVCJ9.eyJ0b2tlbl90eXBlIjoicmVmcmVzaCIsImV4cCI6MTc2NDc0NTU5MywiaWF0IjoxNzY0MTQwNzkzLCJqdGkiOiJkMjYyMjgxNzJmN2U0MjIxODlkYzQzNTM4YTJiNGE3MyIsInVzZXJfaWQiOjIxfQ.qzjOWh--J_hKMZFOLnyoVdblloYjZWfu83fwv8BFRqk",
    "created_at": "2025-11-26T07:06:33.416Z",
    "expires_at": "2025-12-03T07:06:33Z"
  }
},
{
  "model": "token_blacklist.outstandingtoken",
  "pk": 89,
  "fields": {
    "user": [
      "arifwbtc@gmail.com"
    ],
    "jti": "02339fb1476e4e6ab6af23ee3dbe8457",
    "token": "eyJhbGciOiJIUzI1NiIsInR5cCI6IkpXVCJ9.eyJ0b2tlbl90eXBlIjoicmVmcmVzaCIsImV4cCI6MTc2NDc0NTY1MCwiaWF0IjoxNzY0MTQwODUwLCJqdGkiOiIwMjMzOWZiMTQ3NmU0ZTZhYjZhZjIzZWUzZGJlODQ1NyIsInVzZXJfaWQiOjIxfQ.IEsE6C4zwZ-fUyalg2ymgAyMfmagHgUIB5qoUcJEBZw",
    "created_at": "2025-11-26T07:07:30.657Z",
    "expires_at": "2025-12-03T07:07:30Z"
  }
},
{
  "model": "token_blacklist.outstandingtoken",
  "pk": 90,
  "fields": {
    "user": [
      "tahamidurtaief123@gmail.com"
    ],
    "jti": "29fe574c4a0f4458b2242646560b2e2b",
    "token": "eyJhbGciOiJIUzI1NiIsInR5cCI6IkpXVCJ9.eyJ0b2tlbl90eXBlIjoicmVmcmVzaCIsImV4cCI6MTc2NTAxMjYwOCwiaWF0IjoxNzY0NDA3ODA4LCJqdGkiOiIyOWZlNTc0YzRhMGY0NDU4YjIyNDI2NDY1NjBiMmUyYiIsInVzZXJfaWQiOjIwfQ.V2t4Nc_aW_FPkYalxPUueEpc0r6mD2bjfWW9DP6lyzY",
    "created_at": "2025-11-29T09:16:48.600Z",
    "expires_at": "2025-12-06T09:16:48Z"
  }
},
{
  "model": "token_blacklist.outstandingtoken",
  "pk": 91,
  "fields": {
    "user": [
      "tahamidurtaief123@gmail.com"
    ],
    "jti": "0e7a085ed6b542138aeeca86b7852dce",
    "token": "eyJhbGciOiJIUzI1NiIsInR5cCI6IkpXVCJ9.eyJ0b2tlbl90eXBlIjoicmVmcmVzaCIsImV4cCI6MTc2NTAxNDk3NSwiaWF0IjoxNzY0NDEwMTc1LCJqdGkiOiIwZTdhMDg1ZWQ2YjU0MjEzOGFlZWNhODZiNzg1MmRjZSIsInVzZXJfaWQiOjIwfQ.lrCJN4R0FWsAoK1bGDFEoY34Id3vs9XAwrn2jbORm6U",
    "created_at": "2025-11-29T09:56:15.133Z",
    "expires_at": "2025-12-06T09:56:15Z"
  }
},
{
  "model": "token_blacklist.outstandingtoken",
  "pk": 92,
  "fields": {
    "user": [
      "tahamidurtaief123@gmail.com"
    ],
    "jti": "433606b63dc34a25a779dc0ddf90f112",
    "token": "eyJhbGciOiJIUzI1NiIsInR5cCI6IkpXVCJ9.eyJ0b2tlbl90eXBlIjoicmVmcmVzaCIsImV4cCI6MTc2NTAxODM4OCwiaWF0IjoxNzY0NDEzNTg4LCJqdGkiOiI0MzM2MDZiNjNkYzM0YTI1YTc3OWRjMGRkZjkwZjExMiIsInVzZXJfaWQiOjIwfQ.XoXJ8vVKUBvQCFxTrk1Q5dIEk2AaffTXWVhM7NQLMv4",
    "created_at": "2025-11-29T10:53:08.275Z",
    "expires_at": "2025-12-06T10:53:08Z"
  }
},
{
  "model": "token_blacklist.outstandingtoken",
  "pk": 93,
  "fields": {
    "user": [
      "tabassumnazifa95@gmail.com"
    ],
    "jti": "258a6c4e6cbc478aba892dcada77d25e",
    "token": "eyJhbGciOiJIUzI1NiIsInR5cCI6IkpXVCJ9.eyJ0b2tlbl90eXBlIjoicmVmcmVzaCIsImV4cCI6MTc2NjQyOTM5NCwiaWF0IjoxNzY1ODI0NTk0LCJqdGkiOiIyNThhNmM0ZTZjYmM0NzhhYmE4OTJkY2FkYTc3ZDI1ZSIsInVzZXJfaWQiOjIzfQ.tZYsPkb8TAcx1vsao62hbAmKfYxC1Bod3yVmY2xO60o",
    "created_at": "2025-12-15T18:49:54.174Z",
    "expires_at": "2025-12-22T18:49:54Z"
  }
},
{
  "model": "token_blacklist.outstandingtoken",
  "pk": 94,
  "fields": {
    "user": [
      "mehedi294@gmail.com"
    ],
    "jti": "b3e90636952646a29d54c265a10f0866",
    "token": "eyJhbGciOiJIUzI1NiIsInR5cCI6IkpXVCJ9.eyJ0b2tlbl90eXBlIjoicmVmcmVzaCIsImV4cCI6MTc2NjY3Nzc4OCwiaWF0IjoxNzY2MDcyOTg4LCJqdGkiOiJiM2U5MDYzNjk1MjY0NmEyOWQ1NGMyNjVhMTBmMDg2NiIsInVzZXJfaWQiOjI0fQ.WmaiWv9gJ064_fHMIVSLHw00UDWXfa4DoEKLOa0w2e8",
    "created_at": "2025-12-18T15:49:48.617Z",
    "expires_at": "2025-12-25T15:49:48Z"
  }
},
{
  "model": "token_blacklist.outstandingtoken",
  "pk": 95,
  "fields": {
    "user": [
      "kawsarmahmoud@icloud.com"
    ],
    "jti": "92479cbe4f87415e9a3fec26ec2ac789",
    "token": "eyJhbGciOiJIUzI1NiIsInR5cCI6IkpXVCJ9.eyJ0b2tlbl90eXBlIjoicmVmcmVzaCIsImV4cCI6MTc2NjkzMTY5MCwiaWF0IjoxNzY2MzI2ODkwLCJqdGkiOiI5MjQ3OWNiZTRmODc0MTVlOWEzZmVjMjZlYzJhYzc4OSIsInVzZXJfaWQiOjI1fQ.Vdx0Dm55QeeZ_l9ODMXuyXxxq6llOeroIUY7YBn996s",
    "created_at": "2025-12-21T14:21:30.879Z",
    "expires_at": "2025-12-28T14:21:30Z"
  }
},
{
  "model": "token_blacklist.outstandingtoken",
  "pk": 96,
  "fields": {
    "user": [
      "tahamidurtaiefvendor@gmail.com"
    ],
    "jti": "f97090e587b84f4e82c249aeaea52aec",
    "token": "eyJhbGciOiJIUzI1NiIsInR5cCI6IkpXVCJ9.eyJ0b2tlbl90eXBlIjoicmVmcmVzaCIsImV4cCI6MTc3MTkzMTkxNywiaWF0IjoxNzcxMzI3MTE3LCJqdGkiOiJmOTcwOTBlNTg3Yjg0ZjRlODJjMjQ5YWVhZWE1MmFlYyIsInVzZXJfaWQiOjI2fQ.pWG0_AsJJnrNiXZYAarXT7F6tLOEaa5lFxpcjMEHTnE",
    "created_at": "2026-02-17T11:18:37.004Z",
    "expires_at": "2026-02-24T11:18:37Z"
  }
},
{
  "model": "token_blacklist.outstandingtoken",
  "pk": 97,
  "fields": {
    "user": [
      "tahamidurtaiefvendor@gmail.com"
    ],
    "jti": "a35997b80b974a419f9b4ec61934da2e",
    "token": "eyJhbGciOiJIUzI1NiIsInR5cCI6IkpXVCJ9.eyJ0b2tlbl90eXBlIjoicmVmcmVzaCIsImV4cCI6MTc3MTkzMjg5NCwiaWF0IjoxNzcxMzI4MDk0LCJqdGkiOiJhMzU5OTdiODBiOTc0YTQxOWY5YjRlYzYxOTM0ZGEyZSIsInVzZXJfaWQiOjI2fQ.9hP_EYGosh9N8nWrz4uu5DcfTeUhu92l6uav-I0_zmU",
    "created_at": "2026-02-17T11:34:54.730Z",
    "expires_at": "2026-02-24T11:34:54Z"
  }
},
{
  "model": "token_blacklist.outstandingtoken",
  "pk": 98,
  "fields": {
    "user": [
      "tahamidurtaiefvendor@gmail.com"
    ],
    "jti": "1121db373f004f83a6fa65bf80b52b9c",
    "token": "eyJhbGciOiJIUzI1NiIsInR5cCI6IkpXVCJ9.eyJ0b2tlbl90eXBlIjoicmVmcmVzaCIsImV4cCI6MTc3MTkzNTY1NSwiaWF0IjoxNzcxMzMwODU1LCJqdGkiOiIxMTIxZGIzNzNmMDA0ZjgzYTZmYTY1YmY4MGI1MmI5YyIsInVzZXJfaWQiOjI2fQ.uoCr1uHxabxCqdeFM6aa3JtGTwj1BNsG-CQ6x8oZQLk",
    "created_at": "2026-02-17T12:20:55.086Z",
    "expires_at": "2026-02-24T12:20:55Z"
  }
},
{
  "model": "token_blacklist.outstandingtoken",
  "pk": 99,
  "fields": {
    "user": [
      "tahamidurtaiefvendor@gmail.com"
    ],
    "jti": "923e32cf671c49a98341d43792b0e403",
    "token": "eyJhbGciOiJIUzI1NiIsInR5cCI6IkpXVCJ9.eyJ0b2tlbl90eXBlIjoicmVmcmVzaCIsImV4cCI6MTc3MTkzODA5NCwiaWF0IjoxNzcxMzMzMjk0LCJqdGkiOiI5MjNlMzJjZjY3MWM0OWE5ODM0MWQ0Mzc5MmIwZTQwMyIsInVzZXJfaWQiOjI2fQ.9w2JjWLJTB2XGw1ZfieARU5lNBQXXaheuwYrAd7PFlA",
    "created_at": "2026-02-17T13:01:34.992Z",
    "expires_at": "2026-02-24T13:01:34Z"
  }
},
{
  "model": "token_blacklist.outstandingtoken",
  "pk": 100,
  "fields": {
    "user": [
      "tahamidurtaiefvendor@gmail.com"
    ],
    "jti": "87d110b1e1b24f0db9e69916d7b56725",
    "token": "eyJhbGciOiJIUzI1NiIsInR5cCI6IkpXVCJ9.eyJ0b2tlbl90eXBlIjoicmVmcmVzaCIsImV4cCI6MTc3MTk0Mjc4OCwiaWF0IjoxNzcxMzM3OTg4LCJqdGkiOiI4N2QxMTBiMWUxYjI0ZjBkYjllNjk5MTZkN2I1NjcyNSIsInVzZXJfaWQiOjI2fQ.FD9DOCYr8Z1-76jSHbiusFHHYo8KeBkqpUqUQNZF-4s",
    "created_at": "2026-02-17T14:19:48.111Z",
    "expires_at": "2026-02-24T14:19:48Z"
  }
},
{
  "model": "token_blacklist.outstandingtoken",
  "pk": 101,
  "fields": {
    "user": [
      "tahamidurtaiefvendor@gmail.com"
    ],
    "jti": "990b43611c2f4c2381776adb5ab3fbd0",
    "token": "eyJhbGciOiJIUzI1NiIsInR5cCI6IkpXVCJ9.eyJ0b2tlbl90eXBlIjoicmVmcmVzaCIsImV4cCI6MTc3MjA5OTY0NywiaWF0IjoxNzcxNDk0ODQ3LCJqdGkiOiI5OTBiNDM2MTFjMmY0YzIzODE3NzZhZGI1YWIzZmJkMCIsInVzZXJfaWQiOjI2fQ.bm19kcVYjfR5tXLydtTprgYZU3fwDa2KKUsbMQz5CYA",
    "created_at": "2026-02-19T09:54:07.093Z",
    "expires_at": "2026-02-26T09:54:07Z"
  }
},
{
  "model": "token_blacklist.outstandingtoken",
  "pk": 102,
  "fields": {
    "user": [
      "tahamidurtaiefvendor@gmail.com"
    ],
    "jti": "52583763974e4bf0ba8fb8698dd8553e",
    "token": "eyJhbGciOiJIUzI1NiIsInR5cCI6IkpXVCJ9.eyJ0b2tlbl90eXBlIjoicmVmcmVzaCIsImV4cCI6MTc3MjI2MjExMiwiaWF0IjoxNzcxNjU3MzEyLCJqdGkiOiI1MjU4Mzc2Mzk3NGU0YmYwYmE4ZmI4Njk4ZGQ4NTUzZSIsInVzZXJfaWQiOjI2fQ.H0d0L0i8TRa6aMV1hRlD343KxDVtghMZCQ1UgzGyL9I",
    "created_at": "2026-02-21T07:01:52.284Z",
    "expires_at": "2026-02-28T07:01:52Z"
  }
},
{
  "model": "token_blacklist.outstandingtoken",
  "pk": 103,
  "fields": {
    "user": [
      "admin@gmail.com"
    ],
    "jti": "d2bb43188ff2490ca74473fe8b2f98e6",
    "token": "eyJhbGciOiJIUzI1NiIsInR5cCI6IkpXVCJ9.eyJ0b2tlbl90eXBlIjoicmVmcmVzaCIsImV4cCI6MTc3MjI2MjEyMSwiaWF0IjoxNzcxNjU3MzIxLCJqdGkiOiJkMmJiNDMxODhmZjI0OTBjYTc0NDczZmU4YjJmOThlNiIsInVzZXJfaWQiOjF9.LAFcxZT8Yb9iSm2Y83HOVaICcbSb7asQwpxQJfrIgsg",
    "created_at": "2026-02-21T07:02:01.289Z",
    "expires_at": "2026-02-28T07:02:01Z"
  }
},
{
  "model": "token_blacklist.outstandingtoken",
  "pk": 104,
  "fields": {
    "user": [
      "admin@gmail.com"
    ],
    "jti": "8092d3040e134821b0fa86418f3c443e",
    "token": "eyJhbGciOiJIUzI1NiIsInR5cCI6IkpXVCJ9.eyJ0b2tlbl90eXBlIjoicmVmcmVzaCIsImV4cCI6MTc3MjI2NTQwMCwiaWF0IjoxNzcxNjYwNjAwLCJqdGkiOiI4MDkyZDMwNDBlMTM0ODIxYjBmYTg2NDE4ZjNjNDQzZSIsInVzZXJfaWQiOjF9.gz4PzvVTOK4Ms7JzGK0bKqfJZvcMIyQt8phjHOhXP04",
    "created_at": "2026-02-21T07:56:40.117Z",
    "expires_at": "2026-02-28T07:56:40Z"
  }
},
{
  "model": "token_blacklist.outstandingtoken",
  "pk": 105,
  "fields": {
    "user": null,
    "jti": "fa800e4019324281af2c87da58e34cf9",
    "token": "eyJhbGciOiJIUzI1NiIsInR5cCI6IkpXVCJ9.eyJ0b2tlbl90eXBlIjoicmVmcmVzaCIsImV4cCI6MTc3MjI2NDU1MywiaWF0IjoxNzcxNjU5NzUzLCJqdGkiOiJmYTgwMGU0MDE5MzI0MjgxYWYyYzg3ZGE1OGUzNGNmOSIsInVzZXJfaWQiOjEsImVtYWlsIjoiYWRtaW5AZ21haWwuY29tIiwibmFtZSI6ImFkbWluIiwidXNlcl90eXBlIjoiQURNSU4ifQ.balRG0xN_H3Z8NHd1LqCQFf05Ff794-tgtLcr8khrnY",
    "created_at": null,
    "expires_at": "2026-02-28T07:42:33Z"
  }
},
{
  "model": "token_blacklist.outstandingtoken",
  "pk": 106,
  "fields": {
    "user": null,
    "jti": "d21ae0e9c62740e48d0ddbd63b51aad4",
    "token": "eyJhbGciOiJIUzI1NiIsInR5cCI6IkpXVCJ9.eyJ0b2tlbl90eXBlIjoicmVmcmVzaCIsImV4cCI6MTc3MjI2NTQ3MSwiaWF0IjoxNzcxNjYwNjcxLCJqdGkiOiJkMjFhZTBlOWM2Mjc0MGU0OGQwZGRiZDYzYjUxYWFkNCIsInVzZXJfaWQiOjEsImVtYWlsIjoiYWRtaW5AZ21haWwuY29tIiwibmFtZSI6ImFkbWluIiwidXNlcl90eXBlIjoiQURNSU4ifQ._VyTbf1GZYioTNN3P15PK9atCTyOyY4spdSBQbEn_Co",
    "created_at": null,
    "expires_at": "2026-02-28T07:57:51Z"
  }
},
{
  "model": "token_blacklist.outstandingtoken",
  "pk": 107,
  "fields": {
    "user": null,
    "jti": "01ad92cae2c54eab9cd52e59cfedeca3",
    "token": "eyJhbGciOiJIUzI1NiIsInR5cCI6IkpXVCJ9.eyJ0b2tlbl90eXBlIjoicmVmcmVzaCIsImV4cCI6MTc3MjI2NjQ0MiwiaWF0IjoxNzcxNjYxNjQyLCJqdGkiOiIwMWFkOTJjYWUyYzU0ZWFiOWNkNTJlNTljZmVkZWNhMyIsInVzZXJfaWQiOjEsImVtYWlsIjoiYWRtaW5AZ21haWwuY29tIiwibmFtZSI6ImFkbWluIiwidXNlcl90eXBlIjoiQURNSU4ifQ.ChZo4u5FE1vj4IEaOIVTZIBY2X_O10t1h5UwqJBTUOc",
    "created_at": null,
    "expires_at": "2026-02-28T08:14:02Z"
  }
},
{
  "model": "token_blacklist.outstandingtoken",
  "pk": 108,
  "fields": {
    "user": [
      "admin@gmail.com"
    ],
    "jti": "89d80520af734765bf0ce25a537d8f72",
    "token": "eyJhbGciOiJIUzI1NiIsInR5cCI6IkpXVCJ9.eyJ0b2tlbl90eXBlIjoicmVmcmVzaCIsImV4cCI6MTc3MjI2Nzc1MiwiaWF0IjoxNzcxNjYyOTUyLCJqdGkiOiI4OWQ4MDUyMGFmNzM0NzY1YmYwY2UyNWE1MzdkOGY3MiIsInVzZXJfaWQiOjF9.E2Pc_HWA4zGAhMOgUJ70iv5015Q2sdPlrDb7MJMczJE",
    "created_at": "2026-02-21T08:35:52.571Z",
    "expires_at": "2026-02-28T08:35:52Z"
  }
},
{
  "model": "token_blacklist.outstandingtoken",
  "pk": 109,
  "fields": {
    "user": [
      "admin@gmail.com"
    ],
    "jti": "1eba6108d3864e88890a04ac476a3e09",
    "token": "eyJhbGciOiJIUzI1NiIsInR5cCI6IkpXVCJ9.eyJ0b2tlbl90eXBlIjoicmVmcmVzaCIsImV4cCI6MTc3MjI2Nzc2MCwiaWF0IjoxNzcxNjYyOTYwLCJqdGkiOiIxZWJhNjEwOGQzODY0ZTg4ODkwYTA0YWM0NzZhM2UwOSIsInVzZXJfaWQiOjF9.1NWlnEsdwuo-JU0s88jXcQLYwhdEbkLc77lTi4DvgDY",
    "created_at": "2026-02-21T08:36:00.542Z",
    "expires_at": "2026-02-28T08:36:00Z"
  }
},
{
  "model": "token_blacklist.outstandingtoken",
  "pk": 110,
  "fields": {
    "user": [
      "admin@gmail.com"
    ],
    "jti": "1789ffce9c0947d28b6b1f867ac19ae5",
    "token": "eyJhbGciOiJIUzI1NiIsInR5cCI6IkpXVCJ9.eyJ0b2tlbl90eXBlIjoicmVmcmVzaCIsImV4cCI6MTc3MjI2Nzc2NywiaWF0IjoxNzcxNjYyOTY3LCJqdGkiOiIxNzg5ZmZjZTljMDk0N2QyOGI2YjFmODY3YWMxOWFlNSIsInVzZXJfaWQiOjF9.j8jYHlRbGvjRTLVx7IM9qR134XGWwZZKbrqgeYS7V8I",
    "created_at": "2026-02-21T08:36:07.655Z",
    "expires_at": "2026-02-28T08:36:07Z"
  }
},
{
  "model": "token_blacklist.outstandingtoken",
  "pk": 111,
  "fields": {
    "user": [
      "admin@gmail.com"
    ],
    "jti": "d469c79491794ddabc404e7d5b8d1eb8",
    "token": "eyJhbGciOiJIUzI1NiIsInR5cCI6IkpXVCJ9.eyJ0b2tlbl90eXBlIjoicmVmcmVzaCIsImV4cCI6MTc3MjI2Nzk3MywiaWF0IjoxNzcxNjYzMTczLCJqdGkiOiJkNDY5Yzc5NDkxNzk0ZGRhYmM0MDRlN2Q1YjhkMWViOCIsInVzZXJfaWQiOjF9.L0zOrVpkbPEC8-MzLIiW6XEdj0p-6pZ0mUZINvXr1Xk",
    "created_at": "2026-02-21T08:39:33.006Z",
    "expires_at": "2026-02-28T08:39:33Z"
  }
},
{
  "model": "token_blacklist.outstandingtoken",
  "pk": 112,
  "fields": {
    "user": null,
    "jti": "090664e50dc549c4a03f03f2855a4ab1",
    "token": "eyJhbGciOiJIUzI1NiIsInR5cCI6IkpXVCJ9.eyJ0b2tlbl90eXBlIjoicmVmcmVzaCIsImV4cCI6MTc3MjI2NzM0OSwiaWF0IjoxNzcxNjYyNTQ5LCJqdGkiOiIwOTA2NjRlNTBkYzU0OWM0YTAzZjAzZjI4NTVhNGFiMSIsInVzZXJfaWQiOjEsImVtYWlsIjoiYWRtaW5AZ21haWwuY29tIiwibmFtZSI6ImFkbWluIiwidXNlcl90eXBlIjoiQURNSU4ifQ.JLaxj94TDit-imVxLEW61yBF9wKkqtPr6Nox71raFoM",
    "created_at": null,
    "expires_at": "2026-02-28T08:29:09Z"
  }
},
{
  "model": "token_blacklist.outstandingtoken",
  "pk": 113,
  "fields": {
    "user": null,
    "jti": "fb29f6b37f6a46b39ddc9083349076e1",
    "token": "eyJhbGciOiJIUzI1NiIsInR5cCI6IkpXVCJ9.eyJ0b2tlbl90eXBlIjoicmVmcmVzaCIsImV4cCI6MTc3MjI2ODg1NiwiaWF0IjoxNzcxNjY0MDU2LCJqdGkiOiJmYjI5ZjZiMzdmNmE0NmIzOWRkYzkwODMzNDkwNzZlMSIsInVzZXJfaWQiOjEsImVtYWlsIjoiYWRtaW5AZ21haWwuY29tIiwibmFtZSI6ImFkbWluIiwidXNlcl90eXBlIjoiQURNSU4ifQ.DiPPqjHOdhkryWxhcXTdFtlkzPiJAmydTxogxnNeF5U",
    "created_at": null,
    "expires_at": "2026-02-28T08:54:16Z"
  }
},
{
  "model": "token_blacklist.outstandingtoken",
  "pk": 114,
  "fields": {
    "user": [
      "tahamidurtaiefvendor@gmail.com"
    ],
    "jti": "f69bceea08d946baa43088cdcbc6497b",
    "token": "eyJhbGciOiJIUzI1NiIsInR5cCI6IkpXVCJ9.eyJ0b2tlbl90eXBlIjoicmVmcmVzaCIsImV4cCI6MTc3MjI3MjUwMywiaWF0IjoxNzcxNjY3NzAzLCJqdGkiOiJmNjliY2VlYTA4ZDk0NmJhYTQzMDg4Y2RjYmM2NDk3YiIsInVzZXJfaWQiOjI2fQ.neZUyVyp8bGjidNU90WH8a4iAH6wxbbzALE62ZCQIVg",
    "created_at": "2026-02-21T09:55:03.208Z",
    "expires_at": "2026-02-28T09:55:03Z"
  }
},
{
  "model": "token_blacklist.outstandingtoken",
  "pk": 115,
  "fields": {
    "user": null,
    "jti": "01311ba31d124c22a7ada67050898309",
    "token": "eyJhbGciOiJIUzI1NiIsInR5cCI6IkpXVCJ9.eyJ0b2tlbl90eXBlIjoicmVmcmVzaCIsImV4cCI6MTc3MjI3MjQyOSwiaWF0IjoxNzcxNjY3NjI5LCJqdGkiOiIwMTMxMWJhMzFkMTI0YzIyYTdhZGE2NzA1MDg5ODMwOSIsInVzZXJfaWQiOjEsImVtYWlsIjoiYWRtaW5AZ21haWwuY29tIiwibmFtZSI6ImFkbWluIiwidXNlcl90eXBlIjoiQURNSU4ifQ.CVpF9caNOlEDxd7LRRtCBn_y9Rw94d3wEVHzN3XLjhw",
    "created_at": null,
    "expires_at": "2026-02-28T09:53:49Z"
  }
},
{
  "model": "token_blacklist.outstandingtoken",
  "pk": 116,
  "fields": {
    "user": [
      "admin@gmail.com"
    ],
    "jti": "153bbce7fae0494aa38885c2a1bdf479",
    "token": "eyJhbGciOiJIUzI1NiIsInR5cCI6IkpXVCJ9.eyJ0b2tlbl90eXBlIjoicmVmcmVzaCIsImV4cCI6MTc3MjUxNDgyNiwiaWF0IjoxNzcxOTEwMDI2LCJqdGkiOiIxNTNiYmNlN2ZhZTA0OTRhYTM4ODg1YzJhMWJkZjQ3OSIsInVzZXJfaWQiOjF9.1yCNfk3BkYEKCMoTMm4u_E67YIKEukhfUSza9ftniLk",
    "created_at": "2026-02-24T05:13:46.774Z",
    "expires_at": "2026-03-03T05:13:46Z"
  }
},
{
  "model": "token_blacklist.outstandingtoken",
  "pk": 117,
  "fields": {
    "user": null,
    "jti": "d3882e3000e0402c9790d519810f53a9",
    "token": "eyJhbGciOiJIUzI1NiIsInR5cCI6IkpXVCJ9.eyJ0b2tlbl90eXBlIjoicmVmcmVzaCIsImV4cCI6MTc3MjUyMDc5NCwiaWF0IjoxNzcxOTE1OTk0LCJqdGkiOiJkMzg4MmUzMDAwZTA0MDJjOTc5MGQ1MTk4MTBmNTNhOSIsInVzZXJfaWQiOjEsImVtYWlsIjoiYWRtaW5AZ21haWwuY29tIiwibmFtZSI6ImFkbWluIiwidXNlcl90eXBlIjoiQURNSU4ifQ.pKmzl4NtifpL3eCudo217gWE2kyl_4aMbXvTnsyqjzY",
    "created_at": null,
    "expires_at": "2026-03-03T06:53:14Z"
  }
},
{
  "model": "token_blacklist.outstandingtoken",
  "pk": 118,
  "fields": {
    "user": null,
    "jti": "4062e66de5564ec4b320c3ed00874797",
    "token": "eyJhbGciOiJIUzI1NiIsInR5cCI6IkpXVCJ9.eyJ0b2tlbl90eXBlIjoicmVmcmVzaCIsImV4cCI6MTc3MjUyMjMzMSwiaWF0IjoxNzcxOTE3NTMxLCJqdGkiOiI0MDYyZTY2ZGU1NTY0ZWM0YjMyMGMzZWQwMDg3NDc5NyIsInVzZXJfaWQiOjEsImVtYWlsIjoiYWRtaW5AZ21haWwuY29tIiwibmFtZSI6ImFkbWluIiwidXNlcl90eXBlIjoiQURNSU4ifQ.9k_zkeP1RxtJ-N5CW9K96SjNjBnHID_uRdJNkKhOGGU",
    "created_at": null,
    "expires_at": "2026-03-03T07:18:51Z"
  }
},
{
  "model": "token_blacklist.outstandingtoken",
  "pk": 119,
  "fields": {
    "user": null,
    "jti": "cf31923032de4c1b8c0ce4b76f094e96",
    "token": "eyJhbGciOiJIUzI1NiIsInR5cCI6IkpXVCJ9.eyJ0b2tlbl90eXBlIjoicmVmcmVzaCIsImV4cCI6MTc3MjUyNDI1NywiaWF0IjoxNzcxOTE5NDU3LCJqdGkiOiJjZjMxOTIzMDMyZGU0YzFiOGMwY2U0Yjc2ZjA5NGU5NiIsInVzZXJfaWQiOjEsImVtYWlsIjoiYWRtaW5AZ21haWwuY29tIiwibmFtZSI6ImFkbWluIiwidXNlcl90eXBlIjoiQURNSU4ifQ.wwvyMmJR2q-tOkf_97V90_gDmEvkvlpP5velsiZ6FBg",
    "created_at": null,
    "expires_at": "2026-03-03T07:50:57Z"
  }
},
{
  "model": "token_blacklist.outstandingtoken",
  "pk": 120,
  "fields": {
    "user": null,
    "jti": "a2fa9343ef8e4269a8988c4e6cfbdc1a",
    "token": "eyJhbGciOiJIUzI1NiIsInR5cCI6IkpXVCJ9.eyJ0b2tlbl90eXBlIjoicmVmcmVzaCIsImV4cCI6MTc3MjUyNjMyOSwiaWF0IjoxNzcxOTIxNTI5LCJqdGkiOiJhMmZhOTM0M2VmOGU0MjY5YTg5ODhjNGU2Y2ZiZGMxYSIsInVzZXJfaWQiOjEsImVtYWlsIjoiYWRtaW5AZ21haWwuY29tIiwibmFtZSI6ImFkbWluIiwidXNlcl90eXBlIjoiQURNSU4ifQ.O_B8uX3_wV2eg1_ZeYIo-2hrNUnwpbbeUXjJpKBZsGI",
    "created_at": null,
    "expires_at": "2026-03-03T08:25:29Z"
  }
},
{
  "model": "token_blacklist.outstandingtoken",
  "pk": 121,
  "fields": {
    "user": [
      "admin@gmail.com"
    ],
    "jti": "4ab4150079de432cad84da48ff5ed477",
    "token": "eyJhbGciOiJIUzI1NiIsInR5cCI6IkpXVCJ9.eyJ0b2tlbl90eXBlIjoicmVmcmVzaCIsImV4cCI6MTc3MjUyNzY4MywiaWF0IjoxNzcxOTIyODgzLCJqdGkiOiI0YWI0MTUwMDc5ZGU0MzJjYWQ4NGRhNDhmZjVlZDQ3NyIsInVzZXJfaWQiOjF9.jHzdvijNsglaIDI3SuK9SL8d5ReNMHFZ0kapAqQEL58",
    "created_at": "2026-02-24T08:48:03.711Z",
    "expires_at": "2026-03-03T08:48:03Z"
  }
},
{
  "model": "token_blacklist.outstandingtoken",
  "pk": 122,
  "fields": {
    "user": [
      "admin@gmail.com"
    ],
    "jti": "1fc29f6544d34cabadaf6c3dab2da438",
    "token": "eyJhbGciOiJIUzI1NiIsInR5cCI6IkpXVCJ9.eyJ0b2tlbl90eXBlIjoicmVmcmVzaCIsImV4cCI6MTc3MjUyNzIzNiwiaWF0IjoxNzcxOTIyNDM2LCJqdGkiOiIxZmMyOWY2NTQ0ZDM0Y2FiYWRhZjZjM2RhYjJkYTQzOCIsInVzZXJfaWQiOjEsImVtYWlsIjoiYWRtaW5AZ21haWwuY29tIiwibmFtZSI6ImFkbWluIiwidXNlcl90eXBlIjoiQURNSU4ifQ.DPR6RVyGz2DmjaOeYzvNzIO6lmW_8r5getPXsRLbboU",
    "created_at": "2026-02-24T08:58:34.754Z",
    "expires_at": "2026-03-03T08:40:36Z"
  }
},
{
  "model": "token_blacklist.outstandingtoken",
  "pk": 123,
  "fields": {
    "user": [
      "admin@gmail.com"
    ],
    "jti": "ca23f38fb67c44bcb09760fe3bd0af22",
    "token": "eyJhbGciOiJIUzI1NiIsInR5cCI6IkpXVCJ9.eyJ0b2tlbl90eXBlIjoicmVmcmVzaCIsImV4cCI6MTc3MjUyODMxNCwiaWF0IjoxNzcxOTIzNTE0LCJqdGkiOiJjYTIzZjM4ZmI2N2M0NGJjYjA5NzYwZmUzYmQwYWYyMiIsInVzZXJfaWQiOjEsImVtYWlsIjoiYWRtaW5AZ21haWwuY29tIiwibmFtZSI6ImFkbWluIiwidXNlcl90eXBlIjoiQURNSU4ifQ.EZsrzd87TXId2b0KP0q3NFxM8OvZROKUAJJPOgFTZLY",
    "created_at": "2026-02-24T08:58:34.754Z",
    "expires_at": "2026-03-03T08:58:34Z"
  }
},
{
  "model": "token_blacklist.outstandingtoken",
  "pk": 124,
  "fields": {
    "user": [
      "admin@gmail.com"
    ],
    "jti": "093a14d8bdd3456cbea4b5986bfc7968",
    "token": "eyJhbGciOiJIUzI1NiIsInR5cCI6IkpXVCJ9.eyJ0b2tlbl90eXBlIjoicmVmcmVzaCIsImV4cCI6MTc3MjUzMTY4NywiaWF0IjoxNzcxOTI2ODg3LCJqdGkiOiIwOTNhMTRkOGJkZDM0NTZjYmVhNGI1OTg2YmZjNzk2OCIsInVzZXJfaWQiOjEsImVtYWlsIjoiYWRtaW5AZ21haWwuY29tIiwibmFtZSI6ImFkbWluIiwidXNlcl90eXBlIjoiQURNSU4ifQ.eDdMBsFOYQ3MJKn9iiqSdIsGkSI2-vL50e4CremdhsU",
    "created_at": "2026-02-24T09:54:47.897Z",
    "expires_at": "2026-03-03T09:54:47Z"
  }
},
{
  "model": "token_blacklist.outstandingtoken",
  "pk": 125,
  "fields": {
    "user": [
      "tahamidurtaiefvendor@gmail.com"
    ],
    "jti": "ed9acabbd9a04ff6b7a5d5ddba0783f8",
    "token": "eyJhbGciOiJIUzI1NiIsInR5cCI6IkpXVCJ9.eyJ0b2tlbl90eXBlIjoicmVmcmVzaCIsImV4cCI6MTc3MjU5ODc5MSwiaWF0IjoxNzcxOTkzOTkxLCJqdGkiOiJlZDlhY2FiYmQ5YTA0ZmY2YjdhNWQ1ZGRiYTA3ODNmOCIsInVzZXJfaWQiOjI2fQ.oDzhFJGugOV3ZgpuQdqx6Uyz_C-42xcCGiMVLd4ZJGU",
    "created_at": "2026-02-25T04:33:11.560Z",
    "expires_at": "2026-03-04T04:33:11Z"
  }
},
{
  "model": "token_blacklist.outstandingtoken",
  "pk": 126,
  "fields": {
    "user": null,
    "jti": "ba6df35068764a6da7412794e53cd234",
    "token": "eyJhbGciOiJIUzI1NiIsInR5cCI6IkpXVCJ9.eyJ0b2tlbl90eXBlIjoicmVmcmVzaCIsImV4cCI6MTc3MjM1MTgyNiwiaWF0IjoxNzcxNzQ3MDI2LCJqdGkiOiJiYTZkZjM1MDY4NzY0YTZkYTc0MTI3OTRlNTNjZDIzNCIsInVzZXJfaWQiOjEsImVtYWlsIjoiYWRtaW5AZ21haWwuY29tIiwibmFtZSI6ImFkbWluIiwidXNlcl90eXBlIjoiQURNSU4ifQ.l6ApbSFdIYiViT2XOX-VwB8xxs4Myh5mp80aGLyg3X8",
    "created_at": null,
    "expires_at": "2026-03-01T07:57:06Z"
  }
},
{
  "model": "token_blacklist.outstandingtoken",
  "pk": 127,
  "fields": {
    "user": null,
    "jti": "eadcf7781ddc4acd8c54127473fee2d8",
    "token": "eyJhbGciOiJIUzI1NiIsInR5cCI6IkpXVCJ9.eyJ0b2tlbl90eXBlIjoicmVmcmVzaCIsImV4cCI6MTc3MjYwMDYyNiwiaWF0IjoxNzcxOTk1ODI2LCJqdGkiOiJlYWRjZjc3ODFkZGM0YWNkOGM1NDEyNzQ3M2ZlZTJkOCIsInVzZXJfaWQiOjEsImVtYWlsIjoiYWRtaW5AZ21haWwuY29tIiwibmFtZSI6ImFkbWluIiwidXNlcl90eXBlIjoiQURNSU4ifQ.f8OhyGcz2aBXpOm3MQX7MInAZ0J6iDXW10saVA1-TbY",
    "created_at": null,
    "expires_at": "2026-03-04T05:03:46Z"
  }
},
{
  "model": "token_blacklist.outstandingtoken",
  "pk": 128,
  "fields": {
    "user": [
      "tahamidurtaiefvendor@gmail.com"
    ],
    "jti": "083136276f284b2db2917d25faa2b1f0",
    "token": "eyJhbGciOiJIUzI1NiIsInR5cCI6IkpXVCJ9.eyJ0b2tlbl90eXBlIjoicmVmcmVzaCIsImV4cCI6MTc3MjYwMzczNiwiaWF0IjoxNzcxOTk4OTM2LCJqdGkiOiIwODMxMzYyNzZmMjg0YjJkYjI5MTdkMjVmYWEyYjFmMCIsInVzZXJfaWQiOjI2fQ.vOAfs0-2PODdSqu0xifYXl3aJ8vtZ0NQTQtiegoDkJ0",
    "created_at": "2026-02-25T05:55:36.611Z",
    "expires_at": "2026-03-04T05:55:36Z"
  }
},
{
  "model": "token_blacklist.outstandingtoken",
  "pk": 129,
  "fields": {
    "user": [
      "admin@gmail.com"
    ],
    "jti": "4fbf2f28c61c46149f14ca3d8b686aa3",
    "token": "eyJhbGciOiJIUzI1NiIsInR5cCI6IkpXVCJ9.eyJ0b2tlbl90eXBlIjoicmVmcmVzaCIsImV4cCI6MTc3MjYwNDI5MiwiaWF0IjoxNzcxOTk5NDkyLCJqdGkiOiI0ZmJmMmYyOGM2MWM0NjE0OWYxNGNhM2Q4YjY4NmFhMyIsInVzZXJfaWQiOjF9.fmJCxOwawWU3MBKMAcJdh_jog6PeR6K1ZFBAuuElK-8",
    "created_at": "2026-02-25T06:04:52.542Z",
    "expires_at": "2026-03-04T06:04:52Z"
  }
},
{
  "model": "token_blacklist.outstandingtoken",
  "pk": 130,
  "fields": {
    "user": null,
    "jti": "a828368e8bf24d57b74fea7b166be23b",
    "token": "eyJhbGciOiJIUzI1NiIsInR5cCI6IkpXVCJ9.eyJ0b2tlbl90eXBlIjoicmVmcmVzaCIsImV4cCI6MTc3MjYwNTI3MywiaWF0IjoxNzcyMDAwNDczLCJqdGkiOiJhODI4MzY4ZThiZjI0ZDU3Yjc0ZmVhN2IxNjZiZTIzYiIsInVzZXJfaWQiOjEsImVtYWlsIjoiYWRtaW5AZ21haWwuY29tIiwibmFtZSI6ImFkbWluIiwidXNlcl90eXBlIjoiQURNSU4ifQ.ZJkjxb1xuqtDWDnWIvYpZjNj_YLiLCge91wIeYUvFnM",
    "created_at": null,
    "expires_at": "2026-03-04T06:21:13Z"
  }
},
{
  "model": "token_blacklist.outstandingtoken",
  "pk": 131,
  "fields": {
    "user": null,
    "jti": "255b8519fd594869b777490dd5128562",
    "token": "eyJhbGciOiJIUzI1NiIsInR5cCI6IkpXVCJ9.eyJ0b2tlbl90eXBlIjoicmVmcmVzaCIsImV4cCI6MTc3MjYwNjE4NCwiaWF0IjoxNzcyMDAxMzg0LCJqdGkiOiIyNTViODUxOWZkNTk0ODY5Yjc3NzQ5MGRkNTEyODU2MiIsInVzZXJfaWQiOjEsImVtYWlsIjoiYWRtaW5AZ21haWwuY29tIiwibmFtZSI6ImFkbWluIiwidXNlcl90eXBlIjoiQURNSU4ifQ.OfAY70JLQxgHhm-5kxT4GTE0QO5uoW2_U5INPwJUJ7g",
    "created_at": null,
    "expires_at": "2026-03-04T06:36:24Z"
  }
},
{
  "model": "token_blacklist.outstandingtoken",
  "pk": 132,
  "fields": {
    "user": null,
    "jti": "ff5f719d1a3d4a269c31be0d92e237f0",
    "token": "eyJhbGciOiJIUzI1NiIsInR5cCI6IkpXVCJ9.eyJ0b2tlbl90eXBlIjoicmVmcmVzaCIsImV4cCI6MTc3MjYwNzA5MSwiaWF0IjoxNzcyMDAyMjkxLCJqdGkiOiJmZjVmNzE5ZDFhM2Q0YTI2OWMzMWJlMGQ5MmUyMzdmMCIsInVzZXJfaWQiOjEsImVtYWlsIjoiYWRtaW5AZ21haWwuY29tIiwibmFtZSI6ImFkbWluIiwidXNlcl90eXBlIjoiQURNSU4ifQ.6kOVCU5RNWimT_q6iz8rJPYgvBzPc6cOXK3JfGZznN4",
    "created_at": null,
    "expires_at": "2026-03-04T06:51:31Z"
  }
},
{
  "model": "token_blacklist.outstandingtoken",
  "pk": 133,
  "fields": {
    "user": null,
    "jti": "cb0468a446b74e8d9cf8ca64ab52e5ce",
    "token": "eyJhbGciOiJIUzI1NiIsInR5cCI6IkpXVCJ9.eyJ0b2tlbl90eXBlIjoicmVmcmVzaCIsImV4cCI6MTc3MjYwODAyMiwiaWF0IjoxNzcyMDAzMjIyLCJqdGkiOiJjYjA0NjhhNDQ2Yjc0ZThkOWNmOGNhNjRhYjUyZTVjZSIsInVzZXJfaWQiOjEsImVtYWlsIjoiYWRtaW5AZ21haWwuY29tIiwibmFtZSI6ImFkbWluIiwidXNlcl90eXBlIjoiQURNSU4ifQ.nCGXwUR82YLKQhUcCRk0Ijx6oTDVLOpichIOTtHBy94",
    "created_at": null,
    "expires_at": "2026-03-04T07:07:02Z"
  }
},
{
  "model": "token_blacklist.outstandingtoken",
  "pk": 134,
  "fields": {
    "user": [
      "tahamidurtaiefvendor@gmail.com"
    ],
    "jti": "dc3af80dcc6a4e148c45a26b067fa185",
    "token": "eyJhbGciOiJIUzI1NiIsInR5cCI6IkpXVCJ9.eyJ0b2tlbl90eXBlIjoicmVmcmVzaCIsImV4cCI6MTc3MjYwOTA1OSwiaWF0IjoxNzcyMDA0MjU5LCJqdGkiOiJkYzNhZjgwZGNjNmE0ZTE0OGM0NWEyNmIwNjdmYTE4NSIsInVzZXJfaWQiOjI2fQ.Inr2CBFSxzgvaMWEyK9KKqH3AoFrVg-iswVjfvR4RUA",
    "created_at": "2026-02-25T07:24:19.962Z",
    "expires_at": "2026-03-04T07:24:19Z"
  }
},
{
  "model": "token_blacklist.outstandingtoken",
  "pk": 135,
  "fields": {
    "user": [
      "tahamidurtaiefvendor@gmail.com"
    ],
    "jti": "fa9a8df914704802bd5a853eb2008de2",
    "token": "eyJhbGciOiJIUzI1NiIsInR5cCI6IkpXVCJ9.eyJ0b2tlbl90eXBlIjoicmVmcmVzaCIsImV4cCI6MTc3MzMwMjA0OCwiaWF0IjoxNzcyNjk3MjQ4LCJqdGkiOiJmYTlhOGRmOTE0NzA0ODAyYmQ1YTg1M2ViMjAwOGRlMiIsInVzZXJfaWQiOjI2fQ.QzYWpdg0UNQKRRrhWdsFAxw3SLHGDWyL69Gdnd2yYxI",
    "created_at": "2026-03-05T07:54:08.868Z",
    "expires_at": "2026-03-12T07:54:08Z"
  }
},
{
  "model": "token_blacklist.outstandingtoken",
  "pk": 136,
  "fields": {
    "user": [
      "tahamidurtaiefvendor@gmail.com"
    ],
    "jti": "3f82546049b64b8d8c3a79c80fca670c",
    "token": "eyJhbGciOiJIUzI1NiIsInR5cCI6IkpXVCJ9.eyJ0b2tlbl90eXBlIjoicmVmcmVzaCIsImV4cCI6MTc3MzMwMjEzNiwiaWF0IjoxNzcyNjk3MzM2LCJqdGkiOiIzZjgyNTQ2MDQ5YjY0YjhkOGMzYTc5YzgwZmNhNjcwYyIsInVzZXJfaWQiOjI2fQ.R9Y1EZ-Fb1sTSYuH45kgFUrx5LL8Bf1RpiN9ujZZOvM",
    "created_at": "2026-03-05T07:55:36.443Z",
    "expires_at": "2026-03-12T07:55:36Z"
  }
},
{
  "model": "token_blacklist.outstandingtoken",
  "pk": 137,
  "fields": {
    "user": [
      "admin@gmail.com"
    ],
    "jti": "99b137c74b2242b0bd5efa9b1bb5fab7",
    "token": "eyJhbGciOiJIUzI1NiIsInR5cCI6IkpXVCJ9.eyJ0b2tlbl90eXBlIjoicmVmcmVzaCIsImV4cCI6MTc3MzMwMjE2MCwiaWF0IjoxNzcyNjk3MzYwLCJqdGkiOiI5OWIxMzdjNzRiMjI0MmIwYmQ1ZWZhOWIxYmI1ZmFiNyIsInVzZXJfaWQiOjF9.z_CRpPRg0AJabTklFT7E_6RyoUo4Wssu6Z3hlwMF75c",
    "created_at": "2026-03-05T07:56:00.870Z",
    "expires_at": "2026-03-12T07:56:00Z"
  }
},
{
  "model": "token_blacklist.outstandingtoken",
  "pk": 138,
  "fields": {
    "user": null,
    "jti": "9eaf3459d76846debf8be298aa642da6",
    "token": "eyJhbGciOiJIUzI1NiIsInR5cCI6IkpXVCJ9.eyJ0b2tlbl90eXBlIjoicmVmcmVzaCIsImV4cCI6MTc3MzI5NDc3OCwiaWF0IjoxNzcyNjg5OTc4LCJqdGkiOiI5ZWFmMzQ1OWQ3Njg0NmRlYmY4YmUyOThhYTY0MmRhNiIsInVzZXJfaWQiOjI2LCJlbWFpbCI6InRhaGFtaWR1cnRhaWVmdmVuZG9yQGdtYWlsLmNvbSIsIm5hbWUiOiJUYWhhbWlkdXIgUmFobWFuIFRhaWVmIiwidXNlcl90eXBlIjoiVkVORE9SIn0.HaNXNjbRAf3hmPwgiEeSNHeRjAJp7P0bNi1nWMctfAA",
    "created_at": null,
    "expires_at": "2026-03-12T05:52:58Z"
  }
},
{
  "model": "token_blacklist.outstandingtoken",
  "pk": 139,
  "fields": {
    "user": [
      "admin@gmail.com"
    ],
    "jti": "aea9327ae3254008b330e372511ef951",
    "token": "eyJhbGciOiJIUzI1NiIsInR5cCI6IkpXVCJ9.eyJ0b2tlbl90eXBlIjoicmVmcmVzaCIsImV4cCI6MTc3NTc0Njc1MSwiaWF0IjoxNzc1MTQxOTUxLCJqdGkiOiJhZWE5MzI3YWUzMjU0MDA4YjMzMGUzNzI1MTFlZjk1MSIsInVzZXJfaWQiOjF9.JfVPTMQgsPAFPH1pdkAwQuADciXBI2bIph7rRuSqOvk",
    "created_at": "2026-04-02T14:59:11.197Z",
    "expires_at": "2026-04-09T14:59:11Z"
  }
},
{
  "model": "token_blacklist.outstandingtoken",
  "pk": 140,
  "fields": {
    "user": [
      "admin@gmail.com"
    ],
    "jti": "da1fffc07786438bab7c0120e7614c54",
    "token": "eyJhbGciOiJIUzI1NiIsInR5cCI6IkpXVCJ9.eyJ0b2tlbl90eXBlIjoicmVmcmVzaCIsImV4cCI6MTc3NTc0ODY1MywiaWF0IjoxNzc1MTQzODUzLCJqdGkiOiJkYTFmZmZjMDc3ODY0MzhiYWI3YzAxMjBlNzYxNGM1NCIsInVzZXJfaWQiOjF9.GA4I-z_FuVvU2AHJ_HrTA14EDzOIVAI_ZtbJLSlJRxI",
    "created_at": "2026-04-02T15:30:53.897Z",
    "expires_at": "2026-04-09T15:30:53Z"
  }
},
{
  "model": "token_blacklist.outstandingtoken",
  "pk": 141,
  "fields": {
    "user": [
      "admin@gmail.com"
    ],
    "jti": "2a9d8d2123bd4d0bacb1c8373d05346a",
    "token": "eyJhbGciOiJIUzI1NiIsInR5cCI6IkpXVCJ9.eyJ0b2tlbl90eXBlIjoicmVmcmVzaCIsImV4cCI6MTc3NTc0ODY1OCwiaWF0IjoxNzc1MTQzODU4LCJqdGkiOiIyYTlkOGQyMTIzYmQ0ZDBiYWNiMWM4MzczZDA1MzQ2YSIsInVzZXJfaWQiOjF9._TQ-R09a9hSPelWrEObBZjLEuz2J69qsGRxMAQO9Fbc",
    "created_at": "2026-04-02T15:30:58.090Z",
    "expires_at": "2026-04-09T15:30:58Z"
  }
},
{
  "model": "token_blacklist.outstandingtoken",
  "pk": 142,
  "fields": {
    "user": [
      "admin@gmail.com"
    ],
    "jti": "bac6bab86429464aa8b7d942eaed6ea0",
    "token": "eyJhbGciOiJIUzI1NiIsInR5cCI6IkpXVCJ9.eyJ0b2tlbl90eXBlIjoicmVmcmVzaCIsImV4cCI6MTc3NTc1MDIwOCwiaWF0IjoxNzc1MTQ1NDA4LCJqdGkiOiJiYWM2YmFiODY0Mjk0NjRhYThiN2Q5NDJlYWVkNmVhMCIsInVzZXJfaWQiOjF9.-ma4-qu2pqEG0O0rgFiHXonMoNP49tv5EgrrsXdMw4k",
    "created_at": "2026-04-02T15:56:48.329Z",
    "expires_at": "2026-04-09T15:56:48Z"
  }
},
{
  "model": "token_blacklist.outstandingtoken",
  "pk": 143,
  "fields": {
    "user": [
      "admin@gmail.com"
    ],
    "jti": "63142ed44c7c421592840ac7e0a44347",
    "token": "eyJhbGciOiJIUzI1NiIsInR5cCI6IkpXVCJ9.eyJ0b2tlbl90eXBlIjoicmVmcmVzaCIsImV4cCI6MTc3NTg4ODY1OSwiaWF0IjoxNzc1MjgzODU5LCJqdGkiOiI2MzE0MmVkNDRjN2M0MjE1OTI4NDBhYzdlMGE0NDM0NyIsInVzZXJfaWQiOjF9.O5dineIPpZrB3CuAV0XVsus4F6NDFdApJOwpqM6wm3s",
    "created_at": "2026-04-04T06:24:19.617Z",
    "expires_at": "2026-04-11T06:24:19Z"
  }
},
{
  "model": "token_blacklist.outstandingtoken",
  "pk": 144,
  "fields": {
    "user": [
      "admin@gmail.com"
    ],
    "jti": "c2aeb0c6fe0c4e91a0f5a8b873fd0324",
    "token": "eyJhbGciOiJIUzI1NiIsInR5cCI6IkpXVCJ9.eyJ0b2tlbl90eXBlIjoicmVmcmVzaCIsImV4cCI6MTc3NTg4ODY3MywiaWF0IjoxNzc1MjgzODczLCJqdGkiOiJjMmFlYjBjNmZlMGM0ZTkxYTBmNWE4Yjg3M2ZkMDMyNCIsInVzZXJfaWQiOjF9.6Wtc42POcrxeXRHYBNUbBhKpT1rk7qDcSQtwN_v0ueI",
    "created_at": "2026-04-04T06:24:33.656Z",
    "expires_at": "2026-04-11T06:24:33Z"
  }
},
{
  "model": "token_blacklist.outstandingtoken",
  "pk": 145,
  "fields": {
    "user": null,
    "jti": "9bfc8e5a2841468f921bf1b31acdb0dd",
    "token": "eyJhbGciOiJIUzI1NiIsInR5cCI6IkpXVCJ9.eyJ0b2tlbl90eXBlIjoicmVmcmVzaCIsImV4cCI6MTc3NTg4ODQ0MywiaWF0IjoxNzc1MjgzNjQzLCJqdGkiOiI5YmZjOGU1YTI4NDE0NjhmOTIxYmYxYjMxYWNkYjBkZCIsInVzZXJfaWQiOjEsImVtYWlsIjoiYWRtaW5AZ21haWwuY29tIiwibmFtZSI6ImFkbWluIiwidXNlcl90eXBlIjoiQURNSU4ifQ.3qIYX25SE0nvDnyhGfjNmv7UXsTiCGoQHrt7pMZ9L8s",
    "created_at": null,
    "expires_at": "2026-04-11T06:20:43Z"
  }
},
{
  "model": "token_blacklist.outstandingtoken",
  "pk": 146,
  "fields": {
    "user": null,
    "jti": "0dab8b032565423b83bd1c5e349b49af",
    "token": "eyJhbGciOiJIUzI1NiIsInR5cCI6IkpXVCJ9.eyJ0b2tlbl90eXBlIjoicmVmcmVzaCIsImV4cCI6MTc3NTg5MjA0OSwiaWF0IjoxNzc1Mjg3MjQ5LCJqdGkiOiIwZGFiOGIwMzI1NjU0MjNiODNiZDFjNWUzNDliNDlhZiIsInVzZXJfaWQiOjEsImVtYWlsIjoiYWRtaW5AZ21haWwuY29tIiwibmFtZSI6ImFkbWluIiwidXNlcl90eXBlIjoiQURNSU4ifQ.2_RT-b8rsWk_mTYpIS5FrnV_DgNyZT4N3CTFfXEDh5E",
    "created_at": null,
    "expires_at": "2026-04-11T07:20:49Z"
  }
},
{
  "model": "token_blacklist.outstandingtoken",
  "pk": 147,
  "fields": {
    "user": null,
    "jti": "ab065b62a04849ab855d75a264c6c5a4",
    "token": "eyJhbGciOiJIUzI1NiIsInR5cCI6IkpXVCJ9.eyJ0b2tlbl90eXBlIjoicmVmcmVzaCIsImV4cCI6MTc3NTg5MjI3NiwiaWF0IjoxNzc1Mjg3NDc2LCJqdGkiOiJhYjA2NWI2MmEwNDg0OWFiODU1ZDc1YTI2NGM2YzVhNCIsInVzZXJfaWQiOjEsImVtYWlsIjoiYWRtaW5AZ21haWwuY29tIiwibmFtZSI6ImFkbWluIiwidXNlcl90eXBlIjoiQURNSU4ifQ.ol-UY4f4UeS1QSRBweWST7LULjN6AjjVvOMaotvxhvM",
    "created_at": null,
    "expires_at": "2026-04-11T07:24:36Z"
  }
},
{
  "model": "token_blacklist.outstandingtoken",
  "pk": 148,
  "fields": {
    "user": null,
    "jti": "4dca998fc2df4486ba5e673dd87e541d",
    "token": "eyJhbGciOiJIUzI1NiIsInR5cCI6IkpXVCJ9.eyJ0b2tlbl90eXBlIjoicmVmcmVzaCIsImV4cCI6MTc3NTg5NzIyNSwiaWF0IjoxNzc1MjkyNDI1LCJqdGkiOiI0ZGNhOTk4ZmMyZGY0NDg2YmE1ZTY3M2RkODdlNTQxZCIsInVzZXJfaWQiOjEsImVtYWlsIjoiYWRtaW5AZ21haWwuY29tIiwibmFtZSI6ImFkbWluIiwidXNlcl90eXBlIjoiQURNSU4ifQ.SE0cB02GmqV-ux8KCJJunPeRU8dRamo2WpWvZeFz8t4",
    "created_at": null,
    "expires_at": "2026-04-11T08:47:05Z"
  }
},
{
  "model": "token_blacklist.outstandingtoken",
  "pk": 149,
  "fields": {
    "user": null,
    "jti": "4033d16365fd4f2b8fd15199c41a9a0b",
    "token": "eyJhbGciOiJIUzI1NiIsInR5cCI6IkpXVCJ9.eyJ0b2tlbl90eXBlIjoicmVmcmVzaCIsImV4cCI6MTc3NTg5NzIyNSwiaWF0IjoxNzc1MjkyNDI1LCJqdGkiOiI0MDMzZDE2MzY1ZmQ0ZjJiOGZkMTUxOTljNDFhOWEwYiIsInVzZXJfaWQiOjEsImVtYWlsIjoiYWRtaW5AZ21haWwuY29tIiwibmFtZSI6ImFkbWluIiwidXNlcl90eXBlIjoiQURNSU4ifQ.6D08IFWLfNxxd1WPfnxFHLcVdPtfn1TrWrpCktA_WxQ",
    "created_at": null,
    "expires_at": "2026-04-11T08:47:05Z"
  }
},
{
  "model": "token_blacklist.outstandingtoken",
  "pk": 150,
  "fields": {
    "user": null,
    "jti": "d39ead66004442bbabccbdc9fa28fcc5",
    "token": "eyJhbGciOiJIUzI1NiIsInR5cCI6IkpXVCJ9.eyJ0b2tlbl90eXBlIjoicmVmcmVzaCIsImV4cCI6MTc3NTg5NzIyNSwiaWF0IjoxNzc1MjkyNDI1LCJqdGkiOiJkMzllYWQ2NjAwNDQ0MmJiYWJjY2JkYzlmYTI4ZmNjNSIsInVzZXJfaWQiOjEsImVtYWlsIjoiYWRtaW5AZ21haWwuY29tIiwibmFtZSI6ImFkbWluIiwidXNlcl90eXBlIjoiQURNSU4ifQ.gbKvNsPbt16LEO2JWEVVSYIb85vnA14K64vcx29kVQY",
    "created_at": null,
    "expires_at": "2026-04-11T08:47:05Z"
  }
},
{
  "model": "token_blacklist.outstandingtoken",
  "pk": 151,
  "fields": {
    "user": null,
    "jti": "44f03e8e50a04d91b7f2aab48455e3cf",
    "token": "eyJhbGciOiJIUzI1NiIsInR5cCI6IkpXVCJ9.eyJ0b2tlbl90eXBlIjoicmVmcmVzaCIsImV4cCI6MTc3NTg5NzIyNSwiaWF0IjoxNzc1MjkyNDI1LCJqdGkiOiI0NGYwM2U4ZTUwYTA0ZDkxYjdmMmFhYjQ4NDU1ZTNjZiIsInVzZXJfaWQiOjEsImVtYWlsIjoiYWRtaW5AZ21haWwuY29tIiwibmFtZSI6ImFkbWluIiwidXNlcl90eXBlIjoiQURNSU4ifQ.MTgLEkvXJbhkTcxX9Z6MoanmpaJi-RkVbpUXb-OMyK4",
    "created_at": null,
    "expires_at": "2026-04-11T08:47:05Z"
  }
},
{
  "model": "token_blacklist.outstandingtoken",
  "pk": 152,
  "fields": {
    "user": null,
    "jti": "a20f784d430947dc972c8436293423b8",
    "token": "eyJhbGciOiJIUzI1NiIsInR5cCI6IkpXVCJ9.eyJ0b2tlbl90eXBlIjoicmVmcmVzaCIsImV4cCI6MTc3NTg5NzIyNSwiaWF0IjoxNzc1MjkyNDI1LCJqdGkiOiJhMjBmNzg0ZDQzMDk0N2RjOTcyYzg0MzYyOTM0MjNiOCIsInVzZXJfaWQiOjEsImVtYWlsIjoiYWRtaW5AZ21haWwuY29tIiwibmFtZSI6ImFkbWluIiwidXNlcl90eXBlIjoiQURNSU4ifQ.wW5noUzmxb2ugy5315OeHlsIf8hhhheV67tL1aMARMM",
    "created_at": null,
    "expires_at": "2026-04-11T08:47:05Z"
  }
},
{
  "model": "token_blacklist.outstandingtoken",
  "pk": 153,
  "fields": {
    "user": null,
    "jti": "eb32d7db0bec48a794bf2ef4b88ce600",
    "token": "eyJhbGciOiJIUzI1NiIsInR5cCI6IkpXVCJ9.eyJ0b2tlbl90eXBlIjoicmVmcmVzaCIsImV4cCI6MTc3NTg5NzIyNSwiaWF0IjoxNzc1MjkyNDI1LCJqdGkiOiJlYjMyZDdkYjBiZWM0OGE3OTRiZjJlZjRiODhjZTYwMCIsInVzZXJfaWQiOjEsImVtYWlsIjoiYWRtaW5AZ21haWwuY29tIiwibmFtZSI6ImFkbWluIiwidXNlcl90eXBlIjoiQURNSU4ifQ.F9zOqSSNs72CqduHq99qJZtR0KT5j81npVpUY-nFMF8",
    "created_at": null,
    "expires_at": "2026-04-11T08:47:05Z"
  }
},
{
  "model": "token_blacklist.outstandingtoken",
  "pk": 154,
  "fields": {
    "user": null,
    "jti": "5763332e75444308aee93e73ba562e83",
    "token": "eyJhbGciOiJIUzI1NiIsInR5cCI6IkpXVCJ9.eyJ0b2tlbl90eXBlIjoicmVmcmVzaCIsImV4cCI6MTc3NTg5NzIyNSwiaWF0IjoxNzc1MjkyNDI1LCJqdGkiOiI1NzYzMzMyZTc1NDQ0MzA4YWVlOTNlNzNiYTU2MmU4MyIsInVzZXJfaWQiOjEsImVtYWlsIjoiYWRtaW5AZ21haWwuY29tIiwibmFtZSI6ImFkbWluIiwidXNlcl90eXBlIjoiQURNSU4ifQ.AyAfiWxEGJwFWgU1_57dZMoITj0dBcc2J79Im5JsnKY",
    "created_at": null,
    "expires_at": "2026-04-11T08:47:05Z"
  }
},
{
  "model": "token_blacklist.outstandingtoken",
  "pk": 155,
  "fields": {
    "user": null,
    "jti": "515786ccf0184a5d850af66a33de1f62",
    "token": "eyJhbGciOiJIUzI1NiIsInR5cCI6IkpXVCJ9.eyJ0b2tlbl90eXBlIjoicmVmcmVzaCIsImV4cCI6MTc3NTg5NzIyNSwiaWF0IjoxNzc1MjkyNDI1LCJqdGkiOiI1MTU3ODZjY2YwMTg0YTVkODUwYWY2NmEzM2RlMWY2MiIsInVzZXJfaWQiOjEsImVtYWlsIjoiYWRtaW5AZ21haWwuY29tIiwibmFtZSI6ImFkbWluIiwidXNlcl90eXBlIjoiQURNSU4ifQ.HOQVWPdscSrCXQtG8VfJZsfgzOm4h8NV5ERbieOex1s",
    "created_at": null,
    "expires_at": "2026-04-11T08:47:05Z"
  }
},
{
  "model": "token_blacklist.outstandingtoken",
  "pk": 156,
  "fields": {
    "user": null,
    "jti": "45400f0d9484458c8168deea8a943549",
    "token": "eyJhbGciOiJIUzI1NiIsInR5cCI6IkpXVCJ9.eyJ0b2tlbl90eXBlIjoicmVmcmVzaCIsImV4cCI6MTc3NTg5NzIyNSwiaWF0IjoxNzc1MjkyNDI1LCJqdGkiOiI0NTQwMGYwZDk0ODQ0NThjODE2OGRlZWE4YTk0MzU0OSIsInVzZXJfaWQiOjEsImVtYWlsIjoiYWRtaW5AZ21haWwuY29tIiwibmFtZSI6ImFkbWluIiwidXNlcl90eXBlIjoiQURNSU4ifQ.hhvBzKXiEiQFcmmUysRbwS4HauhAzr54MhyzBUGkaHM",
    "created_at": null,
    "expires_at": "2026-04-11T08:47:05Z"
  }
},
{
  "model": "token_blacklist.outstandingtoken",
  "pk": 157,
  "fields": {
    "user": null,
    "jti": "5566ca1ade4b4ac49dc0481ecbda093b",
    "token": "eyJhbGciOiJIUzI1NiIsInR5cCI6IkpXVCJ9.eyJ0b2tlbl90eXBlIjoicmVmcmVzaCIsImV4cCI6MTc3NTg5NzIyNSwiaWF0IjoxNzc1MjkyNDI1LCJqdGkiOiI1NTY2Y2ExYWRlNGI0YWM0OWRjMDQ4MWVjYmRhMDkzYiIsInVzZXJfaWQiOjEsImVtYWlsIjoiYWRtaW5AZ21haWwuY29tIiwibmFtZSI6ImFkbWluIiwidXNlcl90eXBlIjoiQURNSU4ifQ.aN0qXoTOtQ800Q4ovltwzNWe8Yhz5QzoyXzg4-6RW4o",
    "created_at": null,
    "expires_at": "2026-04-11T08:47:05Z"
  }
},
{
  "model": "token_blacklist.outstandingtoken",
  "pk": 158,
  "fields": {
    "user": null,
    "jti": "b8d89530ed4e439fa74524a905d34c2f",
    "token": "eyJhbGciOiJIUzI1NiIsInR5cCI6IkpXVCJ9.eyJ0b2tlbl90eXBlIjoicmVmcmVzaCIsImV4cCI6MTc3NTg5NzIyNiwiaWF0IjoxNzc1MjkyNDI2LCJqdGkiOiJiOGQ4OTUzMGVkNGU0MzlmYTc0NTI0YTkwNWQzNGMyZiIsInVzZXJfaWQiOjEsImVtYWlsIjoiYWRtaW5AZ21haWwuY29tIiwibmFtZSI6ImFkbWluIiwidXNlcl90eXBlIjoiQURNSU4ifQ.i-p4HUpBrxlFsWudZK--JV9g6EfX2v8A0oOBEOp9QaU",
    "created_at": null,
    "expires_at": "2026-04-11T08:47:06Z"
  }
},
{
  "model": "token_blacklist.outstandingtoken",
  "pk": 159,
  "fields": {
    "user": null,
    "jti": "f6cc7b5533c14983b4fdbde7dd2677e5",
    "token": "eyJhbGciOiJIUzI1NiIsInR5cCI6IkpXVCJ9.eyJ0b2tlbl90eXBlIjoicmVmcmVzaCIsImV4cCI6MTc3NTg5NzIyNiwiaWF0IjoxNzc1MjkyNDI2LCJqdGkiOiJmNmNjN2I1NTMzYzE0OTgzYjRmZGJkZTdkZDI2NzdlNSIsInVzZXJfaWQiOjEsImVtYWlsIjoiYWRtaW5AZ21haWwuY29tIiwibmFtZSI6ImFkbWluIiwidXNlcl90eXBlIjoiQURNSU4ifQ.XUGY7qryCP-uNB1sA1QX3c4srfG53MebmGakTOP8pP4",
    "created_at": null,
    "expires_at": "2026-04-11T08:47:06Z"
  }
},
{
  "model": "token_blacklist.outstandingtoken",
  "pk": 160,
  "fields": {
    "user": null,
    "jti": "2a8bdfbe8c064f1fa0431e87c8996c3a",
    "token": "eyJhbGciOiJIUzI1NiIsInR5cCI6IkpXVCJ9.eyJ0b2tlbl90eXBlIjoicmVmcmVzaCIsImV4cCI6MTc3NTg5NzIyNiwiaWF0IjoxNzc1MjkyNDI2LCJqdGkiOiIyYThiZGZiZThjMDY0ZjFmYTA0MzFlODdjODk5NmMzYSIsInVzZXJfaWQiOjEsImVtYWlsIjoiYWRtaW5AZ21haWwuY29tIiwibmFtZSI6ImFkbWluIiwidXNlcl90eXBlIjoiQURNSU4ifQ.CkPt4ynlaRDOqy7ROfuCwXhNE0Ul3s-93ZENqN2m4OQ",
    "created_at": null,
    "expires_at": "2026-04-11T08:47:06Z"
  }
},
{
  "model": "token_blacklist.outstandingtoken",
  "pk": 161,
  "fields": {
    "user": null,
    "jti": "0b4de5950bdd4d2f8467bff0122cf9f0",
    "token": "eyJhbGciOiJIUzI1NiIsInR5cCI6IkpXVCJ9.eyJ0b2tlbl90eXBlIjoicmVmcmVzaCIsImV4cCI6MTc3NTg5NzIyNiwiaWF0IjoxNzc1MjkyNDI2LCJqdGkiOiIwYjRkZTU5NTBiZGQ0ZDJmODQ2N2JmZjAxMjJjZjlmMCIsInVzZXJfaWQiOjEsImVtYWlsIjoiYWRtaW5AZ21haWwuY29tIiwibmFtZSI6ImFkbWluIiwidXNlcl90eXBlIjoiQURNSU4ifQ.gi4NdCCxb9jKYWLQJ_y2V54EnYvfFEx9f2l8AiDdsWo",
    "created_at": null,
    "expires_at": "2026-04-11T08:47:06Z"
  }
},
{
  "model": "token_blacklist.outstandingtoken",
  "pk": 162,
  "fields": {
    "user": null,
    "jti": "6ea9b341c02e44658299636ca784539f",
    "token": "eyJhbGciOiJIUzI1NiIsInR5cCI6IkpXVCJ9.eyJ0b2tlbl90eXBlIjoicmVmcmVzaCIsImV4cCI6MTc3NTg5NzIyNiwiaWF0IjoxNzc1MjkyNDI2LCJqdGkiOiI2ZWE5YjM0MWMwMmU0NDY1ODI5OTYzNmNhNzg0NTM5ZiIsInVzZXJfaWQiOjEsImVtYWlsIjoiYWRtaW5AZ21haWwuY29tIiwibmFtZSI6ImFkbWluIiwidXNlcl90eXBlIjoiQURNSU4ifQ.6vyhFlVqhwQXyJLctgDP8uo8LNmpugD2KzRUoYcWPCU",
    "created_at": null,
    "expires_at": "2026-04-11T08:47:06Z"
  }
},
{
  "model": "token_blacklist.outstandingtoken",
  "pk": 163,
  "fields": {
    "user": null,
    "jti": "19d09f1400fd4013850a467c454e6985",
    "token": "eyJhbGciOiJIUzI1NiIsInR5cCI6IkpXVCJ9.eyJ0b2tlbl90eXBlIjoicmVmcmVzaCIsImV4cCI6MTc3NTg5NzIyNiwiaWF0IjoxNzc1MjkyNDI2LCJqdGkiOiIxOWQwOWYxNDAwZmQ0MDEzODUwYTQ2N2M0NTRlNjk4NSIsInVzZXJfaWQiOjEsImVtYWlsIjoiYWRtaW5AZ21haWwuY29tIiwibmFtZSI6ImFkbWluIiwidXNlcl90eXBlIjoiQURNSU4ifQ.itDBDxCKYfedaZjp9xJw3CeDLwB4LI420vbWz0zBa58",
    "created_at": null,
    "expires_at": "2026-04-11T08:47:06Z"
  }
},
{
  "model": "token_blacklist.outstandingtoken",
  "pk": 164,
  "fields": {
    "user": null,
    "jti": "86c01a3f460247888db6eaf865326210",
    "token": "eyJhbGciOiJIUzI1NiIsInR5cCI6IkpXVCJ9.eyJ0b2tlbl90eXBlIjoicmVmcmVzaCIsImV4cCI6MTc3NTg5NzIyNiwiaWF0IjoxNzc1MjkyNDI2LCJqdGkiOiI4NmMwMWEzZjQ2MDI0Nzg4OGRiNmVhZjg2NTMyNjIxMCIsInVzZXJfaWQiOjEsImVtYWlsIjoiYWRtaW5AZ21haWwuY29tIiwibmFtZSI6ImFkbWluIiwidXNlcl90eXBlIjoiQURNSU4ifQ.uvQIISIJHYGYhwJnpqIuSH6LLmtJ7yiP6pnc_FBksBQ",
    "created_at": null,
    "expires_at": "2026-04-11T08:47:06Z"
  }
},
{
  "model": "token_blacklist.outstandingtoken",
  "pk": 165,
  "fields": {
    "user": null,
    "jti": "d8298a1c769f4548b9cb64643eed4d32",
    "token": "eyJhbGciOiJIUzI1NiIsInR5cCI6IkpXVCJ9.eyJ0b2tlbl90eXBlIjoicmVmcmVzaCIsImV4cCI6MTc3NTg5NzIyNiwiaWF0IjoxNzc1MjkyNDI2LCJqdGkiOiJkODI5OGExYzc2OWY0NTQ4YjljYjY0NjQzZWVkNGQzMiIsInVzZXJfaWQiOjEsImVtYWlsIjoiYWRtaW5AZ21haWwuY29tIiwibmFtZSI6ImFkbWluIiwidXNlcl90eXBlIjoiQURNSU4ifQ.oJ9SYhO_FzF0iP30Kf4ANYFS8Er_-2TcUn5No4dFpE4",
    "created_at": null,
    "expires_at": "2026-04-11T08:47:06Z"
  }
},
{
  "model": "token_blacklist.outstandingtoken",
  "pk": 166,
  "fields": {
    "user": null,
    "jti": "0f595d7f74e64d3799f73adc9b1f556f",
    "token": "eyJhbGciOiJIUzI1NiIsInR5cCI6IkpXVCJ9.eyJ0b2tlbl90eXBlIjoicmVmcmVzaCIsImV4cCI6MTc3NTg5NzIyNiwiaWF0IjoxNzc1MjkyNDI2LCJqdGkiOiIwZjU5NWQ3Zjc0ZTY0ZDM3OTlmNzNhZGM5YjFmNTU2ZiIsInVzZXJfaWQiOjEsImVtYWlsIjoiYWRtaW5AZ21haWwuY29tIiwibmFtZSI6ImFkbWluIiwidXNlcl90eXBlIjoiQURNSU4ifQ.Wz2nUH83yS3n7dODBNmJ8-3DRKjDye4wi9mmYgKP1-w",
    "created_at": null,
    "expires_at": "2026-04-11T08:47:06Z"
  }
},
{
  "model": "token_blacklist.outstandingtoken",
  "pk": 167,
  "fields": {
    "user": null,
    "jti": "d77ff0968b7847ad894f3fde8c2d5c23",
    "token": "eyJhbGciOiJIUzI1NiIsInR5cCI6IkpXVCJ9.eyJ0b2tlbl90eXBlIjoicmVmcmVzaCIsImV4cCI6MTc3NTg5NzIyNiwiaWF0IjoxNzc1MjkyNDI2LCJqdGkiOiJkNzdmZjA5NjhiNzg0N2FkODk0ZjNmZGU4YzJkNWMyMyIsInVzZXJfaWQiOjEsImVtYWlsIjoiYWRtaW5AZ21haWwuY29tIiwibmFtZSI6ImFkbWluIiwidXNlcl90eXBlIjoiQURNSU4ifQ.kSUyw2r_WUIYw5oegPl8_5V3HAL0qBNa5xIEyBr9gzM",
    "created_at": null,
    "expires_at": "2026-04-11T08:47:06Z"
  }
},
{
  "model": "token_blacklist.outstandingtoken",
  "pk": 168,
  "fields": {
    "user": null,
    "jti": "748af09aa4de46768f6f78d9f04474eb",
    "token": "eyJhbGciOiJIUzI1NiIsInR5cCI6IkpXVCJ9.eyJ0b2tlbl90eXBlIjoicmVmcmVzaCIsImV4cCI6MTc3NTg5NzIyNiwiaWF0IjoxNzc1MjkyNDI2LCJqdGkiOiI3NDhhZjA5YWE0ZGU0Njc2OGY2Zjc4ZDlmMDQ0NzRlYiIsInVzZXJfaWQiOjEsImVtYWlsIjoiYWRtaW5AZ21haWwuY29tIiwibmFtZSI6ImFkbWluIiwidXNlcl90eXBlIjoiQURNSU4ifQ.4skRpH28RYRO2yuLtU1KKf3b_ZWsKWxUBI-yNbzpFSI",
    "created_at": null,
    "expires_at": "2026-04-11T08:47:06Z"
  }
},
{
  "model": "token_blacklist.outstandingtoken",
  "pk": 169,
  "fields": {
    "user": null,
    "jti": "0cd7c1f11e7049659d8d234edd370276",
    "token": "eyJhbGciOiJIUzI1NiIsInR5cCI6IkpXVCJ9.eyJ0b2tlbl90eXBlIjoicmVmcmVzaCIsImV4cCI6MTc3NTg5NzIyNiwiaWF0IjoxNzc1MjkyNDI2LCJqdGkiOiIwY2Q3YzFmMTFlNzA0OTY1OWQ4ZDIzNGVkZDM3MDI3NiIsInVzZXJfaWQiOjEsImVtYWlsIjoiYWRtaW5AZ21haWwuY29tIiwibmFtZSI6ImFkbWluIiwidXNlcl90eXBlIjoiQURNSU4ifQ.MQe3goVbS7yx9_eskEBmi6CEa2GzrVgtUqPdF-9Pa_k",
    "created_at": null,
    "expires_at": "2026-04-11T08:47:06Z"
  }
},
{
  "model": "token_blacklist.outstandingtoken",
  "pk": 170,
  "fields": {
    "user": null,
    "jti": "897b21ab54d44219a0f7afc7cd08ea1d",
    "token": "eyJhbGciOiJIUzI1NiIsInR5cCI6IkpXVCJ9.eyJ0b2tlbl90eXBlIjoicmVmcmVzaCIsImV4cCI6MTc3NTg5NzIyNiwiaWF0IjoxNzc1MjkyNDI2LCJqdGkiOiI4OTdiMjFhYjU0ZDQ0MjE5YTBmN2FmYzdjZDA4ZWExZCIsInVzZXJfaWQiOjEsImVtYWlsIjoiYWRtaW5AZ21haWwuY29tIiwibmFtZSI6ImFkbWluIiwidXNlcl90eXBlIjoiQURNSU4ifQ.Jih3FAKEKsUpoTpfH-Yds8-4ftBqwFOZXWsLcWgTYFo",
    "created_at": null,
    "expires_at": "2026-04-11T08:47:06Z"
  }
},
{
  "model": "token_blacklist.outstandingtoken",
  "pk": 171,
  "fields": {
    "user": null,
    "jti": "a2d172775d3641a994cba2b0f4c00e7c",
    "token": "eyJhbGciOiJIUzI1NiIsInR5cCI6IkpXVCJ9.eyJ0b2tlbl90eXBlIjoicmVmcmVzaCIsImV4cCI6MTc3NTg5NzIyNiwiaWF0IjoxNzc1MjkyNDI2LCJqdGkiOiJhMmQxNzI3NzVkMzY0MWE5OTRjYmEyYjBmNGMwMGU3YyIsInVzZXJfaWQiOjEsImVtYWlsIjoiYWRtaW5AZ21haWwuY29tIiwibmFtZSI6ImFkbWluIiwidXNlcl90eXBlIjoiQURNSU4ifQ.8km8mnsRKfIC7OLLf0PMNzfliCh96Jtz0xlNQlj86dM",
    "created_at": null,
    "expires_at": "2026-04-11T08:47:06Z"
  }
},
{
  "model": "token_blacklist.outstandingtoken",
  "pk": 172,
  "fields": {
    "user": null,
    "jti": "ce5316d5a9584d33baea54ac0612f048",
    "token": "eyJhbGciOiJIUzI1NiIsInR5cCI6IkpXVCJ9.eyJ0b2tlbl90eXBlIjoicmVmcmVzaCIsImV4cCI6MTc3NTg5NzIyNiwiaWF0IjoxNzc1MjkyNDI2LCJqdGkiOiJjZTUzMTZkNWE5NTg0ZDMzYmFlYTU0YWMwNjEyZjA0OCIsInVzZXJfaWQiOjEsImVtYWlsIjoiYWRtaW5AZ21haWwuY29tIiwibmFtZSI6ImFkbWluIiwidXNlcl90eXBlIjoiQURNSU4ifQ.8nlNd7bvI2TgqxKYVFnrMejctRLR9-26McTM3zT4aUs",
    "created_at": null,
    "expires_at": "2026-04-11T08:47:06Z"
  }
},
{
  "model": "token_blacklist.outstandingtoken",
  "pk": 173,
  "fields": {
    "user": null,
    "jti": "f7e7803c0a91425f89b9763e295b4ece",
    "token": "eyJhbGciOiJIUzI1NiIsInR5cCI6IkpXVCJ9.eyJ0b2tlbl90eXBlIjoicmVmcmVzaCIsImV4cCI6MTc3NTg5NzIyNiwiaWF0IjoxNzc1MjkyNDI2LCJqdGkiOiJmN2U3ODAzYzBhOTE0MjVmODliOTc2M2UyOTViNGVjZSIsInVzZXJfaWQiOjEsImVtYWlsIjoiYWRtaW5AZ21haWwuY29tIiwibmFtZSI6ImFkbWluIiwidXNlcl90eXBlIjoiQURNSU4ifQ.0YUeh_4N9NITrUYnUijAdadfJ1GoYt3DZxVmzXnsImA",
    "created_at": null,
    "expires_at": "2026-04-11T08:47:06Z"
  }
},
{
  "model": "token_blacklist.outstandingtoken",
  "pk": 174,
  "fields": {
    "user": null,
    "jti": "d8fffa26bb314a7a89e720089a3ddd28",
    "token": "eyJhbGciOiJIUzI1NiIsInR5cCI6IkpXVCJ9.eyJ0b2tlbl90eXBlIjoicmVmcmVzaCIsImV4cCI6MTc3NTg5NzIyNiwiaWF0IjoxNzc1MjkyNDI2LCJqdGkiOiJkOGZmZmEyNmJiMzE0YTdhODllNzIwMDg5YTNkZGQyOCIsInVzZXJfaWQiOjEsImVtYWlsIjoiYWRtaW5AZ21haWwuY29tIiwibmFtZSI6ImFkbWluIiwidXNlcl90eXBlIjoiQURNSU4ifQ.GmxRxfeQ30b8J5t-HP-hrwlOG2mPDeJXAA4notqewPg",
    "created_at": null,
    "expires_at": "2026-04-11T08:47:06Z"
  }
},
{
  "model": "token_blacklist.outstandingtoken",
  "pk": 175,
  "fields": {
    "user": null,
    "jti": "a87175082c6543af8ad073e2ce2efdd5",
    "token": "eyJhbGciOiJIUzI1NiIsInR5cCI6IkpXVCJ9.eyJ0b2tlbl90eXBlIjoicmVmcmVzaCIsImV4cCI6MTc3NTg5NzIyNiwiaWF0IjoxNzc1MjkyNDI2LCJqdGkiOiJhODcxNzUwODJjNjU0M2FmOGFkMDczZTJjZTJlZmRkNSIsInVzZXJfaWQiOjEsImVtYWlsIjoiYWRtaW5AZ21haWwuY29tIiwibmFtZSI6ImFkbWluIiwidXNlcl90eXBlIjoiQURNSU4ifQ.blYyvK1Q5SZXGIPlKGMJ3my3G98LC78CsSXxXK4NW7I",
    "created_at": null,
    "expires_at": "2026-04-11T08:47:06Z"
  }
},
{
  "model": "token_blacklist.outstandingtoken",
  "pk": 176,
  "fields": {
    "user": null,
    "jti": "f0759a26055f4a828691648706f2e785",
    "token": "eyJhbGciOiJIUzI1NiIsInR5cCI6IkpXVCJ9.eyJ0b2tlbl90eXBlIjoicmVmcmVzaCIsImV4cCI6MTc3NTg5NzIyNiwiaWF0IjoxNzc1MjkyNDI2LCJqdGkiOiJmMDc1OWEyNjA1NWY0YTgyODY5MTY0ODcwNmYyZTc4NSIsInVzZXJfaWQiOjEsImVtYWlsIjoiYWRtaW5AZ21haWwuY29tIiwibmFtZSI6ImFkbWluIiwidXNlcl90eXBlIjoiQURNSU4ifQ.aKLdq_qMVhBHcEFjK44PnkgOuBYwZ-d18WbTeW3SFSQ",
    "created_at": null,
    "expires_at": "2026-04-11T08:47:06Z"
  }
},
{
  "model": "token_blacklist.outstandingtoken",
  "pk": 177,
  "fields": {
    "user": null,
    "jti": "7aef3e394b714d4a82a85685326cbe48",
    "token": "eyJhbGciOiJIUzI1NiIsInR5cCI6IkpXVCJ9.eyJ0b2tlbl90eXBlIjoicmVmcmVzaCIsImV4cCI6MTc3NTg5NzIyNiwiaWF0IjoxNzc1MjkyNDI2LCJqdGkiOiI3YWVmM2UzOTRiNzE0ZDRhODJhODU2ODUzMjZjYmU0OCIsInVzZXJfaWQiOjEsImVtYWlsIjoiYWRtaW5AZ21haWwuY29tIiwibmFtZSI6ImFkbWluIiwidXNlcl90eXBlIjoiQURNSU4ifQ.BO2boJ6FiDTJyYy3YtLcUxOEbISrH4un00YyjG69sx4",
    "created_at": null,
    "expires_at": "2026-04-11T08:47:06Z"
  }
},
{
  "model": "token_blacklist.outstandingtoken",
  "pk": 178,
  "fields": {
    "user": null,
    "jti": "4d5c35ba62f5490a9dec219ee6144599",
    "token": "eyJhbGciOiJIUzI1NiIsInR5cCI6IkpXVCJ9.eyJ0b2tlbl90eXBlIjoicmVmcmVzaCIsImV4cCI6MTc3NTg5NzIyNywiaWF0IjoxNzc1MjkyNDI3LCJqdGkiOiI0ZDVjMzViYTYyZjU0OTBhOWRlYzIxOWVlNjE0NDU5OSIsInVzZXJfaWQiOjEsImVtYWlsIjoiYWRtaW5AZ21haWwuY29tIiwibmFtZSI6ImFkbWluIiwidXNlcl90eXBlIjoiQURNSU4ifQ.oa3H95bDFl-_I8O_3BgP6woDZor3wuAm6EnwzFz37Xs",
    "created_at": null,
    "expires_at": "2026-04-11T08:47:07Z"
  }
},
{
  "model": "token_blacklist.outstandingtoken",
  "pk": 179,
  "fields": {
    "user": null,
    "jti": "9990f4d334594f05ac1e6a016ab46653",
    "token": "eyJhbGciOiJIUzI1NiIsInR5cCI6IkpXVCJ9.eyJ0b2tlbl90eXBlIjoicmVmcmVzaCIsImV4cCI6MTc3NTg5MjI2MSwiaWF0IjoxNzc1Mjg3NDYxLCJqdGkiOiI5OTkwZjRkMzM0NTk0ZjA1YWMxZTZhMDE2YWI0NjY1MyIsInVzZXJfaWQiOjEsImVtYWlsIjoiYWRtaW5AZ21haWwuY29tIiwibmFtZSI6ImFkbWluIiwidXNlcl90eXBlIjoiQURNSU4ifQ.WMqQS4U7NwjBHFh84ICshkqHtrJwp5yoZDVgwnP4XTo",
    "created_at": null,
    "expires_at": "2026-04-11T07:24:21Z"
  }
},
{
  "model": "token_blacklist.outstandingtoken",
  "pk": 180,
  "fields": {
    "user": [
      "admin@gmail.com"
    ],
    "jti": "e5942d0a6b6b44988763c8a53d5bca3e",
    "token": "eyJhbGciOiJIUzI1NiIsInR5cCI6IkpXVCJ9.eyJ0b2tlbl90eXBlIjoicmVmcmVzaCIsImV4cCI6MTc3Njg3MDgyMSwiaWF0IjoxNzc2MjY2MDIxLCJqdGkiOiJlNTk0MmQwYTZiNmI0NDk4ODc2M2M4YTUzZDViY2EzZSIsInVzZXJfaWQiOjF9.ycDmhf6LDafA6OLQzqg8ovqdSezjmJ___6jW5ue59gs",
    "created_at": "2026-04-15T15:13:41.292Z",
    "expires_at": "2026-04-22T15:13:41Z"
  }
},
{
  "model": "token_blacklist.outstandingtoken",
  "pk": 181,
  "fields": {
    "user": [
      "admin@gmail.com"
    ],
    "jti": "74bb808047b945eb8bcd24a20b273fc1",
    "token": "eyJhbGciOiJIUzI1NiIsInR5cCI6IkpXVCJ9.eyJ0b2tlbl90eXBlIjoicmVmcmVzaCIsImV4cCI6MTc3Njg3MTcyNCwiaWF0IjoxNzc2MjY2OTI0LCJqdGkiOiI3NGJiODA4MDQ3Yjk0NWViOGJjZDI0YTIwYjI3M2ZjMSIsInVzZXJfaWQiOjF9.dQSC9QT0F8zI_vfcV6D6WA99unDnqed1yAgcH4aL1aU",
    "created_at": "2026-04-15T15:28:44.452Z",
    "expires_at": "2026-04-22T15:28:44Z"
  }
}
]
